,weight_%,amount_USD,Region,Country,Sector,ESG,exp_return_%
LLY.N,12.715,12715074.0,United States,United States,Healthcare,67.0,15.46
WMT.OQ,11.871,11871150.0,United States,United States,Consumer Defensive,77.2,13.03
ACLN.S,10.813,10812764.0,Europe,Switzerland,Industrials,54.7,16.01
ARGX.BR,8.487,8486541.0,Europe,Belgium,Healthcare,70.9,16.93
RHMG.DE,8.153,8153261.0,Europe,Germany,Industrials,87.3,15.79
PGR.N,6.704,6704107.0,United States,United States,Financial Services,69.4,13.95
PWR.N,5.958,5957518.0,United States,United States,Industrials,76.5,16.36
APH.N,4.74,4739914.0,United States,United States,Technology,77.6,15.42
COST.OQ,4.218,4217594.0,United States,United States,Consumer Defensive,75.1,13.34
GAW.L,3.564,3564463.0,Europe,United Kingdom,Consumer Cyclical,41.8,16.26
LTMC.MI,2.577,2576900.0,Europe,Italy,Consumer Cyclical,55.3,14.77
ZEG.L,2.111,2110905.0,Europe,United Kingdom,Communication Services,62.0,14.63
SDZ.S,1.073,1072680.0,Europe,Switzerland,Healthcare,74.4,13.35
NVDA.OQ,1.013,1012742.0,United States,United States,Technology,75.2,17.86
MSFT.OQ,1.002,1001867.0,United States,United States,Technology,87.5,14.38
BKWB.S,1.001,1000918.0,Europe,Switzerland,Utilities,58.0,12.83
CDNS.OQ,1.0,1000380.0,United States,United States,Technology,86.8,15.14
GALD.S,1.0,1000291.0,Europe,Switzerland,Healthcare,58.5,13.75
NEM.N,1.0,1000285.0,United States,United States,Basic Materials,87.4,11.09
SQN.S,1.0,1000174.0,Europe,Switzerland,Financial Services,56.8,15.48
RSG.N,1.0,1000171.0,United States,United States,Industrials,76.0,12.73
AAPL.OQ,1.0,1000091.0,United States,United States,Technology,72.0,14.6
GOOG.OQ,1.0,1000048.0,United States,United States,Communication Services,79.1,13.68
BEAN.S,1.0,1000040.0,Europe,Switzerland,Industrials,58.6,13.39
GOOGL.OQ,1.0,1000034.0,United States,United States,Communication Services,79.1,13.54
WM.N,1.0,1000023.0,United States,United States,Industrials,79.7,11.68
HRMS.PA,1.0,1000021.0,Europe,France,Consumer Cyclical,55.8,13.67
AVGO.OQ,1.0,1000020.0,United States,United States,Technology,75.8,15.16
TT.N,1.0,1000014.0,United States,United States,Industrials,72.3,14.48
AJG.N,1.0,1000011.0,United States,United States,Financial Services,57.9,13.68
