book,rebalance,next,expected_%,realised_%
minvar,2018-04-02,2018-07-02,12.23307983220151,3.5982173712599153
minvar,2018-07-02,2018-10-01,12.26889905977792,113.16365720313462
minvar,2018-10-01,2018-12-31,13.031618418908334,-18.064151544890827
minvar,2018-12-31,2019-04-01,8.626953960678712,39.53058184818947
minvar,2019-04-01,2019-07-01,8.793373399734627,26.690649763774598
minvar,2019-07-01,2019-09-30,8.779156525886709,13.25351408347657
minvar,2019-09-30,2019-12-31,10.018483722222586,29.553908179720302
minvar,2019-12-31,2020-03-31,11.245534712034178,-50.94606036707281
minvar,2020-03-31,2020-06-30,6.378757110530797,55.260264867251905
minvar,2020-06-30,2020-09-30,9.507491347193332,30.130250704863148
minvar,2020-09-30,2020-12-31,12.20918580541005,16.75569803706052
minvar,2020-12-31,2021-03-31,10.882487485998531,-6.490146587692125
minvar,2021-03-31,2021-06-30,11.36928501725741,25.60950354014977
minvar,2021-06-30,2021-09-30,12.019363745118072,-2.405083154759202
minvar,2021-09-30,2021-12-31,10.36547384528103,33.12835860949919
minvar,2021-12-31,2022-03-31,13.991149499591693,-14.3822910527585
minvar,2022-03-31,2022-06-30,11.397857231495006,-34.68531299959734
minvar,2022-06-30,2022-09-30,7.781212538653111,-33.02529297375575
minvar,2022-09-30,2023-01-02,4.245216447784922,59.19814053621377
minvar,2023-01-02,2023-03-31,5.944675899827974,9.553885650061677
minvar,2023-03-31,2023-06-30,8.139906895451652,6.404472242835779
minvar,2023-06-30,2023-10-02,7.143597616012181,-16.65481527688487
minvar,2023-10-02,2024-01-01,5.2563672920734845,31.373962680552946
minvar,2024-01-01,2024-04-01,6.285832010589092,16.623138091666334
minvar,2024-04-01,2024-07-01,8.170344255719225,-2.0902103193712995
minvar,2024-07-01,2024-09-30,7.041516459839476,46.88854561809108
minvar,2024-09-30,2024-12-31,11.237879634116329,-18.546764173406636
minvar,2024-12-31,2025-03-31,7.866422275815718,42.280648401071
minvar,2025-03-31,2025-06-30,9.44174862289368,40.237689938299724
minvar,2025-06-30,2025-09-30,12.458575429391194,20.152377028097046
minvar,2025-09-30,2025-12-31,17.935095130531835,20.659528035625875
mandate20,2018-04-02,2018-07-02,45.85267044652407,43.21819912361933
mandate20,2018-07-02,2018-10-01,47.50227743238222,25.274620125859148
mandate20,2018-10-01,2018-12-31,54.95054018491656,-62.138253484753434
mandate20,2018-12-31,2019-04-01,45.13794108976005,105.06661778444561
mandate20,2019-04-01,2019-07-01,50.0319156711576,33.36679009701808
mandate20,2019-07-01,2019-09-30,48.75922854409031,-11.422694018904355
mandate20,2019-09-30,2019-12-31,42.90970157168388,46.764931036734694
mandate20,2019-12-31,2020-03-31,46.00030152382726,-33.23099286944979
mandate20,2020-03-31,2020-06-30,40.40918255793829,252.11212726874925
mandate20,2020-06-30,2020-09-30,46.293557573662,64.33310303955675
mandate20,2020-09-30,2020-12-31,50.031552324877424,52.626445160404515
mandate20,2020-12-31,2021-03-31,50.169590799018,-10.924741823318396
mandate20,2021-03-31,2021-06-30,49.6694196745196,61.29665095800776
mandate20,2021-06-30,2021-09-30,50.721627687950985,3.7272850136464974
mandate20,2021-09-30,2021-12-31,48.946047849487975,20.194322894625884
mandate20,2021-12-31,2022-03-31,61.02830274475617,-45.23456133650517
mandate20,2022-03-31,2022-06-30,52.170218907659496,-67.76081630865043
mandate20,2022-06-30,2022-09-30,44.92786302228519,-15.320574576150914
mandate20,2022-09-30,2023-01-02,41.31058675402372,24.00397370191523
mandate20,2023-01-02,2023-03-31,35.85088657233316,9.734637677799052
mandate20,2023-03-31,2023-06-30,48.2082304034136,18.877410908755788
mandate20,2023-06-30,2023-10-02,39.26450068745915,5.269130225262497
mandate20,2023-10-02,2024-01-01,45.410088794689976,26.623688740538086
mandate20,2024-01-01,2024-04-01,36.12802040963044,193.06629304449365
mandate20,2024-04-01,2024-07-01,45.14534885908429,14.444535961342897
mandate20,2024-07-01,2024-09-30,43.97871209416701,8.086258906469723
mandate20,2024-09-30,2024-12-31,42.29917300233693,1.1625188814676335
mandate20,2024-12-31,2025-03-31,40.15735571790581,71.36312465920585
mandate20,2025-03-31,2025-06-30,45.58367228070505,104.23681993487892
mandate20,2025-06-30,2025-09-30,57.62374017156008,15.799487957570824
mandate20,2025-09-30,2025-12-31,68.85877902162743,23.113546101517436
mandate10,2018-04-02,2018-07-02,51.58425260026728,53.632560166278886
mandate10,2018-07-02,2018-10-01,53.440062736298025,27.986293716596332
mandate10,2018-10-01,2018-12-31,61.81935754739498,-67.28820318347913
mandate10,2018-12-31,2019-04-01,50.78018639173215,120.00988622168332
mandate10,2019-04-01,2019-07-01,56.28590510613692,34.17770570243719
mandate10,2019-07-01,2019-09-30,54.85413222790032,-20.512736815432277
mandate10,2019-09-30,2019-12-31,48.27341600578856,73.7857795168637
mandate10,2019-12-31,2020-03-31,51.75033924492016,-40.33728068087866
mandate10,2020-03-31,2020-06-30,45.46033032895337,305.16516185039063
mandate10,2020-06-30,2020-09-30,52.08025338590176,60.74788942748452
mandate10,2020-09-30,2020-12-31,56.28549622891524,70.47134715186117
mandate10,2020-12-31,2021-03-31,56.44078960200864,5.762898340496503
mandate10,2021-03-31,2021-06-30,55.878097162171095,62.15991391631688
mandate10,2021-06-30,2021-09-30,57.06183115778135,12.07950786726608
mandate10,2021-09-30,2021-12-31,55.06430310640313,28.532080068760955
mandate10,2021-12-31,2022-03-31,68.65684170211132,-49.78781831349972
mandate10,2022-03-31,2022-06-30,58.69149624722243,-71.07598774962366
mandate10,2022-06-30,2022-09-30,50.54384532128719,-12.466959028225888
mandate10,2022-09-30,2023-01-02,46.47440975409102,18.34394314406289
mandate10,2023-01-02,2023-03-31,40.33224739553561,3.2233095770314746
mandate10,2023-03-31,2023-06-30,54.23425927714429,24.106918261068834
mandate10,2023-06-30,2023-10-02,44.17256301942941,10.064235726778703
mandate10,2023-10-02,2024-01-01,51.08634984925341,20.528007392525204
mandate10,2024-01-01,2024-04-01,40.64402233755011,329.51504862270224
mandate10,2024-04-01,2024-07-01,50.78851698443222,9.94583760133061
mandate10,2024-07-01,2024-09-30,49.47605035932814,4.386997104017154
mandate10,2024-09-30,2024-12-31,47.58656963681807,3.30466506604965
mandate10,2024-12-31,2025-03-31,45.17702515978447,78.71052582608007
mandate10,2025-03-31,2025-06-30,51.28163038757904,148.98622407348338
mandate10,2025-06-30,2025-09-30,64.82670792247221,30.127055795833723
mandate10,2025-09-30,2025-12-31,77.46612789770815,20.9045437171514
