Stock,expected_return
FER.MC,0.1008379514454566
CARLb.CO,0.0556098298848353
ULVR.L,0.0505022933386373
INVEb.ST,0.1067437366701261
LAGRb.ST,0.1157030406333237
STERV.HE,0.0605359470414665
EPIRa.ST,0.0869893907850857
VIS.MC,0.0417165173108088
PHG.AS,0.0526400654094943
BEIJb.ST,0.1117146111021133
ALLFG.AS,0.0492132788927147
IPN.PA,0.0763496648010043
SCHP.S,0.0782955678715881
SQN.S,0.1548052577162877
DAST.PA,0.0672734984135045
GEBN.S,0.0795552146947028
SKFb.ST,0.0668803725782012
TLXGn.DE,0.1099911747606414
DHER.DE,0.0632992024750657
GBLB.BR,0.0341739427585136
GALE.S,0.1026972466183372
FRES.L,0.0961394681825958
AIXGn.DE,0.0931187892622517
VOD.L,-0.0012902469018572
ZEG.L,0.1462679939746059
SATG_p.DE,0.0979650199042526
AZMT.MI,0.0680879535182145
MNG.L,0.0732859820576024
MICP.PA,0.0561967039277079
PRY.MI,0.1063756487081591
ORSTED.CO,0.0512382008540721
BAYGn.DE,0.0066745645175625
BAB.L,0.0563694764981183
RENA.PA,0.0309102338027867
HSX.L,0.0551592529508171
HMb.ST,0.0333708601066376
GETIb.ST,0.0549050471187255
TRN.MI,0.0736364551873566
CWK.L,0.0806895963815876
LDOF.MI,0.0972853430298277
SIKA.S,0.0980362934927345
SOON.S,0.074350154506397
ALEP.WA,0.0469449241401698
RAAG.DE,0.0674153115986886
BRBY.L,0.0517252313720442
TEMN.S,0.0742082276561132
STDM.PA,0.0948887773949988
SRP.L,0.0854758954399501
MAERSKb.CO,0.0768125588631655
VATN.S,0.0585300353853637
VLLP.PA,0.0420615941094251
KNIN.S,0.0600419629823972
MRL.MC,0.0494360101597091
BT.L,0.0106750453402472
RKT.L,0.0276646214333573
VACN.S,0.1288803501694101
SSE.L,0.0534110255300168
BEAN.S,0.1338633896205313
LGEN.L,0.0465827162768605
SGE.L,0.0634002083273121
EDPR.LS,0.0695136745337212
LOGN.S,0.1192561526291557
BTRW.L,0.0397200034825063
LAND.L,0.0173738960177913
IMB.L,0.0249459798944464
QLT.L,0.0670612064023765
ADYEN.AS,0.0903820587562598
GF.S,0.0730740670480486
KGH.WA,0.0995247492966598
YAR.OL,0.0448527814287668
ADP.PA,0.0515450269362338
QQ.L,0.0616105048316266
SAF.PA,0.1082527498369971
ACS.MC,0.1117375379025729
INF.L,0.0596616868714928
SAPG.DE,0.0937965768404897
TCAPI.L,0.0429384395195429
HWDN.L,0.0621284395076911
SAMPO.HE,0.0527123617945399
ARGX.BR,0.1693231617070336
IMI.L,0.0851688430201543
SAABb.ST,0.1216561767990009
NAFG.DE,0.0866812697020118
INVP.L,0.0644541050957249
RYA.I,0.0770239665326768
SFZN.S,0.1132436148725447
SALM.OL,0.0932889593847647
CARR.PA,0.015702022785155
RBIV.VI,0.0881872219877086
HNKG_p.DE,0.0130910046058579
FPE3_p.DE,0.0388467267247998
LIFCOb.ST,0.1230602379750001
SAVE.ST,0.0948873644824372
ATCOa.ST,0.1023304838457159
ERST.VI,0.0987808071247546
BCU.MI,0.1161465431490251
VALMT.HE,0.095001256194467
ENEI.MI,0.083229937708738
FNTGn.DE,0.0413331490711395
INCH.L,0.0420900348349495
ORK.OL,0.0533504395666396
PRX.AS,0.0788692248467911
AKZO.AS,0.0457584303858379
SB1NO.OL,0.1060925658955186
AAF.L,0.1077243070848736
PZU.WA,0.0767901632392354
RWEG.DE,0.1054782864651801
KSP.I,0.0914181178498253
LATOb.ST,0.0855360150821081
SGEF.PA,0.0774838651072025
BGN.MI,0.0763059641371862
AAK.ST,0.0800536937511734
PKN.WA,0.065914531787539
WIHL.ST,0.0734118481388176
ENX.PA,0.0956447440407141
TW.L,0.0350375770046096
ALVG.DE,0.0856354646897675
TPRO.MI,0.0914256891950591
DHLn.DE,0.072031675067291
SHLG.DE,0.064128260828971
LHAG.DE,0.0503090825364723
PAFR.L,0.1131645877681618
DTGGe.DE,0.0761476097695641
LSEG.L,0.0911461004876799
TENR.MI,0.0689473395460327
PKO.WA,0.0923900344404626
DRX.L,0.0891397620338643
SMIN.L,0.0791962603904753
QIA.DE,0.0641759666980808
MT.AS,0.0966736483778016
AM.PA,0.0845461804738464
RBREW.CO,0.0780015644859769
NEXS.PA,0.0965343178635341
TKAG.DE,0.0552780600724003
BARN.S,0.0578431677325829
AENA.MC,0.0824034036405887
ITV.L,0.0191438813620177
BAMI.MI,0.0688843014080843
RACE.MI,0.1326949439140164
TUB.BR,0.0966688679487166
EZJ.L,0.0354214709003421
III.L,0.1185749800940884
LUNDb.ST,0.0728591715881625
ERICb.ST,0.0496520540774604
NEKG.DE,0.1117053334220981
MAP.MC,0.0732914804647223
CLNX.MC,0.0788770843179529
CTEC.L,0.0580366430224412
ROPC.S,0.0537458820044498
PSON.L,0.0580959305019474
IBE.MC,0.1160274923842612
SEBa.ST,0.0736020879696392
LEGn.DE,0.0379403475765802
BMWG.DE,0.0459297978031673
SJP.L,0.0591116665884805
GAW.L,0.1625776819644316
SY1G.DE,0.0455353068211098
ABNd.AS,0.0661870501771292
PNN.L,0.0259478757978872
EVOG.ST,0.1155142384970085
OMVV.VI,0.0739441042227361
NTGY.MC,0.0579535318612876
NOVN.S,0.0675708905081869
UMG.AS,0.0566390618718442
PST.MI,0.095496634365831
GALP.LS,0.062196973830242
VWS.CO,0.074834287032505
PERP.PA,0.0184228124810972
VAR.OL,0.0690110940310426
BLND.L,0.0199321827957683
P911_p.DE,0.0430277075872741
MNDI.L,0.0282377951629652
BAER.S,0.0647872919681379
EUFI.PA,0.07605556220114
PRU.L,0.0459116415850329
VERB.VI,0.1126472630817416
NDAFI.HE,0.066386107017245
PEO.WA,0.067288035886465
EVKn.DE,0.0075084181530251
CMBN.S,0.0711597676655928
ACCP.PA,0.0583864555144519
ORNBV.HE,0.0767722354397957
BBOXT.L,0.0455161271612605
SUBC.OL,0.0849767125505903
SBMO.AS,0.0791026158730383
ADDTb.ST,0.1247006851319118
AKE.PA,0.0400590506610677
WRT1V.HE,0.0801267089633253
EBP.WA,0.0767304402567524
HAGG.DE,0.1160581808226255
GRLS.MC,0.0380390937031095
G24n.DE,0.0889454506963528
FRAG.DE,0.0589755638371813
FREG.DE,0.0335988691253379
EDP.LS,0.0525278062244546
TRYG.CO,0.0632515605725381
NOVOb.CO,0.0690696890897384
DPLM.L,0.1204580631315268
BAVA.CO,0.0582723772451246
AOO.BR,0.0540758394146012
IGG.L,0.0634464311897014
AD.AS,0.0695889861547722
TLIT.MI,0.0332166170400392
AMBUb.CO,0.0790803842116008
HIK.L,0.0289470849440596
CAPP.PA,0.0694275644151157
BGEO.L,0.1104409590016138
BIRG.I,0.0726714283027933
DCC.L,0.02722888899714
KNEBV.HE,0.0629486455315579
DLN.L,0.0151810630120904
WTB.L,0.0334337451283985
GL9.I,0.0432687581797661
TE.PA,0.0979487836246304
NN.AS,0.0772924786957704
ROCKb.CO,0.0822932005181233
UPM.HE,0.0619367177518984
BKT.MC,0.0927407125317271
AKRBP.OL,0.0942358328630553
MONC.MI,0.1052135283301811
ADEN.S,0.0110163122800518
SYENS.BR,0.0544250521154376
EONGn.DE,0.0780816866089438
LISP.S,0.0805973702645292
WEIR.L,0.0833368553725005
ACKB.BR,0.0674337467752012
VNAn.DE,0.0436331897420483
MTO.L,0.0557165996268896
EDEN.PA,0.0532269477567715
HOTG.DE,0.1024298603216208
BAES.L,0.0944934787412778
ENAG.MC,0.0014051216467964
VEND.OL,0.062519903847727
BIOX.PA,0.0943187183029368
NKT.CO,0.1081824782145269
SDR.L,0.0332821430247054
TRELb.ST,0.0775865605085897
BWY.L,0.0487395280145382
INGA.AS,0.0760442249434211
NEXII.MI,0.0375735958119752
BAKKA.OL,0.0698329739995638
HRA.MI,0.0671703954984871
BCVN.S,0.0705737753656755
BMPS.MI,0.0208933683353364
STB.OL,0.1032539109645356
BOUY.PA,0.0539070130908474
AXAF.PA,0.0673552457057017
TEGG.DE,0.0582703847877156
HOLN.S,0.1039565689982311
GASI.MI,0.0793747986977369
UU.L,0.0454267843476658
ACPP.WA,0.1048615228943244
MWDP.PA,0.0313743605319507
A2.MI,0.072933643508927
ZELA.CO,0.0870103619128956
REDE.MC,0.0212163585116082
TEPRF.PA,0.0487264257411504
STMMI.MI,0.0943042942156272
EQNR.OL,0.0682942206998903
VLOF.PA,0.0258064676977416
ALKb.CO,0.1092530196771824
SECUb.ST,0.0522812596567115
EMG.L,0.0538630677924448
EXHO.PA,0.0329805379054053
SSABb.ST,0.0993055283075452
AZN.L,0.0881339359298794
BKGH.L,0.0466340499455835
ICGIN.L,0.0866754267458371
AUTOA.L,0.0533459698479411
RMV.L,0.0522889812803154
VZN.S,0.0954481028330376
PUIGb.MC,0.0485108900051364
IETB.BR,0.1235483312282925
IMCD.AS,0.0826209805874163
SWEDa.ST,0.0633610580622319
SCHN.PA,0.1122319042502817
KPN.AS,0.049290725655877
WBSV.VI,0.0736234599826613
TEL2b.ST,0.0751296243141471
WLSNc.AS,0.0966952897291216
BP.L,0.0514524970766363
LLOY.L,0.0578808536605709
ARDS.AS,0.0760138820079456
SFSN.S,0.0714030339627289
CCH.L,0.0844731156286558
ESSITYb.ST,0.0395302448958903
MOWI.OL,0.0687920145518789
SAN.MC,0.0838435716893472
HLMA.L,0.1028272396495923
SIEGn.DE,0.09382059465906
THULE.ST,0.0732813730634507
KEMIRA.HE,0.0721804411987409
HUH1V.HE,0.0382700416050375
DNP.WA,0.1375949326739353
ABBN.S,0.1125857727865005
AG1G.DE,0.0597625794101814
UNPI.MI,0.1049270548706984
BAWG.VI,0.0984340381009327
RS1R.L,0.0808644118541381
BC8G.DE,0.0922915749625589
ENR1n.DE,0.105852336776586
RHMG.DE,0.1579153845238995
AIRP.PA,0.0849495274064341
GETP.PA,0.0590135824709944
HEIO.AS,0.0300801813285721
ROR.L,0.0654335232478459
FHZN.S,0.0751175755550146
DTEGn.DE,0.0650727009893345
STAN.L,0.0879317412041334
RR.L,0.0990360353231942
ADSGn.DE,0.0749665489803932
MYCR.ST,0.1025494055122773
SASY.PA,0.0412665006896502
SIGNC.S,0.0575517554399601
FOUG.PA,0.0780919518282416
UBSG.S,0.0811274324891415
STLAM.MI,0.0699395400733873
RAND.AS,0.0260283426304915
NOD.OL,0.0825808914721204
MKS.L,0.0439756660426202
JMAT.L,0.0364066728169065
ENT.L,0.0690200533584151
ASRNL.AS,0.0963972990460038
PSPN.S,0.0725072914282018
BMEB.L,0.0388807094399947
UTG.L,0.0337345110083754
SABE.MC,0.0798544489956302
IFXGn.DE,0.0880593412072939
CAGR.PA,0.0687739531410857
TELIA.ST,0.0282206078378031
PRTP.PA,0.0782061652757354
RECI.MI,0.0771653642622366
BATS.L,0.037913321042021
SDFGn.DE,0.0386881721686237
ANA.MC,0.083850329686133
ASSAb.ST,0.0694894608678378
ITRK.L,0.0590720221319247
NIBEb.ST,0.0739334816754077
HBANC.S,0.0803451132530427
FRO.OL,0.0709822206127922
SCOR.PA,0.0474111756196451
BALF.L,0.0812643488119408
JMT.LS,0.0686891245959833
SUN.S,0.096256954970177
KCRA.HE,0.1018902311947348
UNI.MC,0.0858942821531546
KOG.OL,0.1306408304014382
ALLN.S,0.0674678395113721
ELI.BR,0.0919882692141842
HNRGn.DE,0.0882226842620304
CNA.L,0.0390731948967365
DSV.CO,0.1233446075087686
DB1Gn.DE,0.0935467566199333
BVI.PA,0.060105557602287
EQTAB.ST,0.1008128580419513
IG.MI,0.0925761686379136
TTEF.PA,0.0590175902045052
MBGn.DE,0.047723395501883
FBK.MI,0.0911896663324042
SAGAb.ST,0.1063261412728282
MTXGn.DE,0.1016383153641322
ALSYDB.CO,0.0871884856784014
SBNOR.OL,0.1157915563519216
SOGN.PA,0.071248319679048
ACLN.S,0.1600671387504632
DBKGn.DE,0.0721792715171233
NWG.L,0.0771788784624664
SAND.ST,0.100541569069064
NDXG.DE,0.0637922046799761
INWT.MI,0.0689161769352203
SRENH.S,0.0642227517620088
RILBA.CO,0.1263873346348022
JYSK.CO,0.0910527176372963
LOTB.BR,0.1157450845802189
AALB.AS,0.0454728344375995
NOKIA.HE,0.0479099394341282
KBCA.BR,0.0746160239894375
BNRGn.DE,0.04583744306271
AMA.MC,0.0665205396938087
BZU.MI,0.0955411488325413
BEZG.L,0.0758347126932311
AAL.L,0.112929898384592
BOLL.PA,0.048281032148201
AVANZ.ST,0.099815754844225
RTO.L,0.0839408758660208
ABVX.PA,0.0899071993152444
BYG.L,0.0516604469968919
NSISb.CO,0.0539950999050687
ANTO.L,0.1079818986115314
MBK.WA,0.091451350730486
RXL.PA,0.091274598252362
ASML.AS,0.1383550474882117
BOL.ST,0.0950166779754443
CPG.L,0.0689541729597559
DSFIR.AS,0.0256837701899424
HSBA.L,0.0739191722497473
BPTB.L,0.0564520848749747
BNZL.L,0.0377582736743834
REY.MI,0.0994404224056991
VOWG_p.DE,0.0429775230694751
LOIM.PA,0.0515388607795062
DEMANT.CO,0.0700877711021707
PSN.L,0.0403853791375571
EMSN.S,0.0579510428108899
GFCP.PA,0.030120931170069
UCB.BR,0.0928180252886681
NESTE.HE,0.0791998577037682
SDZ.S,0.1335423704622319
KBX.DE,0.0590497010899872
METSO.HE,0.0969247363629135
AIR.PA,0.0939034264961059
MRCG.DE,0.0585047039310382
CRDI.MI,0.0862931108029268
LEGD.PA,0.0865152260955056
G1AG.DE,0.0666947173714479
WISEa.L,0.0671054550883449
NHY.OL,0.0762703787970456
SPSN.S,0.0714883478248124
TPE.WA,0.088700837566652
SHCS.L,0.0086324369971733
RUBF.PA,0.045047953698326
NESN.S,0.043141151555817
PNDORA.CO,0.0528108210765797
IVG.MI,0.0891867436791108
GLEN.L,0.0964969602893726
GBFG.DE,0.084070310837688
CONG.DE,0.0259040045406805
BUCN.S,0.0739502853300182
SOPR.PA,0.0661697635081
SPMI.MI,0.0347651190017727
ZALG.DE,0.0506154594011098
HIAB.HE,0.0840663741655445
SKAb.ST,0.0589782693354145
AYV.PA,0.0520892474995049
ZURN.S,0.0939858654779406
MUVGn.DE,0.0971141037863062
SRG.MI,0.0581596956736426
ABI.BR,0.0134587527178983
LVMH.PA,0.1116143321180259
WDPP.BR,0.0744634978982224
PSHG_p.DE,0.043728202004837
COLOb.CO,0.0413177019353794
AGES.BR,0.0603167752855334
HOLMb.ST,0.0834047063598173
JD.L,0.0738461733663804
CAMX.ST,0.1119645541010709
GMAB.CO,0.0808527051002544
SPIE.PA,0.0918015262734041
GTT.PA,0.1024418559052093
ANDR.VI,0.0640335293514517
VIE.PA,0.0603776134165134
CFR.S,0.0903001534876583
SPX.L,0.0706139747440081
EXPN.L,0.0845789903700604
ISS.CO,0.0460097363505719
ELIS.PA,0.0714420324785137
ESLX.PA,0.0845501195398255
SCYR.MC,0.0912995269746296
CRDA.L,0.0290523688046571
KGX.DE,0.0696277552655405
HEIG.DE,0.0927391558289177
FMEG.DE,0.0196171933066113
CDR.WA,0.1209170457546248
KYGa.I,0.0400260681865293
INGP.WA,0.090850855992971
AXFO.ST,0.0677842506005601
TBCG.L,0.0966641192101077
TSCO.L,0.0873654545037667
HEXAb.ST,0.0784682552459367
KESKOB.HE,0.0850895600374925
MRON.L,0.0963813198668999
PHP.L,0.0238211057094169
BNPP.PA,0.0678176301996367
DNB.OL,0.0786546711229213
HOCM.L,0.1036197366489126
ELISA.HE,0.0414109267760111
IDR.MC,0.1139693982012246
DANO.PA,0.0472172118383327
AV.L,0.0531760286100447
SGOB.PA,0.080629010447581
CPRI.MI,0.0608012667484138
ENGIE.PA,0.0613457768342317
NXT.L,0.0719119452638907
FLS.CO,0.0749263872926459
TEL.OL,0.0303636637487559
SCMN.S,0.0484376504484924
ZAB.WA,0.0828131363234845
ALCC.S,0.0661653213095338
GIVN.S,0.0764710760933452
UMI.BR,0.0519479069879603
TCFP.PA,0.0999337666691186
SBRY.L,0.0515479264901244
DKSH.S,0.0422576597742054
OREP.PA,0.0852539724412689
ITX.MC,0.0713500329251648
BBVA.MC,0.092861789140214
SGRO.L,0.062719571923672
BFT.WA,0.1166784158849328
SHBa.ST,0.0484056823448831
WALLb.ST,0.0511008459514023
NG.L,0.0435115330333954
R3NK.DE,0.0953267455670704
PLUSP.L,0.1190311276607304
TOM.OL,0.0818089786757724
DLG.MI,0.0627409576551085
IHG.L,0.096960289662293
AMUN.PA,0.0697626348460523
ALSO.PA,0.0609418450914786
LOOMIS.ST,0.0610031466935238
CVC.AS,0.068517725612543
EMII.MI,0.0827109172104924
EXOR.AS,0.0745994292892532
GSK.L,0.0435930078096036
LONN.S,0.1088637499572636
PUBP.PA,0.0667520356731414
VOLVb.ST,0.0976371600065482
REL.L,0.0796688364157679
CVO.PA,0.0352607594897011
INDUc.ST,0.0863191464014167
ABDN.L,0.0287578686202821
LTMC.MI,0.1476868373930895
SOBIV.ST,0.080609008365908
CABK.MC,0.0950136407610386
LIGHT.AS,0.051644321730609
URW.PA,0.0310219006381258
INPST.AS,0.0532172125565831
ABF.L,0.0240338185111835
ADML.L,0.077208645370605
VID.MC,0.0959375295733116
VOPA.AS,0.0413188751994372
WPP.L,-0.0085067645111176
LMPL.L,0.0436802673841648
FTKn.DE,0.1076540578488774
CBKG.DE,0.0943349706843471
SVT.L,0.0445203541473046
DIOR.PA,0.1072084508622045
SECTb.ST,0.1258365909660843
ICAG.L,0.0587791496574823
GJFG.OL,0.0705770360162947
EVDG.DE,0.0797116260203304
ENI.MI,0.0527968036564101
BEIG.DE,0.0414356571006963
DANSKE.CO,0.070576750592839
HRMS.PA,0.1366574553075283
DGE.L,0.0208733041926543
ALFA.ST,0.0869808147218531
AEGN.AS,0.0621277661337485
MANTA.HE,0.1215343829553316
SUNN.S,0.0823530935292774
BASFn.DE,0.0259076109275116
RIO.L,0.0901940938282966
LPPP.WA,0.0930406459011437
SN.L,0.0373392254405785
ITPG.MI,0.0959356124099504
FDJU.PA,0.0575464786389522
SDLF.L,0.0406761477368309
REP.MC,0.077040648213375
CAST.ST,0.0517978624012683
SWECb.ST,0.0930766177850121
MOBN.S,0.0782019465338166
SGSN.S,0.0538520550600123
BCP.LS,0.0689925899603941
TEF.MC,0.0037278147561718
BKWB.S,0.1283031704712417
KBC.BR,0.0758842946512403
VOES.VI,0.0618087311141722
SHEL.AS,0.06468044805198
SOF.BR,0.085640138758914
BALDb.ST,0.071655183498384
BESI.AS,0.127250881705712
ASMI.AS,0.1358456322448162
ELE.MC,0.066197904137496
ORAN.PA,0.0293173151943464
PIRC.MI,0.0484512060233432
GALD.S,0.1374848709351168
SCAb.ST,0.0841469328109793
BMED.MI,0.088625634862227
AIBG.I,0.0706365927439914
HEIN.AS,0.0308327789289367
KGF.L,0.0443508362661884
HLN.L,0.0818982262553511
PUMG.DE,0.0607119740194596
HUBN.S,0.1044050265625715
ISP.MI,0.0757665959308697
PGHN.S,0.0981768417845186
UHR.S,0.0226318037751324
BARC.L,0.0747559525898216
AVOL.S,0.0417149059274419
TUI1n.DE,0.0276165884349293
STMN.S,0.0994220752459535
INDT.ST,0.1018190010746636
SLHN.S,0.1144686100786399
FORTUM.HE,0.0611519993266049
KLAC.OQ,0.1399657588271209
AME.N,0.1065494079451891
DUK.N,0.0595066104803906
CME.OQ,0.0996310771510697
FDX.N,0.0731557982240872
PG.N,0.064393182521391
IR.N,0.1027540526570639
ACN.N,0.0853148511716549
FDS.N,0.0672874837299779
DASH.OQ,0.0747372722773439
BAX.N,0.0110280952999607
ODFL.OQ,0.1278322976636683
XYL.N,0.1028601076977925
ADSK.OQ,0.1048195132072412
SW.N,0.0662341005530597
OMC.N,0.044409479600037
UHS.N,0.0711607262493242
ERIE.OQ,0.091950849173384
CLX.N,0.0229099723277884
DLTR.OQ,0.0673012663029784
CFG.N,0.0785864879824383
TTD.OQ,0.102054597482388
DHI.N,0.102776617838942
EXPE.OQ,0.0792388546843075
EXE.OQ,0.1007901651502126
CIEN.N,0.1233346391677231
ELV.N,0.08341501200384
WY.N,0.0411526098283393
CMS.N,0.0696385767342447
CVS.N,0.0331235518793012
SPG.N,0.0509323197976726
MCHP.OQ,0.0845105434554054
GEHC.OQ,0.0825708273484194
UAL.OQ,0.0760238947686398
BG.N,0.0569665396284649
CCI.N,0.0391083941776563
WEC.N,0.0734104949654736
STLD.OQ,0.122674977165237
FCX.N,0.1029498764677513
FSLR.OQ,0.0910850729805305
EW.N,0.0924206838317495
MDT.N,0.0462472072967318
ALGN.OQ,0.0800713057151427
WST.N,0.1037454383807214
V.N,0.1152603121683932
HPE.N,0.0852856160506685
INTC.OQ,0.0571800662804891
SYF.N,0.0848005286498955
MRNA.OQ,0.0776715826450759
LNT.OQ,0.0740436700787384
NOW.N,0.1196919926755199
TKO.N,0.134911224825922
DE.N,0.1213772498495381
CRWD.OQ,0.1087103238579904
LHX.N,0.0992886423392506
TROW.OQ,0.0600978310232583
GPC.N,0.0576877186157485
NVR.N,0.1059933557508577
LVS.N,0.0661010013759465
DECK.N,0.1276823376047708
PLD.N,0.0919306602073561
APP.OQ,0.1016898795369185
URI.N,0.1226378772483248
NI.N,0.0759503940658746
NTRS.OQ,0.071609507618617
NOC.N,0.0938724766497378
VRT.N,0.1214430126795501
MS.N,0.1150944009497834
YUM.N,0.0924770847850671
RMD.N,0.1065218247197199
SYK.N,0.1044216407776805
CL.N,0.0381593377154591
SO.N,0.0677626392225713
GS.N,0.1121424601272407
SLB.N,0.0377461693927669
BA.N,0.0675115197681531
HST.OQ,0.0561854022762831
CBRE.N,0.1064590094627402
IBKR.OQ,0.1155850811160211
IFF.N,0.0201042261950597
CHD.N,0.0710830134364603
SHW.N,0.1034641000160045
BLK.N,0.0942470982809882
HON.OQ,0.0748874680617798
GPN.N,0.0558007025462011
ADP.OQ,0.0945865564311703
AMT.N,0.0679501719623473
GLW.N,0.1104178973624803
AWK.N,0.0770697754434328
PNW.N,0.0512233308385503
PGR.N,0.1394951075553204
BRKb.N,0.1116957538376248
LUV.N,0.0503990880026224
IVZ.N,0.0471229805402034
CTAS.OQ,0.1415719526038811
PODD.OQ,0.1122717491598192
ABBV.N,0.1050306177616126
REG.OQ,0.0443173331120836
HUM.N,0.0618799894315022
GE.N,0.0758865133536021
GD.N,0.0834783670373106
MSI.N,0.1256566463080025
PWR.N,0.1636138645685477
TGT.N,0.0595640296459597
ARES.N,0.1379016489166643
HUBB.N,0.1090437540681572
KVUE.N,0.0365662372303831
AMAT.OQ,0.1290064987856992
INCY.OQ,0.0475154716035026
PYPL.OQ,0.0684376305464906
PSX.N,0.0663379528133621
NSC.N,0.0979739513299393
BXP.N,0.0209933674182751
CAH.N,0.0797522174043437
LDOS.N,0.1097799809259856
COF.N,0.0921206615269971
BALL.N,0.0588684504698387
OKE.N,0.0866663575668837
TSCO.OQ,0.0903953448971368
LOW.N,0.0937789532864886
MPWR.OQ,0.1233704898185484
LH.N,0.0810523456785528
JKHY.OQ,0.0807616331352121
TSLA.OQ,0.1200898507324639
RL.N,0.0894378215390393
AEP.OQ,0.0709721783695925
FE.N,0.05525765692324
UNP.N,0.0925592768745072
VTR.N,0.0617325319356449
JBL.N,0.1280785320846153
CSGP.OQ,0.0934702626806562
RVTY.N,0.0694819471031636
ALL.N,0.0993011938767818
IP.N,0.0498738570440658
SNA.N,0.0734221372895798
EBAY.OQ,0.0928040267574102
TPL.N,0.1326597390236864
SJM.N,0.0234417881215761
KO.N,0.0572632227595905
FRT.N,0.0272844797927464
VRSN.OQ,0.0892233149497616
QCOM.OQ,0.092490677101365
CNP.N,0.0750837972606585
CDNS.OQ,0.1513745196614003
MDLZ.OQ,0.0415752413059854
COHR.N,0.1066462739576087
UPS.N,0.0415991001386957
IBM.N,0.0787722973242502
MSCI.N,0.1308885201307706
SATS.OQ,0.0878640886725122
MRK.N,0.0745216853715766
TRMB.OQ,0.0968552315369228
BIIB.OQ,0.0408714950316224
DXCM.OQ,0.086708413564766
O.N,0.0451047614485328
VEEV.N,0.1183142802634065
BSX.N,0.1196073442563793
VTRS.OQ,0.0059237426249669
ORLY.OQ,0.120909373454335
KMI.N,0.0704012659002804
CMI.N,0.1229541937822638
GWW.N,0.1148277687248985
ICE.N,0.0979789466307928
APO.N,0.1254079716516621
HAS.OQ,0.0558252265034869
DGX.N,0.0830435089148057
CPRT.OQ,0.1397549008175117
ADI.OQ,0.1093542051744179
SNPS.OQ,0.1327223534741587
CTVA.N,0.0920506539584072
NDSN.OQ,0.1013077829054178
PFG.OQ,0.0734531291165693
EA.OQ,0.0911824955508611
PKG.N,0.0961291896539843
TMO.N,0.1083638365113437
FICO.N,0.1481387970829789
IDXX.OQ,0.1338715992597786
TDY.N,0.1222192584842559
SOLV.N,0.0700250134200777
AES.N,0.0649552711560731
TMUS.OQ,0.1198031676499325
PH.N,0.1347866702601123
AIZ.N,0.0920816386526286
EIX.N,0.0423231331028387
TT.N,0.1447529239822788
DRI.N,0.0875068574275364
EFX.N,0.0728102519240812
CINF.OQ,0.0881541748041669
HLT.N,0.1243698478317767
CB.N,0.087875927487071
WMT.OQ,0.1302893504048475
COIN.OQ,0.0722999042964726
CBOE.Z,0.1067964259067123
KEYS.N,0.1257736488692115
CHRW.OQ,0.0853184181611995
TYL.N,0.0852949987380429
SMCI.OQ,0.0993176719255301
PM.N,0.0676192215172597
ES.N,0.0504543898165014
LII.N,0.1033712848698806
NWSA.OQ,0.0727227008995543
FIX.N,0.154268789708771
GEV.N,0.1116966683175808
NDAQ.OQ,0.1213633478422832
BAC.N,0.0939737270967196
HOOD.OQ,0.0891297941400933
RJF.N,0.1036870186136705
CAG.N,0.0064584144560294
FIS.N,0.0482390385858119
PHM.N,0.1149877810449852
FFIV.OQ,0.0856043150617269
DG.N,0.0710427945877917
WDC.OQ,0.0910787570801911
EL.N,0.0565328028761626
VLTO.N,0.0818286447035826
PEP.OQ,0.050326044911314
TRGP.N,0.0995240959970269
USB.N,0.0540733503196752
AOS.N,0.0666381903585383
MSFT.OQ,0.1438050383900929
TRV.N,0.0855839627215181
PAYX.OQ,0.075653983258963
HBAN.OQ,0.0659069307064732
COST.OQ,0.1333966786439585
WSM.N,0.1048487342938274
PANW.OQ,0.109863312549433
MLM.N,0.1079119043946062
EVRG.OQ,0.0634422801792637
TXN.OQ,0.093391949692946
MKC.N,0.0598523110840423
ISRG.OQ,0.1349366845062106
CMG.N,0.0974882554213965
CPT.N,0.0577023348935965
LLY.N,0.1545903001111197
MET.N,0.0704389765014524
T.N,0.0323214213867788
FAST.OQ,0.1063941784719489
COR.N,0.0965148394101187
XYZ.N,0.0923845804613108
ROST.OQ,0.0946276996283179
CPB.OQ,0.0050003175888203
UBER.N,0.0820582912028272
MTD.N,0.1053383714952334
RTX.N,0.0957784324505526
INTU.OQ,0.1234247188198768
AMP.N,0.1049612923377954
MTB.N,0.067239800780287
VLO.N,0.0795461412612281
ECL.N,0.0797128528726268
PSA.N,0.0393381800180303
KKR.N,0.1220553914860526
INVH.N,0.0581364449714934
MU.OQ,0.1282752003009244
WELL.N,0.0863524000129025
AKAM.OQ,0.0670100557687919
VST.N,0.1252520059644913
DHR.N,0.1037898410703096
PCAR.OQ,0.1052907053913425
PFE.N,0.0243569678246397
GM.N,0.0808754042223618
AMGN.OQ,0.0729887919208895
AXON.OQ,0.1411674040687583
NEM.N,0.1109077326772653
CSCO.OQ,0.0904888059375945
PLTR.OQ,0.1120728317405376
AVB.N,0.0357991891854689
HPQ.N,0.0724576573135253
FTV.N,0.0756249590779566
ETN.N,0.1221942375293005
GNRC.N,0.0968703657607015
DPZ.OQ,0.1006000821408629
MGM.N,0.0707046964912465
AJG.N,0.1368049260876234
MPC.N,0.0883441628872583
ARE.N,0.0139765540689607
AFL.N,0.1032963486684905
CTSH.OQ,0.0567087351059461
DDOG.OQ,0.0930559788815023
CF.N,0.0738651827112929
ANET.N,0.1418908201934473
GOOGL.OQ,0.1353643035086239
GIS.N,0.01922407845649
IQV.N,0.0945462795093851
TAP.N,0.0102102753338005
NCLH.N,0.0521486813369153
STX.OQ,0.1126156408920791
TECH.OQ,0.0846084136045898
BFb.N,0.0212359127746724
JCI.N,0.1056490009043133
FOXA.OQ,0.081443254739979
KR.N,0.0606592893494418
AZO.N,0.113453053131521
KDP.OQ,0.0684636971410926
BDX.N,0.0485170874051582
L.N,0.0885550831348777
WDAY.OQ,0.0844720963420525
EQR.N,0.0322836193493038
BRO.N,0.1222897848873558
OXY.N,0.0520109816066589
DTE.N,0.0688028747107819
MCK.N,0.1059080777470043
APD.N,0.0741824261296214
CI.N,0.0713860668600157
ZBRA.OQ,0.0918757863434202
ADM.N,0.0619312699890869
PNC.N,0.0776062500376002
LIN.OQ,0.1128227429721001
LYB.N,0.028451557242868
FITB.N,0.0799903355821832
CCL.N,0.0553046327663031
MCO.N,0.1167026787618733
PTC.OQ,0.1095464172739544
CMCSA.OQ,0.041305064496261
DOC.N,0.0114254781569398
EQIX.OQ,0.084333997092748
ALB.N,0.0816068367080389
BEN.N,0.0345120776352573
RCL.N,0.0828779216215387
HII.N,0.0861627246342687
AVY.N,0.0909083665883122
OTIS.N,0.0910123344734419
EMR.N,0.0881337413279639
FANG.OQ,0.0796622633361383
ROK.N,0.1001290044228746
DIS.N,0.0457638733661869
KHC.OQ,-0.0104902217820633
NEE.N,0.0948354448012834
ADBE.OQ,0.0973546686305789
VRSK.OQ,0.0928053257972643
ALLE.N,0.0821384837094185
BLDR.N,0.1111399942072054
CRH.N,0.1190022935556134
LITE.OQ,0.1172030778738521
NRG.N,0.1331052925293266
ACGL.OQ,0.1094397092465044
GOOG.OQ,0.1367673753501758
KIM.N,0.0393719901786334
CPAY.N,0.0761932759202514
BKR.OQ,0.0649496828752772
GRMN.N,0.1192166403957466
CNC.N,0.0609055574579118
AIG.N,0.0599791543891912
SBUX.OQ,0.0579880356163388
REGN.OQ,0.0611799387287897
JPM.N,0.1147700337657727
MAR.OQ,0.1064931843761465
EQT.N,0.0750721978712408
AEE.N,0.0801590395640058
WFC.N,0.0681231053617699
CSX.OQ,0.1074270922165285
ABNB.OQ,0.0662720578068515
NFLX.OQ,0.1138769080672096
SWK.N,0.03897073522904
VZ.N,0.0210449495506215
CASY.OQ,0.1118954682222174
TFC.N,0.0586589734833934
ABT.N,0.0902705144408895
MA.N,0.1246665619427988
RSG.N,0.127299278122331
STE.N,0.0994057095729221
AMZN.OQ,0.1214040351851311
MMM.N,0.0505618434719192
CDW.OQ,0.0944718210104829
COO.OQ,0.0825317754167636
WAB.N,0.0903321247143111
NTAP.OQ,0.099612734413143
TTWO.OQ,0.1224143486577222
TSN.N,0.0459892335723427
DVN.N,0.0658512257240304
ORCL.N,0.1124546294913055
EG.N,0.0695936234038773
WBD.OQ,0.062147785555619
BX.N,0.1080397354670132
TXT.N,0.0757441329048673
HCA.N,0.1222784395317468
IEX.N,0.0803683416951679
FOX.OQ,0.07665009402131
MNST.OQ,0.0941579231458837
PEG.N,0.0740045328633083
VICI.N,0.0629261339338658
MO.N,0.0333943683078725
ETR.N,0.0884743935475893
HWM.N,0.1274087352995771
EXR.N,0.0587770855103882
LMT.N,0.0781154131103056
C.N,0.0788900984172367
EXC.OQ,0.0775153872682802
CVX.N,0.0664970340140126
F.N,0.0528619988432652
XOM.N,0.0614619312277953
UDR.N,0.0368141705545672
STZ.N,0.0382229450878644
ROL.N,0.1224768921984482
TJX.N,0.1109010096024624
BR.N,0.1122180125381039
HIG.N,0.0937388095106492
NXPI.OQ,0.0829241491208673
FISV.OQ,0.0627825140738935
EXPD.N,0.0989194512861697
RF.N,0.0864487743072521
AMD.OQ,0.1377519301715051
BMY.N,0.025455566898412
PRU.N,0.0599521702506195
PPL.N,0.0351903253447639
BKNG.OQ,0.1032652088577373
TEL.N,0.0995548556059204
META.OQ,0.1106800057209718
APA.OQ,0.0574646755860661
COP.N,0.0752877708840281
DAL.N,0.0650477544152588
ESS.N,0.0430965623578219
DELL.N,0.1224808438739332
WM.N,0.11677301328404
ED.N,0.0563498464401965
GILD.OQ,0.0477994361411817
LEN.N,0.0782632911774041
LULU.OQ,0.095369476416143
AMCR.N,0.034991959234146
WAT.N,0.0885347401481951
JNJ.N,0.0713709572899205
SWKS.OQ,0.0489814345676096
DOV.N,0.1055911030981876
NKE.N,0.0473279471477773
DD.N,0.0515576811190693
DVA.N,0.0667269101035589
DLR.N,0.0744236688537723
HAL.N,0.0554788172276442
TPR.N,0.0929852700051131
TER.OQ,0.1176178828811116
CARR.N,0.1181793594256029
APTV.N,0.0573600496912146
AON.N,0.1080348929119967
CRM.N,0.0932400968258516
LRCX.OQ,0.1389024350731106
EME.N,0.1455001236693966
JBHT.OQ,0.0858827507941477
ITW.N,0.0876737893900256
J.N,0.1036640258772246
XEL.OQ,0.0734183092819958
APH.N,0.1541996860819225
STT.N,0.073291058332737
ZTS.N,0.0863175012265103
SBAC.OQ,0.0693586679807994
GEN.OQ,0.0868554105572393
NVDA.OQ,0.17864008778973
AAPL.OQ,0.1460278007636322
MAS.N,0.0786011300827977
NUE.N,0.0989164240692336
PPG.N,0.0418240097362296
IRM.N,0.092347007975597
VMC.N,0.0909980029108819
SCHW.N,0.0898479250326457
CEG.OQ,0.1259489091907183
A.N,0.0959821828231794
SYY.N,0.0691600040839687
ROP.OQ,0.0809612507300527
ON.OQ,0.0979190851724215
SRE.N,0.0694728867364062
PSKY.OQ,0.03355720429291
PCG.N,0.0476117956153347
KEY.N,0.0682661894662514
MRSH.N,0.1027836787603676
MCD.N,0.0871129390313079
ULTA.OQ,0.0904265768801721
TDG.N,0.1308642808091403
AXP.N,0.1134285506262858
MOS.N,0.0556292807718915
AVGO.OQ,0.1515799859937978
CAT.N,0.1341128647074246
UNH.N,0.0883533065249383
NWS.OQ,0.076275855998423
DOW.N,0.0329993676970463
WMB.N,0.0800316165683113
MAA.N,0.0584447534224746
GDDY.N,0.098755173473608
GL.N,0.081658285019415
SPGI.N,0.1215763392372654
CHTR.OQ,0.0487271731103102
WYNN.OQ,0.0730590179150023
HD.N,0.0861885514819454
HSIC.OQ,0.0499330381153121
HSY.N,0.0732030054636129
CVNA.N,0.0984664123535965
KMB.OQ,0.01628300919957
EOG.N,0.0696312713189112
FTNT.OQ,0.1291751452485447
CRL.N,0.0820610425507101
ZBH.N,0.0371357127174974
LYV.N,0.1087782945107653
POOL.OQ,0.0882134134055011
BNY.N,0.0893182686271355
ATO.N,0.088480578708049
VRTX.OQ,0.0962380462507187
D.N,0.0270268515718016
HRL.N,0.0059731395002433
BBY.N,0.0785424028766778
IT.N,0.0872730047765096
WRB.N,0.1211837332484091
WTW.OQ,0.0854562980892104
PNR.N,0.093260254922397
