config,profile,universe,ret_%,risk_%,sharpe,esg,n,min_esg_held,top3_%
A  no ESG at all,Risk Averse,1087,9.941425601591511,9.211663183656245,1.0792215698062044,66.13326431573518,38,30.2441,12.105924693319507
A  no ESG at all,Neutral,1087,14.475543600602519,10.669490148252168,1.3567230860580384,65.71795356184867,30,30.2441,8.839602089473827
A  no ESG at all,Risk Prone,1087,17.90137927048644,22.037877767806105,0.8123005063871239,62.05254749999999,30,41.822,15.999999999999986
C  floor 30 only,Risk Averse,1077,9.944031882935187,9.211664370609823,1.079504363474424,66.13452319020118,38,30.2441,12.104031818524241
C  floor 30 only,Neutral,1077,14.483459524424866,10.675530008594274,1.3566969989091915,65.71570385535372,30,30.2441,8.798539391403407
C  floor 30 only,Risk Prone,1077,17.90137927048644,22.037877767806105,0.8123005063871239,62.052547499999996,30,41.822,15.999999999999986
B  average 70 only,Risk Averse,1087,9.916249467816417,9.25609191264878,1.0713214131188034,70.00001163285906,43,41.0661,9.86487011209062
B  average 70 only,Neutral,1087,14.324725234543244,10.639813354930878,1.3463323797785085,70.0000004048868,30,30.2441,5.838327583174456
B  average 70 only,Risk Prone,1087,17.631162414314904,22.624788999427814,0.7792851643726181,70.0000000141838,30,41.822,3.2427191615586355
D  both (final),Risk Averse,1077,9.870955397747386,9.255168482174932,1.0665343820329616,70.00001000753228,42,41.0661,10.000375107923151
D  both (final),Neutral,1077,14.299501333587944,10.621514051461341,1.3462771187145934,70.0000135153405,30,30.2441,5.907150513291282
D  both (final),Risk Prone,1077,17.631162452309614,22.62478896138108,0.7792851673624344,70.00000020542083,30,41.822,3.2427203891644543
D + floor 40,Risk Averse,1046,9.872111920941736,9.255642046014675,1.0666047662455251,70.00001089977708,43,41.0661,9.828757920098438
D + floor 40,Neutral,1046,14.304862675114533,10.655335207003738,1.342507053716336,70.00001088183485,30,41.822,6.454428515872385
D + floor 40,Risk Prone,1046,17.631162452309614,22.62478896138108,0.7792851673624344,70.00000020542083,30,41.822,3.2427203891644543
D + floor 20,Risk Averse,1082,9.869699524682035,9.25525043653147,1.0663892449333696,70.00002199187375,42,41.0661,10.006388244276852
D + floor 20,Neutral,1082,14.299096295240474,10.62092195893575,1.3463140347444271,70.00000025134692,30,30.2441,5.821436679614924
D + floor 20,Risk Prone,1082,17.63116244743831,22.62478905605021,0.7792851638863554,70.00000019721868,30,41.822,3.2427181195891346
"D, sector cap off",Risk Averse,1077,9.887099022535327,9.251217696377864,1.0687348786967181,70.0000010345851,40,41.0661,10.061743075354663
"D, sector cap off",Neutral,1077,14.319474912844173,10.635900410682483,1.3463340535289314,70.00000018316064,30,30.2441,5.815267642246097
"D, sector cap off",Risk Prone,1077,17.64405319063475,23.141561032173765,0.7624400603789945,70.00000000276293,30,41.822,3.0000617817566195
D + Tier 2 excluded,Risk Averse,1077,9.850409710927238,9.258500321640984,1.0639314542013587,70.00001626692242,41,41.0661,9.642946711075423
D + Tier 2 excluded,Neutral,1077,14.295562539656387,10.618652398466967,1.3462689994184442,70.00001425215797,30,30.2441,5.908243346241989
D + Tier 2 excluded,Risk Prone,1077,17.631162452309614,22.62478896138108,0.7792851673624344,70.00000020542083,30,41.822,3.2427203891644543
