mode,solvestatus,solstatus,feasible,elapsed_sec,n_selected,portfolio_return,portfolio_variance,portfolio_risk,esg_weighted,weight_region_Europe,weight_region_United States
min_risk,COMPLETED,OPTIMAL,True,0.3865320682525635,43,0.06857767522555049,0.008179354229592557,0.09043978233936964,70.00000112330684,0.5718856957400649,0.42811430425993524
min_risk,COMPLETED,OPTIMAL,True,0.3915669918060303,42,0.07548855616203906,0.008228743275314422,0.09071242073340575,70.00000214530272,0.5738039625219928,0.4261960374780073
min_risk,COMPLETED,OPTIMAL,True,0.44448328018188477,42,0.08243484410992626,0.008378033427016346,0.09153159797040772,70.00000525489043,0.5724987356477776,0.42750126435222263
min_risk,COMPLETED,OPTIMAL,True,0.3732337951660156,37,0.08938114950427295,0.008629995713085321,0.09289777022666003,70.00002140743982,0.5592097281347814,0.440790271865219
min_risk,COMPLETED,OPTIMAL,True,0.40891313552856445,34,0.09632739826178242,0.008915036402295524,0.09441947046184661,70.00000504868134,0.5595626056024277,0.44043739439757246
min_risk,COMPLETED,OPTIMAL,True,0.4283559322357178,47,0.10327371315862818,0.009327129382342165,0.09657706447362213,70.00003950476281,0.5487002760514244,0.4512997239485758
min_risk,COMPLETED,OPTIMAL,True,0.37065863609313965,43,0.11021996050908892,0.009838450138565637,0.09918896177783916,70.00001135657101,0.534132873132936,0.46586712686706416
min_risk,COMPLETED,OPTIMAL,True,0.36901116371154785,41,0.11716624208383958,0.010505687822943218,0.1024972576362081,70.00000108678235,0.5091010771321236,0.4908989228678765
min_risk,COMPLETED,OPTIMAL,True,0.36377692222595215,37,0.12411252400739597,0.011340839365151942,0.10649337709525387,70.0000039366935,0.49226938587910074,0.5077306141208993
min_risk,COMPLETED,OPTIMAL,True,0.36345481872558594,33,0.1310588057460375,0.012455741790054669,0.11160529463271296,70.00000078128147,0.4692696670246338,0.5307303329753662
min_risk,COMPLETED,OPTIMAL,True,0.34942197799682617,30,0.13800508842202794,0.01406872019559273,0.11861163600419956,70.0000021596505,0.44952187560338197,0.5504781243966183
min_risk,COMPLETED,OPTIMAL,True,0.34807682037353516,30,0.14495136959921429,0.016636376481683524,0.12898207814143609,70.0000002063199,0.4196920436685745,0.5803079563314254
min_risk,COMPLETED,OPTIMAL,True,0.3361818790435791,30,0.1518976515421709,0.02083332301553934,0.14433753155551518,70.00000014328093,0.413007292671598,0.586992707328402
min_risk,COMPLETED,OPTIMAL,True,0.3302741050720215,31,0.15884394395679563,0.028382819995526533,0.1684720154670399,70.00002517157081,0.46093637021891815,0.5390636297810817
min_risk,COMPLETED,OPTIMAL,True,0.2527129650115967,30,0.16579021549949646,0.05261933442141019,0.22938904599263277,69.99999999999979,0.4099999999999998,0.5899999999999973
