Stock,Region,Country,ESG score
FER.MC,Europe,Spain,80.4111244721549
CARLb.CO,Europe,Denmark,69.3628011243586
ULVR.L,Europe,United Kingdom,81.3586568604437
INVEb.ST,Europe,Sweden,74.2237602864957
LAGRb.ST,Europe,Sweden,37.706254673058
STERV.HE,Europe,Finland,79.2450881739695
EPIRa.ST,Europe,Sweden,80.8430725456633
VIS.MC,Europe,Spain,66.3244791547251
PHG.AS,Europe,Netherlands,83.7409152118263
BEIJb.ST,Europe,Sweden,40.8156521881621
ALLFG.AS,Europe,Netherlands,65.218426467635
IPN.PA,Europe,France,56.4434230643418
SCHP.S,Europe,Switzerland,48.2191860990676
SQN.S,Europe,Switzerland,58.9533831020556
DAST.PA,Europe,France,62.5535707759805
GEBN.S,Europe,Switzerland,87.9196262995616
SKFb.ST,Europe,Sweden,78.6753236994588
TLXGn.DE,Europe,Germany,71.8631134061046
DHER.DE,Europe,Germany,80.1526404359963
GBLB.BR,Europe,Belgium,76.0393329219184
GALE.S,Europe,Switzerland,68.8425051938658
FRES.L,Europe,United Kingdom,63.692379251852
AIXGn.DE,Europe,Germany,70.4751466252704
VOD.L,Europe,United Kingdom,80.5162471322046
ZEG.L,Europe,United Kingdom,16.1097286697647
SATG_p.DE,Europe,Germany,81.8198948873159
AZMT.MI,Europe,Italy,44.2042422865247
MNG.L,Europe,United Kingdom,75.2744385725794
MICP.PA,Europe,France,81.4847776735349
PRY.MI,Europe,Italy,72.9565922201215
ORSTED.CO,Europe,Denmark,71.3486883165665
BAYGn.DE,Europe,Germany,88.4191018156409
BAB.L,Europe,United Kingdom,52.9237128551679
RENA.PA,Europe,France,74.5147781079721
HSX.L,Europe,United Kingdom,61.9212208054334
HMb.ST,Europe,Sweden,64.8682222939047
GETIb.ST,Europe,Sweden,76.9392152537851
TRN.MI,Europe,Italy,75.4267804894212
CWK.L,Europe,United Kingdom,66.683238025925
LDOF.MI,Europe,Italy,89.9498616210819
SIKA.S,Europe,Switzerland,79.6289181637411
SOON.S,Europe,Switzerland,84.6663681099572
ALEP.WA,Europe,Poland,65.3542189644497
RAAG.DE,Europe,Germany,42.0759154065801
BRBY.L,Europe,United Kingdom,86.0698154482195
TEMN.S,Europe,Switzerland,76.1963324556285
STDM.PA,Europe,France,65.2805373107089
SRP.L,Europe,United Kingdom,67.4431630754534
MAERSKb.CO,Europe,Denmark,64.7027425183326
VATN.S,Europe,Switzerland,40.8315757964116
VLLP.PA,Europe,France,73.6356722077087
KNIN.S,Europe,Switzerland,63.0141872258157
MRL.MC,Europe,Spain,67.2654795220613
BT.L,Europe,United Kingdom,68.1089849629898
RKT.L,Europe,United Kingdom,79.5040153919079
VACN.S,Europe,Switzerland,59.6935589292033
SSE.L,Europe,United Kingdom,74.4894222371011
BEAN.S,Europe,Switzerland,56.9133199098931
LGEN.L,Europe,United Kingdom,73.7302482936922
SGE.L,Europe,United Kingdom,58.3797406228162
EDPR.LS,Europe,Portugal,74.3609446996901
LOGN.S,Europe,Switzerland,70.0413585286398
BTRW.L,Europe,United Kingdom,66.4809844124869
LAND.L,Europe,United Kingdom,86.5890418529377
IMB.L,Europe,United Kingdom,74.5866364380448
QLT.L,Europe,United Kingdom,64.0192831962976
ADYEN.AS,Europe,Netherlands,69.5801631017814
GF.S,Europe,Switzerland,82.0988470161418
KGH.WA,Europe,Poland,77.2215932789233
YAR.OL,Europe,Norway,78.4730303397908
ADP.PA,Europe,France,60.6202323265654
QQ.L,Europe,United Kingdom,62.2937377454435
SAF.PA,Europe,France,75.8165281953962
ACS.MC,Europe,Spain,72.2324411183101
INF.L,Europe,United Kingdom,79.9702719709694
SAPG.DE,Europe,Germany,86.8326899003783
TCAPI.L,Europe,United Kingdom,61.631814329964
HWDN.L,Europe,United Kingdom,54.7412065414854
SAMPO.HE,Europe,Finland,68.4355701991409
ARGX.BR,Europe,Belgium,71.0729183620666
IMI.L,Europe,United Kingdom,72.7598790671343
SAABb.ST,Europe,Sweden,62.6224690379263
NAFG.DE,Europe,Germany,76.2144899015027
INVP.L,Europe,United Kingdom,82.9785758241287
RYA.I,Europe,Ireland,62.9132346747231
SFZN.S,Europe,Switzerland,66.4350182182214
SALM.OL,Europe,Norway,67.0982270998446
CARR.PA,Europe,France,73.0746968124073
RBIV.VI,Europe,Austria,72.4190236273562
HNKG_p.DE,Europe,Germany,73.5196440282811
FPE3_p.DE,Europe,Germany,49.5533321763121
LIFCOb.ST,Europe,Sweden,55.5380448881842
SAVE.ST,Europe,Sweden,44.3396630148081
ATCOa.ST,Europe,Sweden,81.6614293079678
ERST.VI,Europe,Austria,64.4871212924827
BCU.MI,Europe,Italy,39.2961042903854
VALMT.HE,Europe,Finland,73.6511992497844
ENEI.MI,Europe,Italy,76.2083598405296
FNTGn.DE,Europe,Germany,44.6781573224245
INCH.L,Europe,United Kingdom,37.9461434564273
ORK.OL,Europe,Norway,83.8813178986473
PRX.AS,Europe,Netherlands,55.8660998529814
AKZO.AS,Europe,Netherlands,76.3606076596983
SB1NO.OL,Europe,Norway,63.9503709081762
AAF.L,Europe,United Kingdom,64.7285060034717
PZU.WA,Europe,Poland,78.2653651465403
RWEG.DE,Europe,Germany,52.6687029274814
KSP.I,Europe,Ireland,77.2069990417767
LATOb.ST,Europe,Sweden,52.58209861921
SGEF.PA,Europe,France,85.4853822726497
BGN.MI,Europe,Italy,80.9075094396741
AAK.ST,Europe,Sweden,69.1560586002162
PKN.WA,Europe,Poland,79.0576888321341
WIHL.ST,Europe,Sweden,42.6353000958897
ENX.PA,Europe,France,62.230921140951
TW.L,Europe,United Kingdom,70.0024589124776
ALVG.DE,Europe,Germany,86.6613795476217
TPRO.MI,Europe,Italy,62.026250000000005
DHLn.DE,Europe,Germany,77.967532445921
SHLG.DE,Europe,Germany,65.2390297807472
LHAG.DE,Europe,Germany,71.6258442581112
PAFR.L,Europe,United Kingdom,56.5214593547262
DTGGe.DE,Europe,Germany,80.1640189507199
LSEG.L,Europe,United Kingdom,72.4022897927683
TENR.MI,Europe,Italy,64.5941685480522
PKO.WA,Europe,Poland,65.9554573359147
DRX.L,Europe,United Kingdom,58.8143618391808
SMIN.L,Europe,United Kingdom,53.8404936647882
QIA.DE,Europe,Germany,81.7643195012399
MT.AS,Europe,Netherlands,73.1428060985127
AM.PA,Europe,France,47.2639207935385
RBREW.CO,Europe,Denmark,57.8828326855355
NEXS.PA,Europe,France,81.753307992892
TKAG.DE,Europe,Germany,66.117474296852
BARN.S,Europe,Switzerland,70.3450923718478
AENA.MC,Europe,Spain,67.7765522985034
ITV.L,Europe,United Kingdom,73.6962317545741
BAMI.MI,Europe,Italy,74.1738742301794
RACE.MI,Europe,Italy,59.3094470027201
TUB.BR,Europe,Belgium,2.72722354056403
EZJ.L,Europe,United Kingdom,59.1509343898226
III.L,Europe,United Kingdom,74.0357023523797
LUNDb.ST,Europe,Sweden,38.453456236932
ERICb.ST,Europe,Sweden,74.2009089470399
NEKG.DE,Europe,Germany,54.2858134610949
MAP.MC,Europe,Spain,69.4446887377558
CLNX.MC,Europe,Spain,72.1176498248032
CTEC.L,Europe,United Kingdom,74.0114608535224
ROPC.S,Europe,Switzerland,92.8167000546359
PSON.L,Europe,United Kingdom,73.9587860661064
IBE.MC,Europe,Spain,80.7011703397423
SEBa.ST,Europe,Sweden,65.1856008242364
LEGn.DE,Europe,Germany,61.5070430334279
BMWG.DE,Europe,Germany,87.8968508600006
SJP.L,Europe,United Kingdom,66.4157633934378
GAW.L,Europe,United Kingdom,35.8372297736918
SY1G.DE,Europe,Germany,75.6796099784558
ABNd.AS,Europe,Netherlands,66.4562958117948
PNN.L,Europe,United Kingdom,73.7064344328939
EVOG.ST,Europe,Sweden,59.0670920991796
OMVV.VI,Europe,Austria,82.8856534080486
NTGY.MC,Europe,Spain,69.9738073813635
NOVN.S,Europe,Switzerland,87.283951117745
UMG.AS,Europe,Netherlands,45.9340794316403
PST.MI,Europe,Italy,72.6962012881151
GALP.LS,Europe,Portugal,74.4729857159522
VWS.CO,Europe,Denmark,67.1591364935531
PERP.PA,Europe,France,66.0949010337496
VAR.OL,Europe,Norway,57.8240235640689
BLND.L,Europe,United Kingdom,78.9668012338732
P911_p.DE,Europe,Germany,68.0438175986058
MNDI.L,Europe,United Kingdom,85.7248281492792
BAER.S,Europe,Switzerland,60.2690427586718
EUFI.PA,Europe,France,73.8052331904357
PRU.L,Europe,United Kingdom,77.8323421346305
VERB.VI,Europe,Austria,72.0724779367136
NDAFI.HE,Europe,Finland,73.5277770364567
PEO.WA,Europe,Poland,77.2014281292086
EVKn.DE,Europe,Germany,79.6465743136116
CMBN.S,Europe,Switzerland,51.7235853986265
ACCP.PA,Europe,France,74.8234143626061
ORNBV.HE,Europe,Finland,74.6004358511002
BBOXT.L,Europe,United Kingdom,58.2907426288034
SUBC.OL,Europe,Norway,71.3310648320559
SBMO.AS,Europe,Netherlands,54.5359278383421
ADDTb.ST,Europe,Sweden,41.4272070374414
AKE.PA,Europe,France,81.2617014782851
WRT1V.HE,Europe,Finland,75.2764806323019
EBP.WA,Europe,Poland,76.1792036829345
HAGG.DE,Europe,Germany,67.5275938781665
GRLS.MC,Europe,Spain,72.2540615970755
G24n.DE,Europe,Germany,66.8124272301127
FRAG.DE,Europe,Germany,72.8371560530283
FREG.DE,Europe,Germany,74.0975597329705
EDP.LS,Europe,Portugal,77.2975206390942
TRYG.CO,Europe,Denmark,50.6208689013167
NOVOb.CO,Europe,Denmark,73.2467124880571
DPLM.L,Europe,United Kingdom,42.5985027639469
BAVA.CO,Europe,Denmark,58.0568041137848
AOO.BR,Europe,Belgium,82.0228743809075
IGG.L,Europe,United Kingdom,61.9904895410159
AD.AS,Europe,Netherlands,76.4140420832654
TLIT.MI,Europe,Italy,73.595954656719
AMBUb.CO,Europe,Denmark,68.8431462178002
HIK.L,Europe,United Kingdom,70.5505847960441
CAPP.PA,Europe,France,63.5387229508842
BGEO.L,Europe,United Kingdom,70.4942028792205
BIRG.I,Europe,Ireland,67.5504185560276
DCC.L,Europe,United Kingdom,39.0549597855675
KNEBV.HE,Europe,Finland,69.8942543767314
DLN.L,Europe,United Kingdom,78.9592033025619
WTB.L,Europe,United Kingdom,77.3154209950967
GL9.I,Europe,Ireland,65.0658851735996
TE.PA,Europe,France,85.4060706538706
NN.AS,Europe,Netherlands,75.2810040520057
ROCKb.CO,Europe,Denmark,68.9523097296115
UPM.HE,Europe,Finland,90.7934622710858
BKT.MC,Europe,Spain,76.0829197662914
AKRBP.OL,Europe,Norway,68.1161425053004
MONC.MI,Europe,Italy,83.6030815084205
ADEN.S,Europe,Switzerland,59.6399365377697
SYENS.BR,Europe,Belgium,60.4422541181504
EONGn.DE,Europe,Germany,66.3474737627615
LISP.S,Europe,Switzerland,71.2210985157065
WEIR.L,Europe,United Kingdom,67.4393546107696
ACKB.BR,Europe,Belgium,50.8648132741849
VNAn.DE,Europe,Germany,71.0156294539272
MTO.L,Europe,United Kingdom,75.052301773702
EDEN.PA,Europe,France,79.241727207899
HOTG.DE,Europe,Germany,76.0371875729845
BAES.L,Europe,United Kingdom,59.5299209915781
ENAG.MC,Europe,Spain,80.3542882353729
VEND.OL,Europe,Norway,57.5465163586924
BIOX.PA,Europe,France,77.171321629323
NKT.CO,Europe,Denmark,62.4944560623287
SDR.L,Europe,United Kingdom,67.7193074727386
TRELb.ST,Europe,Sweden,66.5136667262768
BWY.L,Europe,United Kingdom,66.7932395209886
INGA.AS,Europe,Netherlands,69.8998914783144
NEXII.MI,Europe,Italy,54.2819646434063
BAKKA.OL,Europe,Norway,63.8077128280181
HRA.MI,Europe,Italy,77.4593924458339
BCVN.S,Europe,Switzerland,70.7798852821325
BMPS.MI,Europe,Italy,70.90108922528
STB.OL,Europe,Norway,82.3996787000414
BOUY.PA,Europe,France,69.4555198740737
AXAF.PA,Europe,France,79.1606479542252
TEGG.DE,Europe,Germany,70.0079836079783
HOLN.S,Europe,Switzerland,78.2299978618366
GASI.MI,Europe,Italy,89.5209479949148
UU.L,Europe,United Kingdom,76.0715672930724
ACPP.WA,Europe,Poland,43.461220378758
MWDP.PA,Europe,France,62.2385479181916
A2.MI,Europe,Italy,69.2439606189011
ZELA.CO,Europe,Denmark,78.2819257545674
REDE.MC,Europe,Spain,63.0645558325045
TEPRF.PA,Europe,France,68.7578651785323
STMMI.MI,Europe,Italy,87.0059229685451
EQNR.OL,Europe,Norway,67.4285030766123
VLOF.PA,Europe,France,67.9683240355651
ALKb.CO,Europe,Denmark,62.2563856585128
SECUb.ST,Europe,Sweden,59.1662189603629
EMG.L,Europe,United Kingdom,79.041726628395
EXHO.PA,Europe,France,76.6501536679412
SSABb.ST,Europe,Sweden,73.3867973717754
AZN.L,Europe,United Kingdom,89.9419174425678
BKGH.L,Europe,United Kingdom,77.8973630413687
ICGIN.L,Europe,United Kingdom,74.7723770642062
AUTOA.L,Europe,United Kingdom,68.8981152029099
RMV.L,Europe,United Kingdom,68.8905761522611
VZN.S,Europe,Switzerland,49.4906654191797
PUIGb.MC,Europe,Spain,50.9471368322964
IETB.BR,Europe,Belgium,73.1850331120254
IMCD.AS,Europe,Netherlands,62.2235374413472
SWEDa.ST,Europe,Sweden,66.7315736562248
SCHN.PA,Europe,France,82.2272049723041
KPN.AS,Europe,Netherlands,66.7093166558688
WBSV.VI,Europe,Austria,71.3221662164571
TEL2b.ST,Europe,Sweden,79.4487236071409
WLSNc.AS,Europe,Netherlands,65.9169913931022
BP.L,Europe,United Kingdom,83.0346841653347
LLOY.L,Europe,United Kingdom,88.3474048314951
ARDS.AS,Europe,Netherlands,83.7246067768897
SFSN.S,Europe,Switzerland,35.5641987029625
CCH.L,Europe,United Kingdom,81.3159486983772
ESSITYb.ST,Europe,Sweden,73.6987384883138
MOWI.OL,Europe,Norway,75.9385776503687
SAN.MC,Europe,Spain,82.2953535807569
HLMA.L,Europe,United Kingdom,62.4073150051606
SIEGn.DE,Europe,Germany,81.0392994109812
THULE.ST,Europe,Sweden,51.9483043304343
KEMIRA.HE,Europe,Finland,70.4424903694063
HUH1V.HE,Europe,Finland,69.9847911294029
DNP.WA,Europe,Poland,38.6484232120586
ABBN.S,Europe,Switzerland,90.4289706872225
AG1G.DE,Europe,Germany,47.1904859780459
UNPI.MI,Europe,Italy,79.2994250544181
BAWG.VI,Europe,Austria,81.3597559008968
RS1R.L,Europe,United Kingdom,74.6274992980639
BC8G.DE,Europe,Germany,63.2756662367954
ENR1n.DE,Europe,Germany,68.0666164805183
RHMG.DE,Europe,Germany,87.3160857476516
AIRP.PA,Europe,France,89.1418809253903
GETP.PA,Europe,France,78.2159180574625
HEIO.AS,Europe,Netherlands,58.4380785916867
ROR.L,Europe,United Kingdom,73.9228950067655
FHZN.S,Europe,Switzerland,42.8701780936862
DTEGn.DE,Europe,Germany,83.2989910798438
STAN.L,Europe,United Kingdom,87.463313145866
RR.L,Europe,United Kingdom,79.9920756105473
ADSGn.DE,Europe,Germany,82.3780536608062
MYCR.ST,Europe,Sweden,71.5035705791317
SASY.PA,Europe,France,87.6857880838846
SIGNC.S,Europe,Switzerland,92.3670332853437
FOUG.PA,Europe,France,78.1815951899453
UBSG.S,Europe,Switzerland,86.5205805107264
STLAM.MI,Europe,Italy,85.2115027552674
RAND.AS,Europe,Netherlands,80.7483601339771
NOD.OL,Europe,Norway,58.6931801328675
MKS.L,Europe,United Kingdom,71.6494487182998
JMAT.L,Europe,United Kingdom,61.0988896247341
ENT.L,Europe,United Kingdom,68.8344295006248
ASRNL.AS,Europe,Netherlands,76.7415135939935
PSPN.S,Europe,Switzerland,68.5237502517816
BMEB.L,Europe,United Kingdom,38.1834821178494
UTG.L,Europe,United Kingdom,76.9405995201542
SABE.MC,Europe,Spain,83.3864450134796
IFXGn.DE,Europe,Germany,75.4430125086451
CAGR.PA,Europe,France,62.8094320120251
TELIA.ST,Europe,Sweden,81.5204219147247
PRTP.PA,Europe,France,82.4996599403582
RECI.MI,Europe,Italy,78.3071574796234
BATS.L,Europe,United Kingdom,89.7077795039814
SDFGn.DE,Europe,Germany,57.2168801035699
ANA.MC,Europe,Spain,86.5885862112703
ASSAb.ST,Europe,Sweden,71.3124112013995
ITRK.L,Europe,United Kingdom,71.4273084006995
NIBEb.ST,Europe,Sweden,63.0883607098072
HBANC.S,Europe,Switzerland,75.5479169053726
FRO.OL,Europe,Norway,37.4713899296146
SCOR.PA,Europe,France,65.8698592175162
BALF.L,Europe,United Kingdom,67.6634596637115
JMT.LS,Europe,Portugal,75.8369605909023
SUN.S,Europe,Switzerland,70.0374899991943
KCRA.HE,Europe,Finland,75.3961259796151
UNI.MC,Europe,Spain,67.9234624506323
KOG.OL,Europe,Norway,63.8727095997874
ALLN.S,Europe,Switzerland,45.3109324130616
ELI.BR,Europe,Belgium,52.5160624748564
HNRGn.DE,Europe,Germany,59.7988417107907
CNA.L,Europe,United Kingdom,73.6260658531345
DSV.CO,Europe,Denmark,74.6740932433543
DB1Gn.DE,Europe,Germany,64.4268815127955
BVI.PA,Europe,France,82.2626309394123
EQTAB.ST,Europe,Sweden,76.2155714232609
IG.MI,Europe,Italy,71.2988269705602
TTEF.PA,Europe,France,81.2223119692069
MBGn.DE,Europe,Germany,82.7961656822892
FBK.MI,Europe,Italy,64.2567893239679
SAGAb.ST,Europe,Sweden,40.8436202664023
MTXGn.DE,Europe,Germany,84.4034654435105
ALSYDB.CO,Europe,Denmark,40.7588212777886
SBNOR.OL,Europe,Norway,36.3963851642253
SOGN.PA,Europe,France,81.0936911961684
ACLN.S,Europe,Switzerland,54.7293800404808
DBKGn.DE,Europe,Germany,83.7341132531348
NWG.L,Europe,United Kingdom,80.5063637982582
SAND.ST,Europe,Sweden,70.8293154732381
NDXG.DE,Europe,Germany,77.9008955753949
INWT.MI,Europe,Italy,71.609702225325
SRENH.S,Europe,Switzerland,72.1877664996591
RILBA.CO,Europe,Denmark,38.3033886844483
JYSK.CO,Europe,Denmark,37.2214438819345
LOTB.BR,Europe,Belgium,65.1483226125979
AALB.AS,Europe,Netherlands,61.1156671213536
NOKIA.HE,Europe,Finland,72.8236266304841
KBCA.BR,Europe,Belgium,10.405954117184
BNRGn.DE,Europe,Germany,67.1327042855094
AMA.MC,Europe,Spain,90.348927105962
BZU.MI,Europe,Italy,48.1713373856768
BEZG.L,Europe,United Kingdom,65.3205437708749
AAL.L,Europe,United Kingdom,73.7084624484743
BOLL.PA,Europe,France,63.0926601530404
AVANZ.ST,Europe,Sweden,58.3216312768949
RTO.L,Europe,United Kingdom,70.2226588851145
ABVX.PA,Europe,France,62.026250000000005
BYG.L,Europe,United Kingdom,77.5641031525437
NSISb.CO,Europe,Denmark,67.0495058579224
ANTO.L,Europe,United Kingdom,77.6122572366569
MBK.WA,Europe,Poland,68.5269021268002
RXL.PA,Europe,France,75.4375470515236
ASML.AS,Europe,Netherlands,72.7560570769611
BOL.ST,Europe,Sweden,85.0960921430868
CPG.L,Europe,United Kingdom,75.2447854044271
DSFIR.AS,Europe,Netherlands,59.8676466463768
HSBA.L,Europe,United Kingdom,75.1798555104042
BPTB.L,Europe,United Kingdom,56.9737093246053
BNZL.L,Europe,United Kingdom,54.3882055703073
REY.MI,Europe,Italy,41.725237589286
VOWG_p.DE,Europe,Germany,82.6035000851573
LOIM.PA,Europe,France,76.7590496160104
DEMANT.CO,Europe,Denmark,63.4547329453646
PSN.L,Europe,United Kingdom,70.9966749099078
EMSN.S,Europe,Switzerland,39.4713928635527
GFCP.PA,Europe,France,86.1758528781109
UCB.BR,Europe,Belgium,77.5764630464171
NESTE.HE,Europe,Finland,69.4604092142252
SDZ.S,Europe,Switzerland,71.6307214811415
KBX.DE,Europe,Germany,73.7530282969101
METSO.HE,Europe,Finland,73.4670583681055
AIR.PA,Europe,France,80.4502113999549
MRCG.DE,Europe,Germany,84.7786378793338
CRDI.MI,Europe,Italy,79.4758537645063
LEGD.PA,Europe,France,83.6439161035136
G1AG.DE,Europe,Germany,82.6422994203986
WISEa.L,Europe,United Kingdom,59.0040615216444
NHY.OL,Europe,Norway,86.9857097624398
SPSN.S,Europe,Switzerland,63.1447267296961
TPE.WA,Europe,Poland,46.5743735932345
SHCS.L,Europe,United Kingdom,70.3845269715143
RUBF.PA,Europe,France,70.2302875793819
NESN.S,Europe,Switzerland,82.9835304267431
PNDORA.CO,Europe,Denmark,77.1817462729069
IVG.MI,Europe,Italy,80.4655887236086
GLEN.L,Europe,United Kingdom,78.3954257624167
GBFG.DE,Europe,Germany,70.7399178947001
CONG.DE,Europe,Germany,68.6386272470833
BUCN.S,Europe,Switzerland,60.8654211984339
SOPR.PA,Europe,France,77.8301985682749
SPMI.MI,Europe,Italy,85.0025714278927
ZALG.DE,Europe,Germany,72.9066654524225
HIAB.HE,Europe,Finland,64.5573573373639
SKAb.ST,Europe,Sweden,59.3511447768085
AYV.PA,Europe,France,52.8866979870698
ZURN.S,Europe,Switzerland,83.847441605183
MUVGn.DE,Europe,Germany,76.1152619759197
SRG.MI,Europe,Italy,85.4441910271508
ABI.BR,Europe,Belgium,56.8618115051683
LVMH.PA,Europe,France,74.2272168090284
WDPP.BR,Europe,Belgium,78.6794000182538
PSHG_p.DE,Europe,Germany,30.8760605684226
COLOb.CO,Europe,Denmark,71.685274706161
AGES.BR,Europe,Belgium,76.4814517500126
HOLMb.ST,Europe,Sweden,58.2731957444864
JD.L,Europe,United Kingdom,50.6863152682961
CAMX.ST,Europe,Sweden,71.7973659060252
GMAB.CO,Europe,Denmark,85.491512573452
SPIE.PA,Europe,France,71.9782073448382
GTT.PA,Europe,France,62.4170650233498
ANDR.VI,Europe,Austria,78.9442140245351
VIE.PA,Europe,France,71.5987276315224
CFR.S,Europe,Switzerland,66.3687125771055
SPX.L,Europe,United Kingdom,50.8371319810095
EXPN.L,Europe,United Kingdom,71.0186089756827
ISS.CO,Europe,Denmark,67.247293587818
ELIS.PA,Europe,France,78.3092084028655
ESLX.PA,Europe,France,62.4749823007639
SCYR.MC,Europe,Spain,78.3883130535182
CRDA.L,Europe,United Kingdom,73.4808359226375
KGX.DE,Europe,Germany,75.43344175443
HEIG.DE,Europe,Germany,82.1164695490184
FMEG.DE,Europe,Germany,83.6194758820827
CDR.WA,Europe,Poland,45.0307437071111
KYGa.I,Europe,Ireland,79.7838251548563
INGP.WA,Europe,Poland,81.7139097218691
AXFO.ST,Europe,Sweden,76.4141665171223
TBCG.L,Europe,United Kingdom,84.3458758221004
TSCO.L,Europe,United Kingdom,76.0647572688565
HEXAb.ST,Europe,Sweden,55.0179429749241
KESKOB.HE,Europe,Finland,70.2629598893383
MRON.L,Europe,United Kingdom,81.5686307613973
PHP.L,Europe,United Kingdom,49.4479708716794
BNPP.PA,Europe,France,82.9738328579629
DNB.OL,Europe,Norway,66.409892667971
HOCM.L,Europe,United Kingdom,55.3378274274177
ELISA.HE,Europe,Finland,62.5757508161692
IDR.MC,Europe,Spain,60.2350966107092
DANO.PA,Europe,France,91.7343238022965
AV.L,Europe,United Kingdom,67.4582234446533
SGOB.PA,Europe,France,85.1455117384773
CPRI.MI,Europe,Italy,51.6206182411545
ENGIE.PA,Europe,France,71.0812419763578
NXT.L,Europe,United Kingdom,66.0766838242305
FLS.CO,Europe,Denmark,76.7182049342076
TEL.OL,Europe,Norway,56.3731632311437
SCMN.S,Europe,Switzerland,66.4363515750343
ZAB.WA,Europe,Poland,44.5573596856227
ALCC.S,Europe,Switzerland,75.4127928058878
GIVN.S,Europe,Switzerland,75.7148296660819
UMI.BR,Europe,Belgium,74.1945618903577
TCFP.PA,Europe,France,63.0395959900522
SBRY.L,Europe,United Kingdom,70.8897177862861
DKSH.S,Europe,Switzerland,82.9933143112521
OREP.PA,Europe,France,83.5428773097694
ITX.MC,Europe,Spain,80.3976981568064
BBVA.MC,Europe,Spain,88.329416859125
SGRO.L,Europe,United Kingdom,74.8204777194887
BFT.WA,Europe,Poland,31.4646931103606
SHBa.ST,Europe,Sweden,66.6686534461034
WALLb.ST,Europe,Sweden,45.6342420267688
NG.L,Europe,United Kingdom,64.4570540330452
R3NK.DE,Europe,Germany,50.3627607169522
PLUSP.L,Europe,United Kingdom,57.5179543737373
TOM.OL,Europe,Norway,51.1619153939069
DLG.MI,Europe,Italy,69.7135522874024
IHG.L,Europe,United Kingdom,73.5087620219028
AMUN.PA,Europe,France,70.3323555872787
ALSO.PA,Europe,France,80.7177590875455
LOOMIS.ST,Europe,Sweden,62.3525594139451
CVC.AS,Europe,Netherlands,62.52584381938
EMII.MI,Europe,Italy,73.9299016505635
EXOR.AS,Europe,Netherlands,32.3330051746474
GSK.L,Europe,United Kingdom,86.8765707311988
LONN.S,Europe,Switzerland,86.520569977024
PUBP.PA,Europe,France,78.8010178779946
VOLVb.ST,Europe,Sweden,82.2007870602295
REL.L,Europe,United Kingdom,83.5101378310373
CVO.PA,Europe,France,88.2501395599432
INDUc.ST,Europe,Sweden,40.6728582009092
ABDN.L,Europe,United Kingdom,85.6983041993009
LTMC.MI,Europe,Italy,55.8132503425654
SOBIV.ST,Europe,Sweden,76.1052890102979
CABK.MC,Europe,Spain,83.1902146140466
LIGHT.AS,Europe,Netherlands,84.5262775640918
URW.PA,Europe,France,88.4662347594426
INPST.AS,Europe,Netherlands,62.6403338489219
ABF.L,Europe,United Kingdom,68.7812140763591
ADML.L,Europe,United Kingdom,57.307206553505
VID.MC,Europe,Spain,51.0464678564557
VOPA.AS,Europe,Netherlands,58.4597767464829
WPP.L,Europe,United Kingdom,77.8178711941302
LMPL.L,Europe,United Kingdom,57.2101407189441
FTKn.DE,Europe,Germany,60.5608544648313
CBKG.DE,Europe,Germany,65.1866669042952
SVT.L,Europe,United Kingdom,73.3539109256703
DIOR.PA,Europe,France,76.7710073278626
SECTb.ST,Europe,Sweden,55.9792101197838
ICAG.L,Europe,United Kingdom,74.732631940226
GJFG.OL,Europe,Norway,53.7113728998075
EVDG.DE,Europe,Germany,30.6974015801658
ENI.MI,Europe,Italy,86.5142552646676
BEIG.DE,Europe,Germany,64.7418932818766
DANSKE.CO,Europe,Denmark,64.9570300252653
HRMS.PA,Europe,France,56.983367660444
DGE.L,Europe,United Kingdom,75.1910181714659
ALFA.ST,Europe,Sweden,71.3176923351559
AEGN.AS,Europe,Netherlands,82.5474825229684
MANTA.HE,Europe,Finland,54.6581116955315
SUNN.S,Europe,Switzerland,43.927494514261
BASFn.DE,Europe,Germany,86.717148391018
RIO.L,Europe,United Kingdom,80.9968789998698
LPPP.WA,Europe,Poland,63.9715602560699
SN.L,Europe,United Kingdom,83.2538998738033
ITPG.MI,Europe,Italy,50.9612761003903
FDJU.PA,Europe,France,69.8460922847871
SDLF.L,Europe,United Kingdom,79.4520839117895
REP.MC,Europe,Spain,84.4907348063444
CAST.ST,Europe,Sweden,74.4569171876084
SWECb.ST,Europe,Sweden,64.6020698654457
MOBN.S,Europe,Switzerland,81.9539222593329
SGSN.S,Europe,Switzerland,81.4585875848296
BCP.LS,Europe,Portugal,68.798304512764
TEF.MC,Europe,Spain,75.6146341981704
BKWB.S,Europe,Switzerland,67.4651300028875
KBC.BR,Europe,Belgium,67.0535040460929
VOES.VI,Europe,Austria,66.4360511568291
SHEL.AS,Europe,Netherlands,80.5774561458172
SOF.BR,Europe,Belgium,58.862991009814
BALDb.ST,Europe,Sweden,52.3991625419679
BESI.AS,Europe,Netherlands,60.664543587295
ASMI.AS,Europe,Netherlands,72.4850984346704
ELE.MC,Europe,Spain,75.8436618828421
ORAN.PA,Europe,France,72.5979821297212
PIRC.MI,Europe,Italy,67.4030521318872
GALD.S,Europe,Switzerland,57.9841694412478
SCAb.ST,Europe,Sweden,78.6962975655582
BMED.MI,Europe,Italy,73.2497998037677
AIBG.I,Europe,Ireland,67.5293679303498
HEIN.AS,Europe,Netherlands,62.4956815470653
KGF.L,Europe,United Kingdom,69.8032939455084
HLN.L,Europe,United Kingdom,59.2273284857085
PUMG.DE,Europe,Germany,77.1254572981166
HUBN.S,Europe,Switzerland,49.272994536715
ISP.MI,Europe,Italy,91.0507470744705
PGHN.S,Europe,Switzerland,61.2823750473615
UHR.S,Europe,Switzerland,57.5238026870746
BARC.L,Europe,United Kingdom,80.0791242423912
AVOL.S,Europe,Switzerland,66.9909069816352
TUI1n.DE,Europe,Germany,64.0786072265965
STMN.S,Europe,Switzerland,68.4947970146636
INDT.ST,Europe,Sweden,44.5242164842338
SLHN.S,Europe,Switzerland,64.614338580717
FORTUM.HE,Europe,Finland,62.0581783339782
KLAC.OQ,United States,United States,68.530992069647
AME.N,United States,United States,60.5830766536066
DUK.N,United States,United States,60.4890255117898
CME.OQ,United States,United States,64.1558203170617
FDX.N,United States,United States,63.6573208809676
PG.N,United States,United States,61.8699212968242
IR.N,United States,United States,55.3896822952356
ACN.N,United States,United States,78.0368562160742
FDS.N,United States,United States,68.2436451083409
DASH.OQ,United States,United States,43.1986018531741
BAX.N,United States,United States,79.302431836859
ODFL.OQ,United States,United States,37.4003301444128
XYL.N,United States,United States,72.8593822713671
ADSK.OQ,United States,United States,78.5115752018414
SW.N,United States,United States,69.4094524705921
OMC.N,United States,United States,62.4637045082047
UHS.N,United States,United States,37.5020144064982
ERIE.OQ,United States,United States,41.3852746583681
CLX.N,United States,United States,76.0990061003082
DLTR.OQ,United States,United States,67.0398448550065
CFG.N,United States,United States,65.7813702805632
TTD.OQ,United States,United States,17.7672861638922
DHI.N,United States,United States,44.0450227288904
EXPE.OQ,United States,United States,48.3702442656595
EXE.OQ,United States,United States,61.6504069538133
CIEN.N,United States,United States,67.1878940202776
ELV.N,United States,United States,77.0275900076441
WY.N,United States,United States,76.9418809740998
CMS.N,United States,United States,58.3448159201741
CVS.N,United States,United States,68.5618838256318
SPG.N,United States,United States,55.3397730755907
MCHP.OQ,United States,United States,58.6407111714738
GEHC.OQ,United States,United States,72.7859632440545
UAL.OQ,United States,United States,54.0766256607775
BG.N,United States,United States,84.4781133162971
CCI.N,United States,United States,57.0138163402884
WEC.N,United States,United States,63.3169836914712
STLD.OQ,United States,United States,63.1925921140796
FCX.N,United States,United States,83.2110659291131
FSLR.OQ,United States,United States,72.4069885504343
EW.N,United States,United States,71.2905058883317
MDT.N,United States,United States,70.0711574091764
ALGN.OQ,United States,United States,60.1493544527477
WST.N,United States,United States,66.6398130220961
V.N,United States,United States,69.2640687331896
HPE.N,United States,United States,71.2485697420348
INTC.OQ,United States,United States,78.3874656638485
SYF.N,United States,United States,65.5930506159814
MRNA.OQ,United States,United States,67.0352139205754
LNT.OQ,United States,United States,59.2708053887398
NOW.N,United States,United States,75.7361221803745
TKO.N,United States,United States,15.4326878598669
DE.N,United States,United States,73.8274034792796
CRWD.OQ,United States,United States,28.7403129396934
LHX.N,United States,United States,64.6256407097252
TROW.OQ,United States,United States,58.7684595393326
GPC.N,United States,United States,49.5768177077937
NVR.N,United States,United States,32.7761724293565
LVS.N,United States,United States,64.7075586740327
DECK.N,United States,United States,62.0341057647948
PLD.N,United States,United States,62.4664615856132
APP.OQ,United States,United States,29.0457436849349
URI.N,United States,United States,75.7478283731118
NI.N,United States,United States,66.1659174807383
NTRS.OQ,United States,United States,67.1356946687323
NOC.N,United States,United States,72.2414998935766
VRT.N,United States,United States,51.1097068674357
MS.N,United States,United States,56.2656791490776
YUM.N,United States,United States,71.3833986264468
RMD.N,United States,United States,68.7358269550662
SYK.N,United States,United States,77.0912353369783
CL.N,United States,United States,77.1111864137384
SO.N,United States,United States,62.0892142115564
GS.N,United States,United States,76.3864999315008
SLB.N,United States,United States,74.7705614746972
BA.N,United States,United States,79.749700265782
HST.OQ,United States,United States,84.2994938806314
CBRE.N,United States,United States,76.3954312005447
IBKR.OQ,United States,United States,45.1816741836477
IFF.N,United States,United States,81.8284352377478
CHD.N,United States,United States,63.390200359587
SHW.N,United States,United States,66.0260571319945
BLK.N,United States,United States,68.3881969387401
HON.OQ,United States,United States,69.5040068526524
GPN.N,United States,United States,48.8368358706264
ADP.OQ,United States,United States,63.696347181061
AMT.N,United States,United States,79.2681952702608
GLW.N,United States,United States,67.8577875717611
AWK.N,United States,United States,75.9747403099869
PNW.N,United States,United States,56.6931595908829
PGR.N,United States,United States,69.2922144803557
BRKb.N,United States,United States,23.5650264193997
LUV.N,United States,United States,74.0624875494033
IVZ.N,United States,United States,67.7781562139359
CTAS.OQ,United States,United States,68.4052546110114
PODD.OQ,United States,United States,73.4450723054844
ABBV.N,United States,United States,68.8989857674396
REG.OQ,United States,United States,69.7422503716113
HUM.N,United States,United States,66.1616136473108
GE.N,United States,United States,78.5917774313905
GD.N,United States,United States,62.1555750695407
MSI.N,United States,United States,76.9406742245626
PWR.N,United States,United States,76.4863879621154
TGT.N,United States,United States,82.9348578789906
ARES.N,United States,United States,42.9124269096184
HUBB.N,United States,United States,77.0986650401668
KVUE.N,United States,United States,70.5328531552311
AMAT.OQ,United States,United States,82.8172437760566
INCY.OQ,United States,United States,60.4817954204283
PYPL.OQ,United States,United States,76.0907404250467
PSX.N,United States,United States,63.0438762856813
NSC.N,United States,United States,66.6005125868771
BXP.N,United States,United States,70.4930993114748
CAH.N,United States,United States,64.1168045446104
LDOS.N,United States,United States,67.0033160111554
COF.N,United States,United States,64.1768976912656
BALL.N,United States,United States,68.1420730713432
OKE.N,United States,United States,80.8270913447271
TSCO.OQ,United States,United States,83.4695044387995
LOW.N,United States,United States,77.5544788597088
MPWR.OQ,United States,United States,57.7696089529513
LH.N,United States,United States,77.8646909581147
JKHY.OQ,United States,United States,53.6148669570777
TSLA.OQ,United States,United States,66.9427826116694
RL.N,United States,United States,72.6261213893414
AEP.OQ,United States,United States,50.8287175290552
FE.N,United States,United States,60.8143704841005
UNP.N,United States,United States,78.3340203918912
VTR.N,United States,United States,77.2569607833428
JBL.N,United States,United States,69.2294090867712
CSGP.OQ,United States,United States,68.9453245468516
RVTY.N,United States,United States,79.0989312313594
ALL.N,United States,United States,71.2260387516664
IP.N,United States,United States,66.8457832760217
SNA.N,United States,United States,54.5601819890642
EBAY.OQ,United States,United States,68.5486956563172
TPL.N,United States,United States,51.7405100790447
SJM.N,United States,United States,67.1984243554384
KO.N,United States,United States,69.0962758313493
FRT.N,United States,United States,77.9207968808201
VRSN.OQ,United States,United States,51.0847159026295
QCOM.OQ,United States,United States,73.3764964789969
CNP.N,United States,United States,44.2358258502311
CDNS.OQ,United States,United States,86.6518826983466
MDLZ.OQ,United States,United States,82.1960586682748
COHR.N,United States,United States,58.1904103618153
UPS.N,United States,United States,60.5924461219169
IBM.N,United States,United States,70.7193675232659
MSCI.N,United States,United States,56.1571834348078
SATS.OQ,United States,United States,4.92675136588943
MRK.N,United States,United States,80.8448069413981
TRMB.OQ,United States,United States,70.1242636704675
BIIB.OQ,United States,United States,73.2413082675165
DXCM.OQ,United States,United States,72.4825573352239
O.N,United States,United States,84.8992361650597
VEEV.N,United States,United States,38.5185470798431
BSX.N,United States,United States,78.5460141116125
VTRS.OQ,United States,United States,65.1015518754453
ORLY.OQ,United States,United States,43.8791028079999
KMI.N,United States,United States,81.3290738208853
CMI.N,United States,United States,64.6018421182925
GWW.N,United States,United States,78.3791843624989
ICE.N,United States,United States,62.122898791977
APO.N,United States,United States,61.9513576405922
HAS.OQ,United States,United States,64.2748602421135
DGX.N,United States,United States,69.4555737392271
CPRT.OQ,United States,United States,51.9693840586005
ADI.OQ,United States,United States,76.7120028951587
SNPS.OQ,United States,United States,70.7318540733302
CTVA.N,United States,United States,54.4006613921076
NDSN.OQ,United States,United States,56.4478348449802
PFG.OQ,United States,United States,67.2701217728821
EA.OQ,United States,United States,70.6197936704171
PKG.N,United States,United States,75.0567574452919
TMO.N,United States,United States,82.285525121966
FICO.N,United States,United States,48.395198593895
IDXX.OQ,United States,United States,69.1172334991004
TDY.N,United States,United States,39.2463650201935
SOLV.N,United States,United States,48.2799495825669
AES.N,United States,United States,73.9747050897674
TMUS.OQ,United States,United States,71.3740238635698
PH.N,United States,United States,60.7246002020441
AIZ.N,United States,United States,72.8684349919171
EIX.N,United States,United States,75.7358675716104
TT.N,United States,United States,71.5490952451469
DRI.N,United States,United States,59.6664951393266
EFX.N,United States,United States,41.5702135627114
CINF.OQ,United States,United States,35.7318280892147
HLT.N,United States,United States,81.6835910792632
CB.N,United States,United States,45.2057437118793
WMT.OQ,United States,United States,74.5978231486148
COIN.OQ,United States,United States,33.7548976354395
CBOE.Z,United States,United States,68.6803029705472
KEYS.N,United States,United States,74.4059612575366
CHRW.OQ,United States,United States,45.3974244227545
TYL.N,United States,United States,55.3194377211583
SMCI.OQ,United States,United States,39.9353415397177
PM.N,United States,United States,90.0034019688971
ES.N,United States,United States,74.0294836054914
LII.N,United States,United States,54.1340494462146
NWSA.OQ,United States,United States,68.2014634766202
FIX.N,United States,United States,54.4890809592734
GEV.N,United States,United States,49.5846992719174
NDAQ.OQ,United States,United States,79.969545591214
BAC.N,United States,United States,87.5347792742983
HOOD.OQ,United States,United States,51.4988131759945
RJF.N,United States,United States,51.8660917985539
CAG.N,United States,United States,69.5022818031701
FIS.N,United States,United States,82.2243864575523
PHM.N,United States,United States,57.0114633862621
FFIV.OQ,United States,United States,71.7303064414566
DG.N,United States,United States,65.9096771720403
WDC.OQ,United States,United States,61.4014242566355
EL.N,United States,United States,68.0225691102434
VLTO.N,United States,United States,75.1073548264731
PEP.OQ,United States,United States,78.7450404029562
TRGP.N,United States,United States,63.2688398074577
USB.N,United States,United States,61.0122161401775
AOS.N,United States,United States,51.1736973558946
MSFT.OQ,United States,United States,86.7422747108801
TRV.N,United States,United States,66.1720255209346
PAYX.OQ,United States,United States,59.4800905316908
HBAN.OQ,United States,United States,69.387036150313
COST.OQ,United States,United States,73.4427260309357
WSM.N,United States,United States,77.7384397754087
PANW.OQ,United States,United States,52.0585601820078
MLM.N,United States,United States,43.8691331978968
EVRG.OQ,United States,United States,59.9564475852757
TXN.OQ,United States,United States,62.0508834447369
MKC.N,United States,United States,74.2945254889358
ISRG.OQ,United States,United States,62.1372135246989
CMG.N,United States,United States,75.5153514782483
CPT.N,United States,United States,81.8067076129097
LLY.N,United States,United States,66.9010039158026
MET.N,United States,United States,71.7435675964821
T.N,United States,United States,72.212976541783
FAST.OQ,United States,United States,45.2397530304258
COR.N,United States,United States,53.3445298314397
XYZ.N,United States,United States,40.8374246251166
ROST.OQ,United States,United States,55.5028541734644
CPB.OQ,United States,United States,67.4415750494591
UBER.N,United States,United States,81.9115595286769
MTD.N,United States,United States,74.5496800374649
RTX.N,United States,United States,53.4330183566845
INTU.OQ,United States,United States,73.6266303505377
AMP.N,United States,United States,76.1007025657631
MTB.N,United States,United States,79.8486611516647
VLO.N,United States,United States,66.3422190048027
ECL.N,United States,United States,83.9892345652003
PSA.N,United States,United States,72.5669131144287
KKR.N,United States,United States,38.7593284921794
INVH.N,United States,United States,55.3610357216671
MU.OQ,United States,United States,59.9926419294911
WELL.N,United States,United States,71.6162729651974
AKAM.OQ,United States,United States,69.7858660701501
VST.N,United States,United States,67.3126770844761
DHR.N,United States,United States,80.9207344997092
PCAR.OQ,United States,United States,57.8706877940406
PFE.N,United States,United States,77.237869530338
GM.N,United States,United States,64.7323147931611
AMGN.OQ,United States,United States,74.2733670514809
AXON.OQ,United States,United States,52.1224195329802
NEM.N,United States,United States,86.9846757431342
CSCO.OQ,United States,United States,75.3425577058655
PLTR.OQ,United States,United States,28.0145260479341
AVB.N,United States,United States,72.9836186718319
HPQ.N,United States,United States,77.2942409144994
FTV.N,United States,United States,57.3430533327374
ETN.N,United States,United States,63.4569340201288
GNRC.N,United States,United States,39.0928226092513
DPZ.OQ,United States,United States,56.4490447924772
MGM.N,United States,United States,67.3198999925378
AJG.N,United States,United States,57.9554111253544
MPC.N,United States,United States,75.7084860490858
ARE.N,United States,United States,70.1981692112215
AFL.N,United States,United States,47.9980704665501
CTSH.OQ,United States,United States,74.9677465735945
DDOG.OQ,United States,United States,30.3113597434901
CF.N,United States,United States,56.3059122503472
ANET.N,United States,United States,49.0790662709825
GOOGL.OQ,United States,United States,79.3808160141795
GIS.N,United States,United States,76.1300783687788
IQV.N,United States,United States,60.3595161129141
TAP.N,United States,United States,49.5954854461475
NCLH.N,United States,United States,77.1860127295553
STX.OQ,United States,United States,52.1433352030744
TECH.OQ,United States,United States,73.5096933136564
BFb.N,United States,United States,45.2875942997768
JCI.N,United States,United States,68.5312335316756
FOXA.OQ,United States,United States,56.7693866724097
KR.N,United States,United States,75.9954506107783
AZO.N,United States,United States,54.4678506838671
KDP.OQ,United States,United States,55.5532573427727
BDX.N,United States,United States,84.1038186910023
L.N,United States,United States,30.8292108078829
WDAY.OQ,United States,United States,52.0644949522115
EQR.N,United States,United States,67.9732811309315
BRO.N,United States,United States,43.6637240292858
OXY.N,United States,United States,79.3814412253497
DTE.N,United States,United States,54.5749022323875
MCK.N,United States,United States,56.9104823872637
APD.N,United States,United States,77.1066172190711
CI.N,United States,United States,72.344277726888
ZBRA.OQ,United States,United States,44.1628718927034
ADM.N,United States,United States,74.0013826612146
PNC.N,United States,United States,65.2227098397587
LIN.OQ,United States,United States,79.9114732979041
LYB.N,United States,United States,78.509020220301
FITB.N,United States,United States,66.0489195986241
CCL.N,United States,United States,84.8920021947715
MCO.N,United States,United States,74.6200185837739
PTC.OQ,United States,United States,69.2037127233119
CMCSA.OQ,United States,United States,56.2970505959017
DOC.N,United States,United States,80.8656921970056
EQIX.OQ,United States,United States,71.4666195089201
ALB.N,United States,United States,67.312309310988
BEN.N,United States,United States,47.7122306973463
RCL.N,United States,United States,69.1762170578302
HII.N,United States,United States,44.1944101619486
AVY.N,United States,United States,68.2904213510806
OTIS.N,United States,United States,67.8643698678546
EMR.N,United States,United States,75.1696807757132
FANG.OQ,United States,United States,51.8295879691755
ROK.N,United States,United States,53.6501761137298
DIS.N,United States,United States,82.6775029595615
KHC.OQ,United States,United States,63.3072590836051
NEE.N,United States,United States,70.4226772220896
ADBE.OQ,United States,United States,67.462733711182
VRSK.OQ,United States,United States,70.9243488383243
ALLE.N,United States,United States,45.2019178651632
BLDR.N,United States,United States,40.4174398418859
CRH.N,United States,United States,84.6136554434099
LITE.OQ,United States,United States,84.5271422818794
NRG.N,United States,United States,52.6847115604643
ACGL.OQ,United States,United States,62.3517595131175
GOOG.OQ,United States,United States,79.3808160141795
KIM.N,United States,United States,79.8030449612045
CPAY.N,United States,United States,37.6260899450021
BKR.OQ,United States,United States,78.2335852008661
GRMN.N,United States,United States,57.5972621003281
CNC.N,United States,United States,64.6267241525291
AIG.N,United States,United States,68.7070426150886
SBUX.OQ,United States,United States,75.0889734016421
REGN.OQ,United States,United States,65.924814388789
JPM.N,United States,United States,71.0582781729044
MAR.OQ,United States,United States,74.2502828586407
EQT.N,United States,United States,44.1818309159046
AEE.N,United States,United States,43.7810721411151
WFC.N,United States,United States,61.4858835780757
CSX.OQ,United States,United States,70.5976697009875
ABNB.OQ,United States,United States,41.2012494043261
NFLX.OQ,United States,United States,37.5938785187585
SWK.N,United States,United States,67.1906778501633
VZ.N,United States,United States,69.2868189884428
CASY.OQ,United States,United States,57.3352199033274
TFC.N,United States,United States,75.4179638092938
ABT.N,United States,United States,83.5074932015955
MA.N,United States,United States,75.1791008902692
RSG.N,United States,United States,76.1424868786462
STE.N,United States,United States,64.2320392314283
AMZN.OQ,United States,United States,69.4532707713238
MMM.N,United States,United States,83.8001931969139
CDW.OQ,United States,United States,58.6573207125867
COO.OQ,United States,United States,58.9683608206164
WAB.N,United States,United States,67.2900325006111
NTAP.OQ,United States,United States,62.9522982383069
TTWO.OQ,United States,United States,53.3013380537962
TSN.N,United States,United States,38.3050452489861
DVN.N,United States,United States,59.6813031192906
ORCL.N,United States,United States,52.4772932419397
EG.N,United States,United States,59.9875161209354
WBD.OQ,United States,United States,70.6322739945603
BX.N,United States,United States,34.9414136287101
TXT.N,United States,United States,70.5137142082273
HCA.N,United States,United States,68.9406827880244
IEX.N,United States,United States,55.9362404984365
FOX.OQ,United States,United States,56.7693866724097
MNST.OQ,United States,United States,36.4363251525842
PEG.N,United States,United States,69.0248580158856
VICI.N,United States,United States,76.5092992013913
MO.N,United States,United States,85.0395803061932
ETR.N,United States,United States,48.4817041751514
HWM.N,United States,United States,67.5428802310943
EXR.N,United States,United States,76.9365771898109
LMT.N,United States,United States,85.2027219626511
C.N,United States,United States,85.1033706810315
EXC.OQ,United States,United States,69.5683219574133
CVX.N,United States,United States,67.6747417521841
F.N,United States,United States,74.9129451566168
XOM.N,United States,United States,57.5767316317633
UDR.N,United States,United States,62.3251528077857
STZ.N,United States,United States,40.8493995780937
ROL.N,United States,United States,27.5634766956138
TJX.N,United States,United States,68.6887710692442
BR.N,United States,United States,71.9926546503352
HIG.N,United States,United States,75.7590560363364
NXPI.OQ,United States,United States,81.9701832359745
FISV.OQ,United States,United States,58.5706706535747
EXPD.N,United States,United States,54.7657977695949
RF.N,United States,United States,70.4453583430111
AMD.OQ,United States,United States,70.5239426240122
BMY.N,United States,United States,75.7288773002076
PRU.N,United States,United States,61.0322524962768
PPL.N,United States,United States,63.8400208042581
BKNG.OQ,United States,United States,46.8823009621126
TEL.N,United States,United States,67.2598753393514
META.OQ,United States,United States,53.3330912548532
APA.OQ,United States,United States,58.6377417857043
COP.N,United States,United States,60.0492644238048
DAL.N,United States,United States,49.6692281294623
ESS.N,United States,United States,79.7012041450023
DELL.N,United States,United States,65.7181140219351
WM.N,United States,United States,79.7995541917433
ED.N,United States,United States,53.8842616336066
GILD.OQ,United States,United States,86.6990264035442
LEN.N,United States,United States,34.2390951336468
LULU.OQ,United States,United States,55.1006075044153
AMCR.N,United States,United States,66.6446227808112
WAT.N,United States,United States,76.2786335535212
JNJ.N,United States,United States,89.3464565506174
SWKS.OQ,United States,United States,52.5672206456037
DOV.N,United States,United States,63.2263634437298
NKE.N,United States,United States,71.1416212684827
DD.N,United States,United States,71.3774897166486
DVA.N,United States,United States,75.2514997995743
DLR.N,United States,United States,68.2025781793302
HAL.N,United States,United States,80.5852191736674
TPR.N,United States,United States,76.8873632549934
TER.OQ,United States,United States,59.7760693471074
CARR.N,United States,United States,58.6114718040981
APTV.N,United States,United States,54.4713180830283
AON.N,United States,United States,61.8132351926709
CRM.N,United States,United States,70.0086746128691
LRCX.OQ,United States,United States,74.2922143932113
EME.N,United States,United States,53.4788069124352
JBHT.OQ,United States,United States,66.3426325731554
ITW.N,United States,United States,62.4759587448347
J.N,United States,United States,76.4522334535011
XEL.OQ,United States,United States,67.2176565534009
APH.N,United States,United States,78.0714469251213
STT.N,United States,United States,76.2164878840839
ZTS.N,United States,United States,51.8303081284631
SBAC.OQ,United States,United States,61.0676728743191
GEN.OQ,United States,United States,76.6478615209147
NVDA.OQ,United States,United States,71.8919736269026
AAPL.OQ,United States,United States,70.9806298105881
MAS.N,United States,United States,69.3350952116249
NUE.N,United States,United States,53.6729892142807
PPG.N,United States,United States,81.0440236309827
IRM.N,United States,United States,77.8511660587933
VMC.N,United States,United States,49.4069555891728
SCHW.N,United States,United States,39.4227569110697
CEG.OQ,United States,United States,49.4079131513393
A.N,United States,United States,77.9595689187875
SYY.N,United States,United States,64.7318490002819
ROP.OQ,United States,United States,61.7787755882065
ON.OQ,United States,United States,53.0429256412335
SRE.N,United States,United States,74.4264649462292
PSKY.OQ,United States,United States,53.3471954236423
PCG.N,United States,United States,70.5937868998567
KEY.N,United States,United States,70.724555450828
MRSH.N,United States,United States,54.6640056600847
MCD.N,United States,United States,59.6039992731504
ULTA.OQ,United States,United States,64.1358597401491
TDG.N,United States,United States,41.7545398825999
AXP.N,United States,United States,66.2380226308751
MOS.N,United States,United States,68.4555861484623
AVGO.OQ,United States,United States,74.4650320566213
CAT.N,United States,United States,66.6864581667693
UNH.N,United States,United States,66.4113681087945
NWS.OQ,United States,United States,68.2014634766202
DOW.N,United States,United States,84.2168613640513
WMB.N,United States,United States,71.1554870540793
MAA.N,United States,United States,61.773577245282
GDDY.N,United States,United States,60.3778848862719
GL.N,United States,United States,60.6308656163714
SPGI.N,United States,United States,87.7727560339041
CHTR.OQ,United States,United States,37.3957131385739
WYNN.OQ,United States,United States,57.9482550425569
HD.N,United States,United States,73.6335753616526
HSIC.OQ,United States,United States,63.5762633681079
HSY.N,United States,United States,82.0855634032164
CVNA.N,United States,United States,21.1635875021793
KMB.OQ,United States,United States,75.0519893572532
EOG.N,United States,United States,56.5598760229316
FTNT.OQ,United States,United States,48.961343925086
CRL.N,United States,United States,79.6131926264749
ZBH.N,United States,United States,60.9670570242463
LYV.N,United States,United States,43.0867241289151
POOL.OQ,United States,United States,51.6242867923233
BNY.N,United States,United States,84.9780797827866
ATO.N,United States,United States,27.0449700910317
VRTX.OQ,United States,United States,60.8439267387504
D.N,United States,United States,69.2839724685579
HRL.N,United States,United States,60.5684187846624
BBY.N,United States,United States,77.5342757063254
IT.N,United States,United States,69.2666462003397
WRB.N,United States,United States,48.8844781450654
WTW.OQ,United States,United States,63.7894447367108
PNR.N,United States,United States,63.2833276255673
