mode,solvestatus,solstatus,feasible,elapsed_sec,n_selected,portfolio_return,portfolio_variance,portfolio_risk,esg_weighted,weight_region_Europe,weight_region_United States,weight_sector_Basic Materials,weight_sector_Communication Services,weight_sector_Consumer Cyclical,weight_sector_Consumer Defensive,weight_sector_Energy,weight_sector_Financial Services,weight_sector_Healthcare,weight_sector_Industrials,weight_sector_Real Estate,weight_sector_Technology,weight_sector_Utilities,weight_tier1_controversial,weight_tier2_defense,target_beta
min_risk,COMPLETED,OPTIMAL,True,0.5509529113769531,42,0.09870955397747386,0.008565814363344425,0.09255168482174933,70.00001000753228,0.5473718720101313,0.45262812798986884,0.015989205389951737,0.05006410873629581,0.03748147933904697,0.29999880432408527,0.0,0.11960799787009332,0.18851426445180408,0.06098435179862344,0.21602741846228818,0.01133236962781136,0.0,0.0,0.020423468160434673,0.09857284805941346
min_risk,COMPLETED,OPTIMAL,True,0.5265359878540039,41,0.10412564805518448,0.008598961248576013,0.09273058421349459,70.0000102404648,0.5501075229806375,0.4498924770193628,0.017974885951931613,0.04106576520656524,0.03191075934323843,0.2999987519862661,0.0,0.13813013364946944,0.1896316172001571,0.04979373827037907,0.21016674122010537,0.011276882020417748,0.0100507251514702,0.0,0.02201583568037242,0.10412561777782724
min_risk,COMPLETED,OPTIMAL,True,0.4338529109954834,44,0.10967838955494227,0.00869794869813691,0.09326279375043893,70.00000139790636,0.5483463344838257,0.45165366551617414,0.0197389338198771,0.028191251125792936,0.0395190302536883,0.2999998355126745,0.0,0.14194080938978632,0.20236801128001985,0.03862250582571114,0.2068202623027313,0.010611698654307552,0.01218766183541088,0.0,0.021642402005702076,0.10967838749624101
min_risk,COMPLETED,OPTIMAL,True,0.4478311538696289,43,0.11523115831461343,0.008881589195454315,0.09424218373665964,70.00000086118939,0.5481606596200076,0.4518393403799923,0.022185154136123205,0.020051728419635657,0.038874624165085817,0.2999998479450069,0.0,0.14737925236994642,0.2044054914242552,0.03779786584040179,0.19856531920158116,0.010793197216947048,0.01994751928101671,0.0,0.012011939954806136,0.11523115721465477
min_risk,COMPLETED,OPTIMAL,True,0.44782400131225586,38,0.12078394447226883,0.00914538774513446,0.09563152066726985,70.00002243987254,0.546000926157769,0.45399907384223115,0.023532863746587175,0.0,0.0359507940802409,0.29724404284437345,0.0,0.15397188167879491,0.21590581072096066,0.04083169138910681,0.19454238486968417,0.011086172600452034,0.026934358069799904,0.0,0.01167046513771427,0.12078392693306855
min_risk,COMPLETED,OPTIMAL,True,0.43455004692077637,38,0.126336699693541,0.009489715295470519,0.0974151697399872,70.00000417003358,0.5432610858391862,0.4567389141608138,0.02525208047903292,0.0,0.03187918298234241,0.2858527304479253,0.0,0.1528219493456262,0.21774016413052613,0.06352193684299852,0.17772274815567904,0.010130651320997013,0.035078556294872436,0.0,0.010098814004634511,0.1263366966514823
min_risk,COMPLETED,OPTIMAL,True,0.44788599014282227,32,0.13188946915300012,0.00994481129220572,0.09972367468262348,70.00000446995455,0.5415483461628738,0.4584516538371263,0.027672816589069234,0.0,0.03120012708591519,0.28172305060556385,0.0,0.1585374052106881,0.21538484953213327,0.07769624176238461,0.15360993043848153,0.010073181491953121,0.04410239728381122,0.0,0.0,0.13188946636989607
min_risk,COMPLETED,OPTIMAL,True,0.4435410499572754,32,0.13744223719929868,0.010524851547526613,0.10259069912777967,70.00000181801217,0.5257640025956314,0.4742359974043686,0.029483155992338694,0.02000688477222,0.041849823821186696,0.2715553423552486,0.0,0.14554474503063058,0.20999691216772315,0.08972488329369334,0.12796681338209262,0.01000789415818346,0.05386354502668278,0.0,0.0,0.13744223608830985
min_risk,COMPLETED,OPTIMAL,True,0.3549633026123047,30,0.14299501333587944,0.011281656074539074,0.10621514051461342,70.0000135153405,0.5171161240446522,0.48288387595534754,0.03107366206209119,0.020218100128402493,0.0470628313621503,0.2718038977456454,0.0,0.1393776639258894,0.21504732725555717,0.10172092895608648,0.10139415544026228,0.010152327041943512,0.06214910608197178,0.0,0.0,0.14299500580672364
min_risk,COMPLETED,OPTIMAL,True,0.42592501640319824,30,0.14854777588036538,0.012353343507187812,0.11114559598647088,70.0000005733695,0.49765551820802345,0.5023444817919764,0.03303695468476301,0.02057143692211814,0.0544971195967061,0.2536265027344076,0.0,0.1272393408988253,0.22708103780049235,0.1224199769014054,0.07365604085609458,0.010141909683264934,0.07772967992192252,0.0,0.0,0.1485477755251374
min_risk,COMPLETED,OPTIMAL,True,0.3631899356842041,30,0.1541005562757391,0.013910661618541395,0.11794346789263657,70.00001138999161,0.45687572914798213,0.5431242708520179,0.035066709875410204,0.03351601510846877,0.044310171022650405,0.24960077788622118,0.0,0.12284279376947041,0.22333051957506733,0.13366958486068503,0.0181280194552955,0.03352586983715906,0.10600953860957218,0.0,0.0,0.15410054524355116
min_risk,COMPLETED,OPTIMAL,True,0.3478240966796875,30,0.15965331786472936,0.01631879738003731,0.12774504835819395,70.00000508429233,0.4316279925652195,0.5683720074347807,0.027187757729419133,0.01600605055859105,0.052585034524554736,0.2296653443784391,0.0,0.1356629183799568,0.19862489183514703,0.1588539949391226,0.0,0.07187469324142527,0.10953931441334436,0.0,0.010001038311396955,0.15965331496196494
min_risk,COMPLETED,OPTIMAL,True,0.32694506645202637,30,0.1652060847759566,0.02066770171011919,0.1437626575648878,70.000000157431,0.401020299715575,0.598979700284425,0.010002692201560097,0.02512407721444091,0.060108318188933856,0.12450494630378577,0.0,0.12725761289967918,0.23792375327485238,0.21400820256499303,0.0,0.14489730258105776,0.056173094770696964,0.0,0.010000007891138248,0.1652060846803787
min_risk,COMPLETED,OPTIMAL,True,0.33526086807250977,30,0.1707588545715551,0.02940723508557346,0.17148537863495378,70.00000048521872,0.40342043164425856,0.5965795683557416,0.010000090354900798,0.020000354656053338,0.06331148718326914,0.020001879856308746,0.0,0.07649118733175131,0.2999975465332895,0.27135563661329115,0.0,0.21884162202993912,0.020000195441196918,0.0,0.010000013612869348,0.17075885439879246
min_risk,COMPLETED,OPTIMAL,True,0.32044005393981934,30,0.17631162452309612,0.05118810755470311,0.2262478896138108,70.00000020542083,0.4000000106949621,0.5999999922393398,0.0,0.03000000009364419,0.12757280705708376,0.020000000277609786,0.0,0.020000000225502093,0.22999999187235742,0.26242720266594155,0.0,0.30000000064527355,0.010000000096889412,0.0,0.0,0.17631162411720624
