,pt0,pt1,pt2,pt3,pt4,pt5,pt6,pt7
FER.MC,0.0,0.0,0.0,0.0,0.01,0.02,0.03,0.05
CARLb.CO,0.0,0.0,0.0,0.01,0.02,0.02,0.01,0.0
ULVR.L,0.0,0.0,0.01,0.03,0.05,0.04,0.03,0.0
INVEb.ST,0.0,0.0,0.0,0.0,0.0,0.0,0.0,0.01
LAGRb.ST,0.0,0.0,0.0,0.0,0.0,0.0,0.0,0.0
STERV.HE,0.0,0.0,0.0,0.0,0.0,0.0,0.0,0.02
EPIRa.ST,0.0,0.0,0.0,0.0,0.0,0.0,0.01,0.04
VIS.MC,0.19,0.06,0.07,0.04,0.04,0.03,0.0,0.0
PHG.AS,0.0,0.0,0.0,0.0,0.0,0.0,0.0,0.0
BEIJb.ST,0.0,0.0,0.0,0.0,0.0,0.0,0.0,0.04
ALLFG.AS,0.0,0.0,0.0,0.0,0.0,0.0,0.0,0.0
IPN.PA,0.0,0.0,0.0,0.01,0.01,0.01,0.01,0.0
SCHP.S,0.0,0.0,0.0,0.0,0.01,0.01,0.01,0.0
SQN.S,0.0,0.0,0.0,0.01,0.07,0.15,0.23,0.37
DAST.PA,0.0,0.0,0.0,0.0,0.0,0.0,0.0,0.0
GEBN.S,0.0,0.0,0.0,0.0,0.01,0.02,0.02,0.01
SKFb.ST,0.0,0.0,0.0,0.0,0.0,0.0,0.0,0.0
TLXGn.DE,0.0,0.0,0.0,0.0,0.01,0.04,0.06,0.04
DHER.DE,0.0,0.0,0.0,0.0,0.0,0.0,0.0,0.0
GBLB.BR,0.0,0.0,0.0,0.0,0.0,0.0,0.0,0.0
GALE.S,1.0,1.0,1.0,0.97,0.85,0.66,0.4,0.07
FRES.L,0.0,0.0,0.0,0.0,0.0,0.03,0.08,0.04
AIXGn.DE,0.0,0.0,0.0,0.0,0.0,0.0,0.0,0.04
VOD.L,0.0,0.0,0.0,0.0,0.0,0.0,0.0,0.0
ZEG.L,0.5,0.52,0.59,0.65,0.57,0.37,0.14,0.01
SATG_p.DE,0.0,0.0,0.0,0.0,0.0,0.04,0.04,0.09
AZMT.MI,0.0,0.0,0.0,0.0,0.0,0.0,0.0,0.0
MNG.L,0.0,0.0,0.0,0.0,0.0,0.0,0.0,0.01
MICP.PA,0.0,0.0,0.0,0.0,0.0,0.0,0.0,0.0
PRY.MI,0.0,0.0,0.0,0.0,0.0,0.02,0.05,0.07
ORSTED.CO,0.0,0.0,0.0,0.0,0.0,0.02,0.02,0.01
BAYGn.DE,0.0,0.0,0.0,0.0,0.0,0.0,0.0,0.0
BAB.L,0.0,0.0,0.0,0.0,0.0,0.0,0.0,0.0
RENA.PA,0.0,0.0,0.0,0.0,0.0,0.0,0.0,0.0
HSX.L,0.04,0.0,0.0,0.01,0.01,0.0,0.0,0.0
HMb.ST,0.0,0.0,0.0,0.0,0.0,0.0,0.0,0.0
GETIb.ST,0.0,0.0,0.0,0.0,0.0,0.0,0.0,0.0
TRN.MI,0.0,0.0,0.0,0.0,0.0,0.01,0.01,0.0
CWK.L,0.0,0.0,0.0,0.02,0.02,0.02,0.04,0.01
LDOF.MI,0.0,0.0,0.0,0.0,0.0,0.01,0.02,0.08
SIKA.S,0.0,0.0,0.0,0.0,0.0,0.0,0.02,0.03
SOON.S,0.0,0.0,0.0,0.0,0.0,0.0,0.01,0.02
ALEP.WA,0.0,0.0,0.0,0.0,0.0,0.0,0.0,0.0
RAAG.DE,0.0,0.0,0.0,0.0,0.0,0.0,0.0,0.0
BRBY.L,0.0,0.0,0.0,0.0,0.0,0.0,0.0,0.0
TEMN.S,0.0,0.0,0.0,0.0,0.0,0.0,0.0,0.02
STDM.PA,0.0,0.0,0.0,0.0,0.0,0.0,0.05,0.06
SRP.L,0.0,0.0,0.0,0.03,0.03,0.03,0.04,0.03
MAERSKb.CO,0.0,0.0,0.0,0.0,0.0,0.0,0.0,0.0
VATN.S,0.97,0.85,0.58,0.33,0.11,0.04,0.01,0.0
VLLP.PA,0.0,0.0,0.0,0.0,0.0,0.0,0.0,0.0
KNIN.S,0.0,0.0,0.02,0.03,0.02,0.01,0.0,0.0
MRL.MC,0.0,0.0,0.0,0.0,0.0,0.0,0.0,0.0
BT.L,0.0,0.0,0.0,0.0,0.0,0.0,0.0,0.0
RKT.L,0.01,0.0,0.0,0.0,0.04,0.03,0.02,0.0
VACN.S,0.0,0.0,0.01,0.01,0.01,0.04,0.06,0.16
SSE.L,0.0,0.0,0.0,0.0,0.0,0.0,0.0,0.0
BEAN.S,0.02,0.04,0.1,0.19,0.22,0.25,0.21,0.11
LGEN.L,0.0,0.0,0.0,0.0,0.0,0.0,0.0,0.0
SGE.L,0.0,0.0,0.0,0.0,0.0,0.0,0.0,0.0
EDPR.LS,0.0,0.0,0.0,0.0,0.01,0.02,0.01,0.01
LOGN.S,0.0,0.01,0.04,0.07,0.14,0.16,0.18,0.21
BTRW.L,0.0,0.0,0.0,0.0,0.0,0.0,0.0,0.0
LAND.L,0.0,0.0,0.0,0.0,0.0,0.0,0.0,0.0
IMB.L,0.23,0.09,0.08,0.05,0.02,0.01,0.0,0.0
QLT.L,0.0,0.0,0.0,0.0,0.0,0.0,0.0,0.0
ADYEN.AS,0.0,0.0,0.0,0.0,0.0,0.0,0.0,0.01
GF.S,0.0,0.0,0.0,0.0,0.0,0.0,0.0,0.0
KGH.WA,0.0,0.0,0.0,0.0,0.0,0.0,0.01,0.04
YAR.OL,0.0,0.0,0.0,0.0,0.0,0.0,0.0,0.0
ADP.PA,0.0,0.0,0.0,0.0,0.0,0.0,0.0,0.0
QQ.L,0.34,0.19,0.11,0.07,0.04,0.01,0.0,0.0
SAF.PA,0.0,0.0,0.0,0.0,0.0,0.0,0.0,0.08
ACS.MC,0.0,0.0,0.0,0.0,0.01,0.01,0.04,0.05
INF.L,0.0,0.0,0.0,0.0,0.0,0.0,0.0,0.0
SAPG.DE,0.0,0.0,0.0,0.0,0.0,0.01,0.02,0.04
TCAPI.L,0.0,0.0,0.0,0.0,0.0,0.0,0.0,0.0
HWDN.L,0.0,0.0,0.0,0.0,0.0,0.0,0.0,0.0
SAMPO.HE,0.0,0.0,0.0,0.0,0.0,0.0,0.0,0.0
ARGX.BR,0.07,0.22,0.49,0.64,0.77,0.79,0.79,0.68
IMI.L,0.0,0.0,0.0,0.0,0.0,0.0,0.0,0.01
SAABb.ST,0.0,0.0,0.0,0.0,0.02,0.04,0.05,0.13
NAFG.DE,0.0,0.0,0.0,0.0,0.0,0.0,0.02,0.03
INVP.L,0.0,0.0,0.0,0.0,0.0,0.0,0.0,0.0
RYA.I,0.0,0.0,0.0,0.0,0.0,0.01,0.01,0.01
SFZN.S,0.0,0.02,0.1,0.15,0.19,0.2,0.19,0.07
SALM.OL,0.0,0.0,0.0,0.02,0.02,0.04,0.04,0.04
CARR.PA,0.0,0.0,0.0,0.0,0.0,0.0,0.0,0.0
RBIV.VI,0.0,0.0,0.0,0.0,0.0,0.0,0.02,0.04
HNKG_p.DE,0.01,0.0,0.0,0.0,0.0,0.0,0.0,0.0
FPE3_p.DE,0.0,0.0,0.0,0.0,0.0,0.0,0.0,0.0
LIFCOb.ST,0.0,0.0,0.0,0.0,0.0,0.0,0.0,0.04
SAVE.ST,0.0,0.0,0.0,0.0,0.0,0.0,0.0,0.0
ATCOa.ST,0.0,0.0,0.0,0.0,0.0,0.0,0.01,0.05
ERST.VI,0.0,0.0,0.0,0.0,0.0,0.0,0.0,0.04
BCU.MI,0.0,0.0,0.0,0.0,0.01,0.02,0.03,0.05
VALMT.HE,0.0,0.0,0.0,0.01,0.01,0.01,0.01,0.01
ENEI.MI,0.0,0.0,0.0,0.0,0.0,0.0,0.0,0.01
FNTGn.DE,0.0,0.0,0.0,0.0,0.0,0.0,0.0,0.0
INCH.L,0.0,0.0,0.0,0.0,0.0,0.0,0.0,0.0
ORK.OL,0.0,0.0,0.01,0.0,0.0,0.01,0.01,0.0
PRX.AS,0.0,0.0,0.01,0.01,0.01,0.0,0.0,0.0
AKZO.AS,0.0,0.0,0.0,0.0,0.0,0.0,0.0,0.0
SB1NO.OL,0.0,0.0,0.0,0.0,0.0,0.0,0.01,0.02
AAF.L,0.0,0.0,0.0,0.0,0.01,0.02,0.03,0.03
PZU.WA,0.0,0.0,0.0,0.0,0.0,0.0,0.0,0.0
RWEG.DE,0.0,0.0,0.0,0.0,0.0,0.0,0.01,0.0
KSP.I,0.0,0.0,0.0,0.0,0.0,0.0,0.0,0.01
LATOb.ST,0.0,0.0,0.0,0.0,0.0,0.0,0.0,0.0
SGEF.PA,0.0,0.0,0.0,0.0,0.0,0.0,0.0,0.0
BGN.MI,0.0,0.0,0.0,0.0,0.0,0.0,0.0,0.01
AAK.ST,0.0,0.0,0.0,0.0,0.0,0.0,0.0,0.0
PKN.WA,0.01,0.01,0.01,0.0,0.01,0.01,0.01,0.0
WIHL.ST,0.0,0.0,0.0,0.0,0.0,0.0,0.0,0.0
ENX.PA,0.0,0.0,0.0,0.02,0.02,0.01,0.01,0.01
TW.L,0.0,0.0,0.0,0.0,0.0,0.0,0.0,0.0
ALVG.DE,0.0,0.0,0.0,0.0,0.0,0.0,0.0,0.0
TPRO.MI,0.32,0.28,0.17,0.17,0.11,0.07,0.05,0.02
DHLn.DE,0.0,0.0,0.0,0.0,0.0,0.0,0.0,0.0
SHLG.DE,0.0,0.0,0.0,0.01,0.01,0.01,0.01,0.01
LHAG.DE,0.0,0.0,0.0,0.0,0.0,0.0,0.0,0.0
PAFR.L,0.04,0.08,0.09,0.16,0.22,0.26,0.21,0.15
DTGGe.DE,0.0,0.0,0.0,0.0,0.0,0.01,0.01,0.03
LSEG.L,0.0,0.0,0.0,0.0,0.0,0.01,0.02,0.02
TENR.MI,0.0,0.0,0.0,0.0,0.0,0.0,0.0,0.0
PKO.WA,0.0,0.0,0.0,0.0,0.0,0.0,0.0,0.03
DRX.L,0.0,0.0,0.0,0.0,0.01,0.01,0.01,0.04
SMIN.L,0.0,0.0,0.0,0.0,0.0,0.0,0.0,0.0
QIA.DE,0.84,0.7,0.47,0.35,0.24,0.13,0.08,0.01
MT.AS,0.0,0.0,0.0,0.0,0.0,0.0,0.0,0.04
AM.PA,0.0,0.0,0.0,0.0,0.0,0.0,0.0,0.0
RBREW.CO,0.0,0.0,0.0,0.0,0.0,0.0,0.0,0.0
NEXS.PA,0.0,0.0,0.0,0.0,0.01,0.01,0.02,0.08
TKAG.DE,0.0,0.0,0.0,0.0,0.0,0.0,0.0,0.0
BARN.S,0.81,0.67,0.38,0.34,0.25,0.13,0.05,0.0
AENA.MC,0.0,0.0,0.0,0.0,0.01,0.02,0.01,0.0
ITV.L,0.0,0.0,0.0,0.0,0.0,0.0,0.0,0.0
BAMI.MI,0.0,0.0,0.0,0.0,0.0,0.0,0.0,0.0
RACE.MI,0.0,0.0,0.0,0.0,0.01,0.03,0.08,0.11
TUB.BR,0.0,0.0,0.0,0.01,0.01,0.01,0.01,0.01
EZJ.L,0.0,0.0,0.0,0.0,0.0,0.0,0.0,0.0
III.L,0.0,0.0,0.0,0.0,0.01,0.01,0.07,0.17
LUNDb.ST,0.0,0.0,0.0,0.0,0.0,0.0,0.0,0.0
ERICb.ST,0.0,0.0,0.0,0.0,0.0,0.0,0.0,0.0
NEKG.DE,0.0,0.0,0.0,0.0,0.0,0.0,0.01,0.07
MAP.MC,0.0,0.0,0.0,0.0,0.0,0.0,0.0,0.0
CLNX.MC,0.0,0.0,0.0,0.0,0.0,0.0,0.0,0.0
CTEC.L,0.01,0.01,0.02,0.04,0.06,0.05,0.04,0.01
ROPC.S,0.54,0.43,0.3,0.23,0.14,0.13,0.05,0.01
PSON.L,0.0,0.0,0.01,0.01,0.01,0.0,0.0,0.0
IBE.MC,0.0,0.0,0.0,0.02,0.12,0.16,0.19,0.1
SEBa.ST,0.0,0.0,0.0,0.0,0.0,0.0,0.0,0.0
LEGn.DE,0.0,0.0,0.0,0.0,0.0,0.0,0.0,0.0
BMWG.DE,0.0,0.0,0.0,0.0,0.0,0.0,0.0,0.0
SJP.L,0.0,0.0,0.0,0.0,0.0,0.0,0.0,0.0
GAW.L,0.0,0.0,0.04,0.08,0.19,0.33,0.39,0.37
SY1G.DE,0.0,0.0,0.0,0.0,0.0,0.0,0.0,0.0
ABNd.AS,0.0,0.0,0.0,0.0,0.0,0.0,0.01,0.0
PNN.L,0.0,0.0,0.0,0.0,0.0,0.0,0.0,0.0
EVOG.ST,0.0,0.0,0.0,0.0,0.01,0.04,0.08,0.15
OMVV.VI,0.0,0.0,0.0,0.0,0.0,0.0,0.0,0.01
NTGY.MC,0.0,0.0,0.0,0.0,0.0,0.0,0.0,0.0
NOVN.S,0.03,0.08,0.11,0.12,0.12,0.1,0.05,0.0
UMG.AS,0.0,0.0,0.0,0.0,0.0,0.0,0.0,0.0
PST.MI,0.0,0.0,0.0,0.0,0.0,0.0,0.0,0.01
GALP.LS,0.0,0.0,0.0,0.0,0.0,0.01,0.01,0.0
VWS.CO,0.0,0.0,0.0,0.0,0.0,0.01,0.02,0.02
PERP.PA,0.0,0.0,0.0,0.0,0.0,0.0,0.0,0.0
VAR.OL,0.15,0.05,0.02,0.03,0.02,0.01,0.01,0.0
BLND.L,0.0,0.0,0.0,0.0,0.0,0.0,0.0,0.0
P911_p.DE,0.0,0.0,0.0,0.0,0.0,0.0,0.0,0.0
MNDI.L,0.0,0.0,0.0,0.0,0.0,0.0,0.0,0.0
BAER.S,0.0,0.0,0.0,0.0,0.0,0.0,0.0,0.0
EUFI.PA,0.0,0.0,0.0,0.0,0.0,0.0,0.02,0.02
PRU.L,0.0,0.0,0.0,0.0,0.0,0.0,0.0,0.0
VERB.VI,0.0,0.0,0.01,0.04,0.1,0.11,0.11,0.1
NDAFI.HE,0.0,0.0,0.0,0.0,0.0,0.0,0.0,0.0
PEO.WA,0.0,0.0,0.0,0.0,0.0,0.0,0.0,0.01
EVKn.DE,0.0,0.0,0.0,0.0,0.0,0.0,0.0,0.0
CMBN.S,0.0,0.0,0.02,0.02,0.02,0.0,0.0,0.0
ACCP.PA,0.0,0.0,0.0,0.0,0.0,0.0,0.0,0.0
ORNBV.HE,0.43,0.41,0.31,0.4,0.34,0.26,0.12,0.01
BBOXT.L,0.0,0.0,0.0,0.0,0.0,0.0,0.0,0.0
SUBC.OL,0.0,0.0,0.0,0.0,0.0,0.0,0.0,0.03
SBMO.AS,0.0,0.0,0.0,0.01,0.01,0.01,0.01,0.0
ADDTb.ST,0.0,0.0,0.0,0.0,0.0,0.0,0.0,0.04
AKE.PA,0.0,0.0,0.0,0.0,0.0,0.0,0.0,0.0
WRT1V.HE,0.0,0.0,0.0,0.0,0.0,0.0,0.0,0.01
EBP.WA,0.0,0.0,0.0,0.0,0.0,0.0,0.0,0.01
HAGG.DE,0.0,0.01,0.0,0.03,0.04,0.03,0.1,0.14
GRLS.MC,0.0,0.0,0.0,0.0,0.0,0.0,0.0,0.0
G24n.DE,0.01,0.0,0.01,0.02,0.04,0.04,0.04,0.0
FRAG.DE,0.0,0.0,0.0,0.0,0.0,0.0,0.0,0.0
FREG.DE,0.0,0.0,0.0,0.0,0.0,0.0,0.0,0.0
EDP.LS,0.0,0.0,0.0,0.0,0.0,0.0,0.0,0.0
TRYG.CO,0.0,0.0,0.0,0.0,0.0,0.0,0.0,0.0
NOVOb.CO,0.12,0.16,0.11,0.09,0.09,0.07,0.04,0.01
DPLM.L,0.0,0.0,0.0,0.0,0.0,0.0,0.0,0.03
BAVA.CO,0.0,0.0,0.0,0.0,0.0,0.0,0.0,0.0
AOO.BR,0.0,0.0,0.0,0.0,0.0,0.01,0.01,0.01
IGG.L,0.01,0.0,0.0,0.0,0.0,0.0,0.0,0.0
AD.AS,0.75,0.81,0.62,0.5,0.32,0.16,0.09,0.01
TLIT.MI,0.0,0.0,0.0,0.0,0.0,0.0,0.0,0.0
AMBUb.CO,0.0,0.0,0.01,0.01,0.0,0.0,0.0,0.0
HIK.L,0.0,0.0,0.0,0.0,0.0,0.0,0.0,0.0
CAPP.PA,0.0,0.0,0.0,0.0,0.0,0.0,0.0,0.0
BGEO.L,0.0,0.0,0.0,0.0,0.03,0.05,0.08,0.08
BIRG.I,0.0,0.0,0.0,0.0,0.0,0.0,0.0,0.0
DCC.L,0.0,0.0,0.0,0.0,0.0,0.0,0.0,0.0
KNEBV.HE,0.0,0.0,0.0,0.0,0.0,0.0,0.0,0.0
DLN.L,0.0,0.0,0.0,0.0,0.0,0.0,0.0,0.0
WTB.L,0.0,0.0,0.0,0.0,0.0,0.0,0.0,0.0
GL9.I,0.05,0.04,0.03,0.04,0.03,0.02,0.0,0.0
TE.PA,0.0,0.01,0.01,0.02,0.02,0.02,0.04,0.09
NN.AS,0.0,0.0,0.0,0.0,0.0,0.0,0.0,0.0
ROCKb.CO,0.0,0.0,0.0,0.0,0.0,0.0,0.01,0.04
UPM.HE,0.04,0.02,0.03,0.04,0.04,0.04,0.04,0.01
BKT.MC,0.03,0.06,0.08,0.09,0.07,0.04,0.03,0.04
AKRBP.OL,0.0,0.0,0.0,0.0,0.0,0.01,0.03,0.03
MONC.MI,0.0,0.0,0.0,0.0,0.0,0.0,0.04,0.08
ADEN.S,0.0,0.0,0.0,0.0,0.0,0.0,0.0,0.0
SYENS.BR,0.0,0.0,0.0,0.0,0.0,0.0,0.0,0.0
EONGn.DE,0.0,0.0,0.0,0.0,0.0,0.0,0.01,0.0
LISP.S,0.85,0.82,0.67,0.54,0.39,0.3,0.16,0.03
WEIR.L,0.0,0.0,0.0,0.0,0.0,0.0,0.0,0.0
ACKB.BR,0.0,0.0,0.0,0.0,0.0,0.0,0.0,0.0
VNAn.DE,0.0,0.0,0.0,0.0,0.0,0.0,0.0,0.0
MTO.L,0.0,0.0,0.0,0.0,0.0,0.0,0.01,0.0
EDEN.PA,0.0,0.0,0.0,0.0,0.0,0.0,0.0,0.0
HOTG.DE,0.0,0.0,0.0,0.0,0.0,0.0,0.02,0.07
BAES.L,0.08,0.07,0.05,0.02,0.02,0.02,0.03,0.0
ENAG.MC,0.0,0.0,0.0,0.0,0.0,0.0,0.0,0.0
VEND.OL,0.0,0.0,0.0,0.0,0.0,0.0,0.0,0.0
BIOX.PA,0.0,0.0,0.01,0.04,0.11,0.16,0.13,0.05
NKT.CO,0.0,0.0,0.0,0.0,0.0,0.0,0.0,0.04
SDR.L,0.0,0.0,0.0,0.0,0.0,0.0,0.0,0.0
TRELb.ST,0.0,0.0,0.0,0.0,0.0,0.0,0.0,0.0
BWY.L,0.0,0.0,0.0,0.0,0.0,0.0,0.0,0.0
INGA.AS,0.0,0.0,0.0,0.0,0.0,0.0,0.0,0.0
NEXII.MI,0.0,0.0,0.0,0.0,0.0,0.0,0.0,0.0
BAKKA.OL,0.0,0.0,0.0,0.0,0.0,0.0,0.0,0.0
HRA.MI,0.0,0.0,0.0,0.0,0.0,0.01,0.01,0.0
BCVN.S,1.0,1.0,0.96,0.73,0.39,0.17,0.06,0.0
BMPS.MI,0.0,0.0,0.0,0.0,0.0,0.0,0.0,0.0
STB.OL,0.0,0.0,0.0,0.0,0.0,0.01,0.02,0.05
BOUY.PA,0.0,0.0,0.0,0.0,0.0,0.0,0.0,0.0
AXAF.PA,0.0,0.0,0.0,0.0,0.0,0.0,0.0,0.0
TEGG.DE,0.0,0.0,0.0,0.0,0.0,0.0,0.0,0.0
HOLN.S,0.0,0.0,0.0,0.0,0.0,0.0,0.01,0.03
GASI.MI,0.0,0.0,0.0,0.01,0.01,0.02,0.01,0.01
UU.L,0.0,0.0,0.0,0.0,0.0,0.01,0.01,0.0
ACPP.WA,0.0,0.0,0.06,0.13,0.12,0.11,0.09,0.04
MWDP.PA,0.0,0.0,0.0,0.0,0.0,0.0,0.0,0.0
A2.MI,0.0,0.0,0.0,0.0,0.0,0.0,0.0,0.0
ZELA.CO,0.0,0.0,0.0,0.0,0.0,0.01,0.03,0.04
REDE.MC,0.0,0.0,0.0,0.0,0.0,0.0,0.0,0.0
TEPRF.PA,0.0,0.0,0.0,0.0,0.0,0.0,0.0,0.0
STMMI.MI,0.0,0.0,0.0,0.0,0.0,0.0,0.0,0.04
EQNR.OL,0.01,0.01,0.02,0.01,0.0,0.0,0.0,0.0
VLOF.PA,0.0,0.0,0.0,0.0,0.0,0.0,0.0,0.0
ALKb.CO,0.0,0.01,0.02,0.07,0.08,0.08,0.09,0.06
SECUb.ST,0.0,0.0,0.0,0.0,0.0,0.0,0.0,0.0
EMG.L,0.0,0.0,0.0,0.0,0.0,0.0,0.01,0.0
EXHO.PA,0.0,0.0,0.0,0.0,0.0,0.0,0.0,0.0
SSABb.ST,0.0,0.0,0.0,0.0,0.0,0.0,0.01,0.02
AZN.L,0.0,0.01,0.05,0.12,0.17,0.23,0.22,0.09
BKGH.L,0.0,0.0,0.0,0.0,0.0,0.0,0.0,0.0
ICGIN.L,0.0,0.0,0.0,0.0,0.0,0.0,0.0,0.01
AUTOA.L,0.0,0.0,0.0,0.0,0.0,0.0,0.0,0.0
RMV.L,0.0,0.0,0.0,0.0,0.0,0.0,0.0,0.0
VZN.S,0.36,0.4,0.35,0.28,0.16,0.09,0.03,0.0
PUIGb.MC,0.0,0.0,0.0,0.0,0.0,0.0,0.0,0.0
IETB.BR,0.0,0.0,0.0,0.01,0.03,0.07,0.16,0.18
IMCD.AS,0.0,0.0,0.0,0.0,0.0,0.0,0.0,0.0
SWEDa.ST,0.0,0.0,0.0,0.0,0.0,0.0,0.0,0.0
SCHN.PA,0.0,0.0,0.0,0.0,0.0,0.0,0.04,0.12
KPN.AS,0.01,0.01,0.01,0.01,0.01,0.02,0.01,0.0
WBSV.VI,0.0,0.0,0.0,0.0,0.0,0.0,0.0,0.0
TEL2b.ST,0.0,0.0,0.0,0.01,0.02,0.03,0.03,0.01
WLSNc.AS,0.0,0.0,0.01,0.02,0.03,0.02,0.01,0.0
BP.L,0.0,0.0,0.0,0.0,0.0,0.0,0.0,0.0
LLOY.L,0.0,0.0,0.0,0.0,0.0,0.0,0.0,0.0
ARDS.AS,0.0,0.0,0.0,0.0,0.0,0.01,0.02,0.05
SFSN.S,0.0,0.0,0.0,0.0,0.0,0.0,0.0,0.0
CCH.L,0.0,0.0,0.0,0.0,0.0,0.0,0.02,0.03
ESSITYb.ST,0.0,0.0,0.0,0.0,0.0,0.01,0.01,0.0
MOWI.OL,0.0,0.0,0.0,0.01,0.02,0.01,0.01,0.0
SAN.MC,0.0,0.0,0.0,0.0,0.0,0.0,0.0,0.0
HLMA.L,0.0,0.0,0.0,0.0,0.0,0.0,0.0,0.0
SIEGn.DE,0.0,0.0,0.0,0.0,0.0,0.0,0.0,0.02
THULE.ST,0.0,0.0,0.0,0.0,0.0,0.0,0.0,0.01
KEMIRA.HE,0.0,0.0,0.0,0.0,0.0,0.01,0.02,0.01
HUH1V.HE,0.0,0.0,0.0,0.0,0.0,0.0,0.0,0.0
DNP.WA,0.0,0.0,0.0,0.02,0.06,0.11,0.14,0.16
ABBN.S,0.0,0.0,0.03,0.05,0.08,0.1,0.14,0.15
AG1G.DE,0.0,0.0,0.0,0.0,0.0,0.0,0.0,0.0
UNPI.MI,0.0,0.0,0.0,0.0,0.0,0.01,0.03,0.04
BAWG.VI,0.0,0.0,0.02,0.02,0.02,0.03,0.06,0.09
RS1R.L,0.0,0.0,0.0,0.0,0.0,0.0,0.01,0.01
BC8G.DE,0.0,0.0,0.0,0.0,0.0,0.0,0.0,0.02
ENR1n.DE,0.0,0.0,0.0,0.0,0.0,0.0,0.01,0.11
RHMG.DE,0.01,0.1,0.26,0.38,0.54,0.6,0.62,0.67
AIRP.PA,0.0,0.0,0.0,0.0,0.0,0.01,0.02,0.01
GETP.PA,0.0,0.0,0.0,0.0,0.01,0.01,0.01,0.0
HEIO.AS,0.0,0.0,0.0,0.0,0.0,0.0,0.0,0.0
ROR.L,0.0,0.0,0.0,0.0,0.0,0.0,0.0,0.0
FHZN.S,0.0,0.02,0.01,0.02,0.02,0.02,0.01,0.0
DTEGn.DE,0.0,0.0,0.0,0.0,0.0,0.02,0.03,0.01
STAN.L,0.0,0.0,0.0,0.0,0.01,0.02,0.02,0.03
RR.L,0.0,0.0,0.0,0.0,0.0,0.0,0.0,0.04
ADSGn.DE,0.0,0.0,0.0,0.0,0.0,0.01,0.02,0.01
MYCR.ST,0.0,0.0,0.0,0.0,0.0,0.0,0.02,0.03
SASY.PA,0.0,0.01,0.01,0.01,0.01,0.02,0.0,0.0
SIGNC.S,0.65,0.46,0.34,0.34,0.25,0.22,0.13,0.04
FOUG.PA,0.0,0.0,0.0,0.0,0.0,0.0,0.0,0.0
UBSG.S,0.0,0.0,0.0,0.0,0.0,0.0,0.0,0.0
STLAM.MI,0.0,0.0,0.0,0.0,0.0,0.0,0.0,0.01
RAND.AS,0.0,0.0,0.0,0.0,0.0,0.0,0.0,0.0
NOD.OL,0.0,0.0,0.0,0.0,0.0,0.0,0.0,0.03
MKS.L,0.0,0.0,0.0,0.0,0.0,0.0,0.0,0.0
JMAT.L,0.0,0.0,0.0,0.0,0.0,0.0,0.0,0.0
ENT.L,0.0,0.0,0.0,0.0,0.0,0.0,0.0,0.02
ASRNL.AS,0.0,0.0,0.0,0.0,0.01,0.01,0.03,0.03
PSPN.S,0.7,0.61,0.48,0.34,0.2,0.1,0.05,0.0
BMEB.L,0.0,0.0,0.0,0.0,0.0,0.0,0.0,0.0
UTG.L,0.0,0.0,0.0,0.0,0.0,0.0,0.0,0.0
SABE.MC,0.0,0.0,0.0,0.0,0.0,0.0,0.0,0.01
IFXGn.DE,0.0,0.0,0.0,0.0,0.0,0.0,0.0,0.02
CAGR.PA,0.0,0.0,0.0,0.0,0.0,0.0,0.0,0.0
TELIA.ST,0.0,0.0,0.0,0.0,0.0,0.0,0.0,0.0
PRTP.PA,0.0,0.0,0.0,0.0,0.0,0.0,0.0,0.02
RECI.MI,0.0,0.0,0.0,0.0,0.0,0.0,0.0,0.0
BATS.L,0.0,0.01,0.04,0.06,0.02,0.02,0.02,0.0
SDFGn.DE,0.0,0.0,0.0,0.0,0.0,0.0,0.0,0.0
ANA.MC,0.0,0.0,0.0,0.0,0.01,0.04,0.06,0.05
ASSAb.ST,0.0,0.0,0.0,0.0,0.0,0.0,0.0,0.0
ITRK.L,0.0,0.0,0.0,0.0,0.0,0.01,0.01,0.0
NIBEb.ST,0.0,0.0,0.0,0.0,0.0,0.0,0.0,0.01
HBANC.S,0.01,0.01,0.01,0.01,0.01,0.01,0.01,0.0
FRO.OL,0.15,0.08,0.05,0.06,0.04,0.02,0.01,0.02
SCOR.PA,0.0,0.0,0.0,0.0,0.0,0.0,0.0,0.0
BALF.L,0.01,0.01,0.04,0.05,0.07,0.07,0.07,0.04
JMT.LS,0.0,0.02,0.03,0.04,0.06,0.08,0.08,0.02
SUN.S,0.0,0.0,0.0,0.0,0.01,0.01,0.01,0.01
KCRA.HE,0.0,0.0,0.0,0.0,0.0,0.0,0.02,0.05
UNI.MC,0.0,0.0,0.0,0.0,0.01,0.01,0.01,0.01
KOG.OL,0.0,0.03,0.07,0.13,0.17,0.23,0.23,0.17
ALLN.S,1.0,0.98,0.84,0.57,0.26,0.1,0.03,0.0
ELI.BR,0.0,0.0,0.0,0.01,0.04,0.04,0.05,0.01
HNRGn.DE,0.0,0.0,0.0,0.0,0.0,0.0,0.0,0.0
CNA.L,0.0,0.0,0.0,0.0,0.0,0.0,0.0,0.0
DSV.CO,0.0,0.0,0.0,0.01,0.02,0.08,0.09,0.12
DB1Gn.DE,0.0,0.0,0.0,0.02,0.03,0.03,0.03,0.01
BVI.PA,0.0,0.0,0.0,0.0,0.0,0.0,0.0,0.0
EQTAB.ST,0.0,0.0,0.0,0.0,0.0,0.0,0.0,0.06
IG.MI,0.0,0.0,0.0,0.0,0.01,0.04,0.04,0.02
TTEF.PA,0.0,0.0,0.0,0.0,0.0,0.0,0.0,0.0
MBGn.DE,0.0,0.0,0.0,0.0,0.0,0.0,0.0,0.0
FBK.MI,0.0,0.0,0.0,0.0,0.0,0.0,0.03,0.03
SAGAb.ST,0.0,0.0,0.0,0.0,0.0,0.0,0.01,0.02
MTXGn.DE,0.0,0.0,0.0,0.0,0.01,0.03,0.03,0.12
ALSYDB.CO,0.01,0.01,0.0,0.02,0.02,0.02,0.01,0.0
SBNOR.OL,0.16,0.26,0.3,0.3,0.16,0.08,0.05,0.02
SOGN.PA,0.0,0.0,0.0,0.0,0.0,0.0,0.0,0.0
ACLN.S,0.02,0.13,0.32,0.43,0.51,0.51,0.53,0.46
DBKGn.DE,0.0,0.0,0.0,0.0,0.0,0.0,0.0,0.0
NWG.L,0.0,0.0,0.0,0.0,0.01,0.01,0.01,0.02
SAND.ST,0.0,0.0,0.0,0.0,0.0,0.0,0.0,0.04
NDXG.DE,0.0,0.0,0.0,0.0,0.0,0.0,0.0,0.02
INWT.MI,0.0,0.0,0.0,0.01,0.02,0.02,0.03,0.01
SRENH.S,0.0,0.0,0.0,0.0,0.0,0.0,0.01,0.01
RILBA.CO,0.0,0.0,0.07,0.15,0.13,0.08,0.05,0.02
JYSK.CO,0.0,0.0,0.01,0.01,0.02,0.01,0.0,0.0
LOTB.BR,0.76,0.81,0.79,0.71,0.61,0.51,0.35,0.09
AALB.AS,0.0,0.0,0.0,0.0,0.0,0.0,0.0,0.0
NOKIA.HE,0.0,0.0,0.0,0.0,0.0,0.0,0.0,0.0
KBCA.BR,0.0,0.0,0.0,0.0,0.0,0.0,0.0,0.0
BNRGn.DE,0.0,0.0,0.0,0.0,0.0,0.0,0.0,0.0
AMA.MC,0.0,0.0,0.0,0.0,0.0,0.0,0.0,0.0
BZU.MI,0.0,0.0,0.0,0.0,0.0,0.0,0.0,0.02
BEZG.L,0.0,0.0,0.0,0.01,0.01,0.01,0.01,0.0
AAL.L,0.0,0.0,0.0,0.0,0.0,0.0,0.01,0.12
BOLL.PA,0.0,0.0,0.0,0.0,0.0,0.0,0.0,0.0
AVANZ.ST,0.0,0.0,0.0,0.0,0.0,0.01,0.02,0.04
RTO.L,0.0,0.0,0.0,0.0,0.0,0.02,0.02,0.02
ABVX.PA,0.02,0.01,0.0,0.0,0.0,0.0,0.0,0.0
BYG.L,0.0,0.0,0.0,0.0,0.01,0.01,0.03,0.01
NSISb.CO,0.02,0.02,0.01,0.01,0.02,0.01,0.01,0.0
ANTO.L,0.0,0.0,0.0,0.0,0.0,0.0,0.01,0.05
MBK.WA,0.0,0.0,0.0,0.0,0.0,0.0,0.0,0.01
RXL.PA,0.0,0.0,0.0,0.0,0.0,0.0,0.0,0.0
ASML.AS,0.0,0.0,0.0,0.01,0.03,0.05,0.09,0.32
BOL.ST,0.0,0.0,0.0,0.0,0.0,0.0,0.01,0.01
CPG.L,0.0,0.0,0.0,0.0,0.01,0.01,0.01,0.0
DSFIR.AS,0.0,0.0,0.0,0.0,0.0,0.0,0.0,0.0
HSBA.L,0.07,0.07,0.08,0.05,0.01,0.01,0.0,0.0
BPTB.L,0.0,0.0,0.0,0.0,0.0,0.0,0.0,0.0
BNZL.L,0.0,0.0,0.0,0.0,0.0,0.0,0.0,0.0
REY.MI,0.0,0.0,0.0,0.0,0.0,0.0,0.0,0.01
VOWG_p.DE,0.0,0.0,0.0,0.0,0.0,0.0,0.0,0.0
LOIM.PA,0.0,0.0,0.0,0.0,0.0,0.0,0.0,0.0
DEMANT.CO,0.0,0.0,0.0,0.0,0.0,0.0,0.01,0.01
PSN.L,0.0,0.0,0.0,0.0,0.0,0.0,0.0,0.0
EMSN.S,0.0,0.0,0.0,0.0,0.0,0.0,0.0,0.0
GFCP.PA,0.0,0.0,0.0,0.0,0.0,0.0,0.0,0.0
UCB.BR,0.07,0.05,0.07,0.14,0.16,0.16,0.08,0.04
NESTE.HE,0.0,0.0,0.0,0.0,0.0,0.01,0.01,0.01
SDZ.S,0.23,0.38,0.54,0.61,0.7,0.72,0.67,0.52
KBX.DE,0.03,0.02,0.01,0.02,0.02,0.02,0.01,0.0
METSO.HE,0.0,0.0,0.0,0.0,0.0,0.0,0.0,0.03
AIR.PA,0.0,0.0,0.0,0.0,0.0,0.0,0.02,0.06
MRCG.DE,0.0,0.0,0.0,0.0,0.0,0.0,0.0,0.0
CRDI.MI,0.0,0.0,0.0,0.0,0.0,0.0,0.0,0.01
LEGD.PA,0.0,0.0,0.0,0.0,0.01,0.01,0.02,0.02
G1AG.DE,0.0,0.0,0.0,0.0,0.0,0.0,0.0,0.0
WISEa.L,0.0,0.0,0.0,0.0,0.0,0.0,0.0,0.0
NHY.OL,0.0,0.0,0.0,0.0,0.0,0.0,0.01,0.02
SPSN.S,0.49,0.45,0.37,0.25,0.15,0.06,0.04,0.0
TPE.WA,0.0,0.0,0.0,0.0,0.0,0.0,0.0,0.0
SHCS.L,0.0,0.0,0.0,0.0,0.0,0.0,0.0,0.0
RUBF.PA,0.0,0.0,0.0,0.0,0.0,0.01,0.01,0.0
NESN.S,0.45,0.25,0.15,0.07,0.02,0.01,0.01,0.0
PNDORA.CO,0.0,0.0,0.0,0.0,0.0,0.0,0.0,0.0
IVG.MI,0.0,0.0,0.0,0.0,0.0,0.0,0.0,0.02
GLEN.L,0.0,0.0,0.0,0.0,0.0,0.0,0.0,0.06
GBFG.DE,0.0,0.0,0.0,0.0,0.0,0.0,0.0,0.0
CONG.DE,0.0,0.0,0.0,0.0,0.0,0.0,0.0,0.0
BUCN.S,0.0,0.0,0.0,0.0,0.0,0.0,0.0,0.0
SOPR.PA,0.0,0.0,0.0,0.0,0.0,0.0,0.0,0.01
SPMI.MI,0.0,0.0,0.0,0.0,0.0,0.0,0.0,0.0
ZALG.DE,0.0,0.0,0.0,0.0,0.0,0.0,0.0,0.0
HIAB.HE,0.0,0.0,0.0,0.0,0.0,0.0,0.0,0.01
SKAb.ST,0.0,0.0,0.0,0.0,0.0,0.0,0.0,0.0
AYV.PA,0.0,0.0,0.0,0.0,0.0,0.0,0.0,0.01
ZURN.S,0.0,0.0,0.0,0.0,0.01,0.01,0.0,0.0
MUVGn.DE,0.0,0.0,0.0,0.0,0.0,0.0,0.0,0.0
SRG.MI,0.0,0.0,0.0,0.0,0.0,0.0,0.0,0.0
ABI.BR,0.0,0.0,0.0,0.0,0.0,0.0,0.0,0.0
LVMH.PA,0.0,0.0,0.0,0.0,0.0,0.01,0.04,0.08
WDPP.BR,0.0,0.0,0.0,0.0,0.01,0.01,0.02,0.02
PSHG_p.DE,0.0,0.0,0.0,0.0,0.0,0.0,0.0,0.0
COLOb.CO,0.0,0.0,0.0,0.0,0.0,0.0,0.0,0.0
AGES.BR,0.0,0.0,0.0,0.0,0.0,0.0,0.0,0.0
HOLMb.ST,0.0,0.0,0.0,0.0,0.0,0.01,0.01,0.01
JD.L,0.0,0.0,0.0,0.0,0.0,0.0,0.0,0.0
CAMX.ST,0.0,0.0,0.0,0.01,0.05,0.05,0.08,0.07
GMAB.CO,0.0,0.0,0.0,0.0,0.0,0.01,0.01,0.04
SPIE.PA,0.0,0.0,0.0,0.0,0.01,0.02,0.03,0.02
GTT.PA,0.12,0.13,0.12,0.13,0.11,0.07,0.04,0.04
ANDR.VI,0.0,0.0,0.0,0.0,0.0,0.0,0.0,0.0
VIE.PA,0.0,0.0,0.0,0.0,0.0,0.0,0.0,0.0
CFR.S,0.0,0.0,0.0,0.0,0.0,0.0,0.0,0.01
SPX.L,0.0,0.0,0.0,0.0,0.0,0.0,0.0,0.0
EXPN.L,0.0,0.0,0.0,0.0,0.0,0.0,0.0,0.01
ISS.CO,0.01,0.01,0.0,0.02,0.01,0.01,0.01,0.01
ELIS.PA,0.0,0.0,0.0,0.0,0.0,0.01,0.01,0.01
ESLX.PA,0.0,0.0,0.0,0.0,0.0,0.0,0.0,0.0
SCYR.MC,0.0,0.0,0.0,0.0,0.0,0.01,0.02,0.03
CRDA.L,0.0,0.0,0.0,0.0,0.0,0.0,0.0,0.0
KGX.DE,0.0,0.0,0.0,0.0,0.0,0.0,0.0,0.0
HEIG.DE,0.0,0.0,0.0,0.0,0.0,0.0,0.01,0.04
FMEG.DE,0.0,0.0,0.0,0.0,0.0,0.0,0.0,0.0
CDR.WA,0.0,0.0,0.0,0.01,0.02,0.03,0.05,0.08
KYGa.I,0.01,0.0,0.01,0.04,0.02,0.01,0.01,0.01
INGP.WA,0.0,0.0,0.01,0.05,0.05,0.05,0.08,0.06
AXFO.ST,0.13,0.12,0.12,0.12,0.1,0.08,0.04,0.0
TBCG.L,0.11,0.13,0.14,0.2,0.17,0.13,0.12,0.07
TSCO.L,0.0,0.03,0.07,0.14,0.16,0.14,0.12,0.03
HEXAb.ST,0.0,0.0,0.0,0.0,0.0,0.0,0.0,0.0
KESKOB.HE,0.0,0.0,0.02,0.05,0.07,0.08,0.07,0.02
MRON.L,0.0,0.0,0.0,0.0,0.0,0.0,0.0,0.06
PHP.L,0.0,0.0,0.0,0.0,0.0,0.0,0.0,0.0
BNPP.PA,0.0,0.0,0.0,0.0,0.0,0.0,0.0,0.01
DNB.OL,0.0,0.0,0.0,0.0,0.0,0.0,0.0,0.0
HOCM.L,0.0,0.0,0.0,0.0,0.0,0.01,0.01,0.05
ELISA.HE,0.0,0.0,0.0,0.0,0.0,0.0,0.0,0.0
IDR.MC,0.01,0.0,0.0,0.0,0.01,0.02,0.04,0.05
DANO.PA,0.0,0.0,0.0,0.01,0.02,0.02,0.02,0.0
AV.L,0.0,0.0,0.0,0.0,0.0,0.0,0.0,0.0
SGOB.PA,0.0,0.0,0.0,0.0,0.0,0.0,0.0,0.0
CPRI.MI,0.0,0.0,0.0,0.0,0.0,0.0,0.01,0.0
ENGIE.PA,0.0,0.0,0.0,0.0,0.0,0.0,0.0,0.0
NXT.L,0.0,0.0,0.0,0.0,0.0,0.01,0.02,0.03
FLS.CO,0.0,0.0,0.0,0.0,0.0,0.0,0.0,0.0
TEL.OL,0.0,0.0,0.0,0.0,0.0,0.0,0.0,0.0
SCMN.S,0.72,0.59,0.36,0.23,0.11,0.06,0.01,0.01
ZAB.WA,0.22,0.22,0.19,0.17,0.11,0.03,0.0,0.0
ALCC.S,0.0,0.0,0.0,0.0,0.01,0.02,0.01,0.0
GIVN.S,0.0,0.0,0.01,0.01,0.02,0.02,0.0,0.0
UMI.BR,0.0,0.0,0.0,0.0,0.0,0.0,0.0,0.0
TCFP.PA,0.05,0.09,0.07,0.09,0.06,0.04,0.03,0.02
SBRY.L,0.04,0.05,0.07,0.11,0.06,0.03,0.02,0.0
DKSH.S,0.68,0.4,0.22,0.15,0.1,0.03,0.0,0.0
OREP.PA,0.0,0.0,0.0,0.0,0.0,0.02,0.03,0.02
ITX.MC,0.0,0.0,0.0,0.0,0.0,0.0,0.0,0.0
BBVA.MC,0.0,0.0,0.0,0.0,0.0,0.0,0.0,0.04
SGRO.L,0.0,0.0,0.0,0.0,0.0,0.0,0.0,0.0
BFT.WA,0.34,0.35,0.45,0.5,0.47,0.36,0.27,0.14
SHBa.ST,0.0,0.0,0.0,0.0,0.0,0.0,0.0,0.0
WALLb.ST,0.0,0.0,0.0,0.0,0.0,0.0,0.0,0.0
NG.L,0.0,0.0,0.0,0.0,0.0,0.0,0.0,0.0
R3NK.DE,0.0,0.0,0.0,0.0,0.0,0.0,0.0,0.0
PLUSP.L,0.33,0.45,0.51,0.63,0.58,0.43,0.25,0.08
TOM.OL,0.0,0.0,0.0,0.0,0.0,0.0,0.0,0.0
DLG.MI,0.0,0.0,0.0,0.0,0.0,0.0,0.0,0.0
IHG.L,0.0,0.0,0.0,0.0,0.0,0.0,0.0,0.03
AMUN.PA,0.0,0.0,0.0,0.0,0.0,0.0,0.0,0.0
ALSO.PA,0.0,0.0,0.0,0.0,0.01,0.01,0.01,0.03
LOOMIS.ST,0.0,0.0,0.0,0.0,0.0,0.0,0.01,0.0
CVC.AS,0.0,0.0,0.0,0.0,0.0,0.0,0.0,0.0
EMII.MI,0.0,0.0,0.0,0.0,0.0,0.0,0.0,0.0
EXOR.AS,0.0,0.0,0.0,0.0,0.0,0.0,0.0,0.0
GSK.L,0.0,0.0,0.0,0.01,0.02,0.02,0.02,0.0
LONN.S,0.0,0.0,0.01,0.01,0.03,0.07,0.11,0.09
PUBP.PA,0.0,0.0,0.0,0.0,0.0,0.0,0.0,0.0
VOLVb.ST,0.0,0.0,0.0,0.0,0.0,0.0,0.01,0.03
REL.L,0.0,0.0,0.0,0.0,0.0,0.0,0.01,0.01
CVO.PA,0.0,0.0,0.0,0.0,0.0,0.01,0.01,0.0
INDUc.ST,0.0,0.0,0.0,0.0,0.0,0.0,0.0,0.0
ABDN.L,0.0,0.0,0.0,0.0,0.0,0.0,0.0,0.0
LTMC.MI,0.22,0.29,0.44,0.53,0.56,0.53,0.46,0.33
SOBIV.ST,0.0,0.0,0.0,0.0,0.0,0.0,0.04,0.02
CABK.MC,0.0,0.01,0.02,0.04,0.03,0.03,0.01,0.0
LIGHT.AS,0.0,0.0,0.0,0.0,0.0,0.0,0.0,0.01
URW.PA,0.0,0.0,0.0,0.0,0.0,0.0,0.0,0.0
INPST.AS,0.0,0.0,0.0,0.0,0.0,0.0,0.0,0.0
ABF.L,0.0,0.0,0.0,0.0,0.0,0.0,0.0,0.0
ADML.L,0.0,0.0,0.0,0.01,0.01,0.01,0.02,0.0
VID.MC,0.0,0.03,0.06,0.12,0.08,0.07,0.05,0.02
VOPA.AS,0.02,0.0,0.01,0.0,0.0,0.0,0.0,0.0
WPP.L,0.0,0.0,0.0,0.0,0.0,0.0,0.0,0.0
LMPL.L,0.0,0.0,0.0,0.0,0.0,0.0,0.0,0.0
FTKn.DE,0.0,0.0,0.0,0.0,0.0,0.0,0.0,0.06
CBKG.DE,0.0,0.0,0.0,0.0,0.0,0.0,0.0,0.02
SVT.L,0.0,0.0,0.0,0.0,0.0,0.0,0.0,0.0
DIOR.PA,0.0,0.0,0.0,0.0,0.0,0.02,0.04,0.06
SECTb.ST,0.0,0.0,0.0,0.0,0.01,0.01,0.05,0.08
ICAG.L,0.0,0.0,0.0,0.0,0.0,0.0,0.0,0.0
GJFG.OL,0.0,0.0,0.0,0.0,0.0,0.0,0.0,0.0
EVDG.DE,0.0,0.0,0.0,0.0,0.0,0.0,0.0,0.01
ENI.MI,0.0,0.0,0.0,0.0,0.0,0.0,0.0,0.0
BEIG.DE,0.0,0.0,0.02,0.03,0.03,0.02,0.0,0.0
DANSKE.CO,0.0,0.0,0.0,0.0,0.01,0.01,0.01,0.0
HRMS.PA,0.0,0.0,0.01,0.02,0.06,0.11,0.13,0.11
DGE.L,0.0,0.0,0.0,0.0,0.0,0.0,0.0,0.0
ALFA.ST,0.0,0.0,0.0,0.0,0.0,0.0,0.0,0.0
AEGN.AS,0.0,0.0,0.0,0.0,0.0,0.0,0.0,0.0
MANTA.HE,0.0,0.0,0.03,0.08,0.13,0.15,0.15,0.16
SUNN.S,0.1,0.08,0.08,0.11,0.1,0.03,0.01,0.0
BASFn.DE,0.0,0.0,0.0,0.0,0.0,0.0,0.0,0.0
RIO.L,0.0,0.0,0.0,0.0,0.0,0.01,0.02,0.04
LPPP.WA,0.0,0.0,0.0,0.0,0.0,0.0,0.01,0.01
SN.L,0.0,0.0,0.0,0.0,0.0,0.0,0.0,0.0
ITPG.MI,0.0,0.0,0.0,0.0,0.0,0.0,0.0,0.0
FDJU.PA,0.02,0.02,0.02,0.03,0.03,0.03,0.01,0.01
SDLF.L,0.0,0.0,0.0,0.0,0.0,0.0,0.0,0.0
REP.MC,0.0,0.0,0.0,0.0,0.0,0.0,0.01,0.0
CAST.ST,0.0,0.0,0.0,0.0,0.0,0.0,0.0,0.0
SWECb.ST,0.0,0.0,0.0,0.0,0.0,0.0,0.01,0.02
MOBN.S,1.0,1.0,1.0,0.95,0.76,0.4,0.2,0.03
SGSN.S,0.0,0.0,0.0,0.0,0.01,0.01,0.01,0.0
BCP.LS,0.0,0.0,0.0,0.0,0.0,0.0,0.0,0.0
TEF.MC,0.0,0.0,0.0,0.0,0.0,0.0,0.0,0.0
BKWB.S,0.14,0.43,0.62,0.67,0.64,0.57,0.36,0.06
KBC.BR,0.0,0.0,0.0,0.0,0.0,0.0,0.0,0.0
VOES.VI,0.0,0.0,0.0,0.0,0.0,0.0,0.0,0.0
SHEL.AS,0.0,0.0,0.0,0.0,0.0,0.0,0.0,0.0
SOF.BR,0.0,0.0,0.0,0.0,0.0,0.0,0.0,0.0
BALDb.ST,0.0,0.0,0.0,0.0,0.0,0.0,0.0,0.0
BESI.AS,0.0,0.0,0.0,0.0,0.0,0.02,0.05,0.24
ASMI.AS,0.0,0.0,0.0,0.0,0.01,0.04,0.06,0.29
ELE.MC,0.0,0.0,0.0,0.0,0.01,0.01,0.01,0.01
ORAN.PA,0.01,0.0,0.0,0.01,0.01,0.01,0.01,0.0
PIRC.MI,0.0,0.0,0.0,0.0,0.0,0.0,0.0,0.0
GALD.S,0.31,0.43,0.54,0.63,0.63,0.58,0.54,0.36
SCAb.ST,0.0,0.0,0.0,0.0,0.0,0.0,0.01,0.01
BMED.MI,0.0,0.0,0.0,0.0,0.0,0.0,0.0,0.0
AIBG.I,0.05,0.01,0.01,0.01,0.0,0.0,0.0,0.0
HEIN.AS,0.0,0.0,0.0,0.0,0.0,0.0,0.0,0.0
KGF.L,0.0,0.0,0.0,0.0,0.0,0.0,0.0,0.0
HLN.L,0.58,0.54,0.55,0.48,0.34,0.26,0.18,0.03
PUMG.DE,0.0,0.0,0.0,0.0,0.0,0.0,0.0,0.0
HUBN.S,0.42,0.43,0.38,0.3,0.22,0.14,0.1,0.02
ISP.MI,0.0,0.0,0.0,0.0,0.0,0.0,0.0,0.0
PGHN.S,0.0,0.0,0.0,0.0,0.0,0.0,0.0,0.0
UHR.S,0.0,0.0,0.0,0.0,0.0,0.0,0.0,0.0
BARC.L,0.0,0.0,0.0,0.0,0.0,0.0,0.0,0.01
AVOL.S,0.0,0.0,0.0,0.0,0.0,0.0,0.0,0.0
TUI1n.DE,0.0,0.0,0.0,0.0,0.0,0.0,0.0,0.0
STMN.S,0.0,0.0,0.0,0.0,0.0,0.01,0.03,0.06
INDT.ST,0.0,0.0,0.0,0.0,0.0,0.0,0.0,0.01
SLHN.S,0.0,0.0,0.0,0.0,0.0,0.0,0.0,0.0
FORTUM.HE,0.0,0.0,0.0,0.0,0.0,0.0,0.0,0.0
KLAC.OQ,0.0,0.0,0.0,0.01,0.01,0.01,0.03,0.28
AME.N,0.0,0.0,0.0,0.0,0.0,0.0,0.0,0.0
DUK.N,0.0,0.0,0.0,0.0,0.0,0.0,0.0,0.0
CME.OQ,0.05,0.06,0.1,0.09,0.09,0.05,0.03,0.0
FDX.N,0.0,0.0,0.0,0.01,0.01,0.01,0.01,0.01
PG.N,0.02,0.02,0.07,0.07,0.03,0.04,0.0,0.0
IR.N,0.0,0.0,0.0,0.0,0.0,0.0,0.0,0.0
ACN.N,0.0,0.0,0.0,0.0,0.0,0.0,0.0,0.0
FDS.N,0.0,0.0,0.0,0.0,0.0,0.0,0.0,0.0
DASH.OQ,0.0,0.0,0.0,0.0,0.0,0.0,0.0,0.0
BAX.N,0.0,0.0,0.0,0.0,0.0,0.0,0.0,0.0
ODFL.OQ,0.0,0.0,0.0,0.01,0.01,0.01,0.03,0.05
XYL.N,0.0,0.0,0.0,0.0,0.0,0.0,0.01,0.01
ADSK.OQ,0.0,0.0,0.0,0.0,0.0,0.0,0.0,0.04
SW.N,0.0,0.0,0.0,0.0,0.0,0.0,0.0,0.0
OMC.N,0.0,0.0,0.0,0.0,0.0,0.0,0.0,0.0
UHS.N,0.0,0.0,0.0,0.0,0.0,0.0,0.0,0.0
ERIE.OQ,0.01,0.03,0.03,0.03,0.05,0.04,0.04,0.0
CLX.N,1.0,0.98,0.87,0.58,0.26,0.13,0.03,0.0
DLTR.OQ,0.15,0.15,0.17,0.21,0.15,0.09,0.07,0.01
CFG.N,0.0,0.0,0.0,0.0,0.0,0.0,0.0,0.0
TTD.OQ,0.0,0.0,0.0,0.0,0.0,0.0,0.0,0.01
DHI.N,0.0,0.0,0.0,0.0,0.0,0.01,0.01,0.02
EXPE.OQ,0.0,0.0,0.0,0.0,0.0,0.0,0.0,0.0
EXE.OQ,0.0,0.0,0.0,0.0,0.0,0.0,0.0,0.04
CIEN.N,0.0,0.0,0.0,0.0,0.01,0.0,0.04,0.08
ELV.N,0.0,0.0,0.0,0.0,0.0,0.01,0.01,0.02
WY.N,0.0,0.0,0.0,0.0,0.0,0.0,0.0,0.0
CMS.N,0.0,0.0,0.0,0.01,0.0,0.0,0.0,0.0
CVS.N,0.0,0.0,0.0,0.0,0.0,0.0,0.0,0.0
SPG.N,0.0,0.0,0.0,0.0,0.0,0.0,0.0,0.0
MCHP.OQ,0.0,0.0,0.0,0.0,0.0,0.0,0.0,0.0
GEHC.OQ,0.01,0.0,0.0,0.0,0.01,0.0,0.0,0.01
UAL.OQ,0.0,0.0,0.0,0.0,0.0,0.0,0.0,0.0
BG.N,0.11,0.11,0.1,0.04,0.04,0.04,0.04,0.02
CCI.N,0.0,0.0,0.0,0.0,0.0,0.0,0.0,0.0
WEC.N,0.0,0.01,0.02,0.05,0.04,0.02,0.02,0.0
STLD.OQ,0.0,0.0,0.0,0.0,0.0,0.0,0.01,0.05
FCX.N,0.0,0.0,0.0,0.0,0.0,0.0,0.0,0.04
FSLR.OQ,0.06,0.07,0.06,0.08,0.05,0.04,0.02,0.02
EW.N,0.0,0.0,0.0,0.0,0.0,0.0,0.0,0.0
MDT.N,0.0,0.0,0.0,0.0,0.0,0.0,0.0,0.0
ALGN.OQ,0.0,0.0,0.0,0.0,0.0,0.0,0.0,0.0
WST.N,0.0,0.0,0.0,0.05,0.07,0.08,0.13,0.11
V.N,0.0,0.0,0.0,0.0,0.0,0.01,0.01,0.03
HPE.N,0.0,0.0,0.0,0.0,0.0,0.0,0.0,0.0
INTC.OQ,0.0,0.0,0.0,0.0,0.0,0.0,0.0,0.01
SYF.N,0.0,0.0,0.0,0.0,0.0,0.0,0.0,0.01
MRNA.OQ,0.0,0.01,0.01,0.01,0.0,0.0,0.0,0.0
LNT.OQ,0.0,0.0,0.0,0.01,0.01,0.0,0.0,0.0
NOW.N,0.0,0.0,0.0,0.0,0.01,0.01,0.02,0.1
TKO.N,0.07,0.17,0.21,0.34,0.35,0.31,0.26,0.16
DE.N,0.0,0.0,0.0,0.0,0.02,0.06,0.08,0.11
CRWD.OQ,0.01,0.0,0.0,0.0,0.0,0.0,0.0,0.01
LHX.N,0.0,0.0,0.01,0.02,0.03,0.03,0.03,0.01
TROW.OQ,0.0,0.0,0.0,0.0,0.0,0.0,0.0,0.0
GPC.N,0.0,0.0,0.0,0.0,0.0,0.0,0.0,0.0
NVR.N,0.0,0.0,0.0,0.0,0.01,0.01,0.01,0.0
LVS.N,0.01,0.01,0.0,0.0,0.0,0.0,0.0,0.0
DECK.N,0.0,0.01,0.03,0.06,0.07,0.1,0.12,0.14
PLD.N,0.0,0.0,0.0,0.0,0.0,0.0,0.0,0.0
APP.OQ,0.0,0.0,0.0,0.0,0.0,0.0,0.0,0.0
URI.N,0.0,0.0,0.0,0.0,0.0,0.0,0.01,0.16
NI.N,0.0,0.0,0.0,0.0,0.0,0.0,0.0,0.0
NTRS.OQ,0.0,0.0,0.0,0.0,0.0,0.0,0.0,0.0
NOC.N,0.55,0.62,0.53,0.42,0.32,0.24,0.15,0.02
VRT.N,0.24,0.15,0.12,0.11,0.07,0.03,0.02,0.07
MS.N,0.0,0.0,0.0,0.0,0.0,0.0,0.0,0.01
YUM.N,0.06,0.08,0.06,0.04,0.06,0.07,0.05,0.01
RMD.N,0.0,0.0,0.0,0.0,0.01,0.02,0.03,0.06
SYK.N,0.0,0.0,0.0,0.0,0.0,0.0,0.01,0.02
CL.N,0.02,0.02,0.02,0.01,0.01,0.01,0.0,0.0
SO.N,0.0,0.0,0.0,0.0,0.0,0.0,0.0,0.0
GS.N,0.0,0.0,0.0,0.0,0.0,0.0,0.01,0.03
SLB.N,0.0,0.0,0.0,0.0,0.0,0.0,0.0,0.0
BA.N,0.0,0.0,0.0,0.0,0.0,0.0,0.0,0.0
HST.OQ,0.0,0.0,0.0,0.0,0.0,0.0,0.0,0.0
CBRE.N,0.0,0.0,0.0,0.0,0.0,0.0,0.0,0.04
IBKR.OQ,0.02,0.01,0.01,0.01,0.01,0.01,0.01,0.03
IFF.N,0.0,0.0,0.0,0.0,0.0,0.0,0.0,0.0
CHD.N,0.64,0.72,0.59,0.5,0.4,0.19,0.05,0.0
SHW.N,0.0,0.0,0.0,0.0,0.0,0.01,0.02,0.01
BLK.N,0.0,0.0,0.0,0.0,0.0,0.0,0.0,0.0
HON.OQ,0.0,0.0,0.0,0.0,0.0,0.0,0.0,0.0
GPN.N,0.0,0.0,0.0,0.0,0.0,0.0,0.0,0.0
ADP.OQ,0.0,0.0,0.0,0.0,0.0,0.0,0.0,0.0
AMT.N,0.0,0.0,0.0,0.0,0.0,0.0,0.0,0.0
GLW.N,0.0,0.0,0.0,0.0,0.0,0.0,0.01,0.02
AWK.N,0.0,0.0,0.0,0.0,0.01,0.02,0.03,0.01
PNW.N,0.0,0.0,0.0,0.0,0.0,0.0,0.0,0.0
PGR.N,0.1,0.36,0.51,0.59,0.55,0.54,0.46,0.21
BRKb.N,0.0,0.0,0.0,0.0,0.0,0.0,0.0,0.0
LUV.N,0.0,0.0,0.0,0.0,0.0,0.0,0.0,0.0
IVZ.N,0.0,0.0,0.0,0.0,0.0,0.0,0.0,0.0
CTAS.OQ,0.0,0.0,0.0,0.0,0.02,0.05,0.12,0.15
PODD.OQ,0.02,0.01,0.02,0.02,0.03,0.05,0.05,0.06
ABBV.N,0.1,0.18,0.29,0.29,0.26,0.27,0.17,0.03
REG.OQ,0.0,0.0,0.0,0.0,0.0,0.0,0.0,0.0
HUM.N,0.0,0.0,0.0,0.01,0.01,0.01,0.01,0.01
GE.N,0.0,0.0,0.0,0.0,0.0,0.0,0.0,0.01
GD.N,0.0,0.0,0.0,0.0,0.0,0.0,0.0,0.0
MSI.N,0.0,0.0,0.0,0.03,0.08,0.12,0.13,0.05
PWR.N,0.0,0.02,0.06,0.15,0.23,0.27,0.42,0.51
TGT.N,0.0,0.01,0.01,0.02,0.03,0.01,0.01,0.01
ARES.N,0.0,0.0,0.0,0.0,0.0,0.0,0.0,0.01
HUBB.N,0.0,0.0,0.0,0.0,0.0,0.01,0.02,0.02
KVUE.N,0.0,0.0,0.0,0.0,0.0,0.0,0.0,0.0
AMAT.OQ,0.0,0.0,0.0,0.0,0.0,0.0,0.04,0.23
INCY.OQ,0.0,0.01,0.01,0.02,0.01,0.0,0.0,0.0
PYPL.OQ,0.0,0.0,0.0,0.0,0.0,0.0,0.0,0.0
PSX.N,0.0,0.0,0.0,0.0,0.0,0.0,0.0,0.0
NSC.N,0.0,0.0,0.0,0.0,0.0,0.0,0.01,0.0
BXP.N,0.0,0.0,0.0,0.0,0.0,0.0,0.0,0.0
CAH.N,0.0,0.0,0.0,0.01,0.03,0.03,0.02,0.0
LDOS.N,0.0,0.0,0.0,0.01,0.01,0.03,0.03,0.02
COF.N,0.0,0.0,0.0,0.0,0.0,0.0,0.0,0.0
BALL.N,0.0,0.0,0.0,0.0,0.0,0.0,0.0,0.0
OKE.N,0.0,0.0,0.0,0.0,0.0,0.01,0.01,0.04
TSCO.OQ,0.04,0.06,0.07,0.12,0.11,0.16,0.11,0.06
LOW.N,0.0,0.0,0.0,0.0,0.0,0.0,0.0,0.0
MPWR.OQ,0.0,0.0,0.0,0.0,0.0,0.0,0.0,0.02
LH.N,0.0,0.0,0.0,0.01,0.01,0.01,0.02,0.01
JKHY.OQ,0.0,0.0,0.0,0.0,0.01,0.01,0.0,0.0
TSLA.OQ,0.0,0.0,0.0,0.0,0.0,0.0,0.0,0.15
RL.N,0.0,0.0,0.0,0.0,0.0,0.0,0.02,0.04
AEP.OQ,0.01,0.01,0.01,0.02,0.02,0.02,0.01,0.0
FE.N,0.0,0.0,0.0,0.0,0.0,0.0,0.0,0.0
UNP.N,0.0,0.0,0.0,0.01,0.01,0.01,0.01,0.0
VTR.N,0.0,0.0,0.0,0.0,0.0,0.0,0.0,0.0
JBL.N,0.0,0.0,0.0,0.0,0.0,0.0,0.01,0.08
CSGP.OQ,0.0,0.0,0.0,0.0,0.01,0.02,0.03,0.03
RVTY.N,0.0,0.0,0.0,0.0,0.0,0.0,0.0,0.0
ALL.N,0.0,0.0,0.0,0.03,0.05,0.07,0.07,0.03
IP.N,0.0,0.0,0.0,0.0,0.0,0.0,0.0,0.0
SNA.N,0.0,0.0,0.0,0.0,0.0,0.0,0.0,0.0
EBAY.OQ,0.0,0.0,0.0,0.01,0.01,0.01,0.01,0.01
TPL.N,0.06,0.12,0.12,0.14,0.13,0.08,0.07,0.1
SJM.N,0.89,0.73,0.52,0.32,0.12,0.06,0.02,0.0
KO.N,0.0,0.01,0.01,0.01,0.01,0.01,0.0,0.0
FRT.N,0.0,0.0,0.0,0.0,0.0,0.0,0.0,0.0
VRSN.OQ,0.0,0.0,0.0,0.0,0.0,0.0,0.0,0.0
QCOM.OQ,0.0,0.0,0.0,0.0,0.0,0.0,0.01,0.03
CNP.N,0.0,0.0,0.0,0.0,0.0,0.0,0.0,0.0
CDNS.OQ,0.0,0.0,0.01,0.02,0.06,0.14,0.29,0.42
MDLZ.OQ,0.0,0.0,0.0,0.0,0.0,0.0,0.0,0.0
COHR.N,0.0,0.0,0.0,0.0,0.0,0.0,0.0,0.01
UPS.N,0.01,0.01,0.01,0.0,0.0,0.0,0.0,0.0
IBM.N,0.0,0.0,0.0,0.0,0.0,0.0,0.01,0.0
MSCI.N,0.0,0.0,0.0,0.0,0.0,0.0,0.01,0.08
SATS.OQ,0.0,0.0,0.0,0.01,0.01,0.0,0.0,0.0
MRK.N,0.52,0.46,0.37,0.3,0.22,0.14,0.06,0.0
TRMB.OQ,0.0,0.0,0.0,0.0,0.0,0.0,0.01,0.01
BIIB.OQ,0.0,0.0,0.0,0.0,0.0,0.0,0.0,0.0
DXCM.OQ,0.02,0.01,0.01,0.0,0.01,0.0,0.0,0.03
O.N,0.0,0.0,0.0,0.0,0.0,0.0,0.0,0.0
VEEV.N,0.0,0.0,0.0,0.0,0.0,0.02,0.02,0.06
BSX.N,0.0,0.0,0.0,0.01,0.04,0.05,0.08,0.07
VTRS.OQ,0.0,0.0,0.0,0.0,0.0,0.0,0.0,0.0
ORLY.OQ,0.0,0.02,0.06,0.1,0.14,0.14,0.14,0.07
KMI.N,0.0,0.0,0.0,0.0,0.0,0.0,0.0,0.01
CMI.N,0.0,0.0,0.01,0.03,0.03,0.03,0.05,0.07
GWW.N,0.0,0.0,0.01,0.01,0.01,0.03,0.03,0.01
ICE.N,0.0,0.0,0.0,0.0,0.0,0.01,0.01,0.0
APO.N,0.0,0.0,0.0,0.0,0.0,0.0,0.0,0.06
HAS.OQ,0.0,0.0,0.0,0.0,0.0,0.0,0.0,0.0
DGX.N,0.01,0.05,0.06,0.08,0.07,0.07,0.04,0.02
CPRT.OQ,0.0,0.0,0.01,0.02,0.03,0.07,0.11,0.1
ADI.OQ,0.0,0.0,0.0,0.0,0.01,0.02,0.01,0.02
SNPS.OQ,0.0,0.0,0.0,0.0,0.01,0.03,0.1,0.21
CTVA.N,0.0,0.0,0.0,0.0,0.0,0.0,0.0,0.0
NDSN.OQ,0.0,0.0,0.0,0.0,0.0,0.0,0.0,0.0
PFG.OQ,0.0,0.0,0.0,0.0,0.0,0.0,0.0,0.0
EA.OQ,0.37,0.38,0.34,0.32,0.26,0.21,0.15,0.04
PKG.N,0.0,0.0,0.0,0.0,0.01,0.02,0.02,0.0
TMO.N,0.0,0.0,0.0,0.01,0.02,0.05,0.05,0.04
FICO.N,0.0,0.0,0.0,0.0,0.0,0.04,0.06,0.2
IDXX.OQ,0.0,0.0,0.0,0.01,0.01,0.03,0.08,0.09
TDY.N,0.0,0.0,0.0,0.0,0.01,0.01,0.02,0.0
SOLV.N,0.0,0.0,0.0,0.0,0.0,0.0,0.0,0.0
AES.N,0.0,0.0,0.0,0.0,0.0,0.0,0.0,0.01
TMUS.OQ,0.0,0.0,0.03,0.12,0.21,0.23,0.18,0.11
PH.N,0.0,0.0,0.0,0.0,0.0,0.0,0.01,0.1
AIZ.N,0.0,0.0,0.01,0.04,0.03,0.04,0.04,0.02
EIX.N,0.0,0.0,0.0,0.0,0.0,0.0,0.0,0.0
TT.N,0.0,0.0,0.0,0.02,0.06,0.1,0.19,0.22
DRI.N,0.0,0.0,0.0,0.0,0.0,0.0,0.0,0.01
EFX.N,0.0,0.0,0.0,0.0,0.0,0.0,0.0,0.0
CINF.OQ,0.0,0.0,0.0,0.0,0.0,0.0,0.0,0.0
HLT.N,0.37,0.43,0.42,0.35,0.26,0.24,0.23,0.15
CB.N,0.0,0.0,0.0,0.0,0.0,0.0,0.01,0.01
WMT.OQ,0.99,1.0,1.0,0.99,0.93,0.82,0.68,0.22
COIN.OQ,0.0,0.0,0.0,0.0,0.0,0.0,0.0,0.0
CBOE.Z,0.78,0.8,0.76,0.62,0.54,0.39,0.22,0.03
KEYS.N,0.0,0.0,0.0,0.0,0.0,0.01,0.02,0.03
CHRW.OQ,0.71,0.68,0.56,0.41,0.3,0.1,0.04,0.0
TYL.N,0.0,0.0,0.0,0.0,0.0,0.01,0.0,0.0
SMCI.OQ,0.0,0.0,0.0,0.0,0.0,0.0,0.0,0.0
PM.N,0.01,0.01,0.07,0.12,0.11,0.09,0.07,0.01
ES.N,0.0,0.0,0.0,0.0,0.0,0.0,0.0,0.0
LII.N,0.0,0.0,0.0,0.0,0.0,0.0,0.01,0.01
NWSA.OQ,0.0,0.0,0.0,0.0,0.0,0.0,0.0,0.01
FIX.N,0.0,0.0,0.01,0.02,0.03,0.1,0.2,0.35
GEV.N,0.03,0.03,0.01,0.0,0.0,0.0,0.0,0.01
NDAQ.OQ,0.0,0.0,0.0,0.0,0.03,0.05,0.08,0.05
BAC.N,0.0,0.0,0.0,0.0,0.0,0.0,0.0,0.02
HOOD.OQ,0.02,0.0,0.0,0.0,0.0,0.0,0.0,0.0
RJF.N,0.0,0.0,0.0,0.0,0.0,0.0,0.0,0.0
CAG.N,0.14,0.07,0.05,0.02,0.01,0.0,0.0,0.0
FIS.N,0.0,0.0,0.0,0.0,0.0,0.0,0.0,0.0
PHM.N,0.0,0.0,0.0,0.0,0.0,0.02,0.03,0.05
FFIV.OQ,0.04,0.04,0.02,0.01,0.01,0.01,0.01,0.01
DG.N,0.2,0.24,0.27,0.28,0.19,0.16,0.07,0.01
WDC.OQ,0.0,0.0,0.0,0.0,0.0,0.0,0.0,0.0
EL.N,0.0,0.0,0.0,0.0,0.0,0.0,0.0,0.0
VLTO.N,0.0,0.0,0.0,0.01,0.02,0.03,0.06,0.06
PEP.OQ,0.01,0.03,0.02,0.04,0.02,0.02,0.01,0.0
TRGP.N,0.0,0.0,0.0,0.0,0.0,0.0,0.01,0.04
USB.N,0.0,0.0,0.0,0.0,0.0,0.0,0.0,0.0
AOS.N,0.0,0.0,0.0,0.0,0.0,0.0,0.0,0.0
MSFT.OQ,0.0,0.0,0.01,0.04,0.09,0.15,0.22,0.26
TRV.N,0.0,0.0,0.0,0.01,0.02,0.03,0.04,0.01
PAYX.OQ,0.0,0.0,0.0,0.0,0.0,0.0,0.0,0.0
HBAN.OQ,0.0,0.0,0.0,0.0,0.0,0.0,0.0,0.0
COST.OQ,0.75,0.87,0.82,0.78,0.67,0.58,0.45,0.21
WSM.N,0.0,0.0,0.0,0.01,0.01,0.03,0.06,0.07
PANW.OQ,0.0,0.0,0.0,0.02,0.03,0.03,0.03,0.06
MLM.N,0.0,0.0,0.0,0.0,0.0,0.0,0.01,0.01
EVRG.OQ,0.0,0.0,0.0,0.01,0.01,0.02,0.0,0.0
TXN.OQ,0.0,0.0,0.0,0.0,0.0,0.0,0.0,0.0
MKC.N,0.0,0.0,0.0,0.01,0.02,0.01,0.01,0.0
ISRG.OQ,0.0,0.0,0.0,0.0,0.0,0.0,0.03,0.11
CMG.N,0.24,0.2,0.14,0.14,0.1,0.07,0.06,0.05
CPT.N,0.0,0.0,0.0,0.0,0.0,0.0,0.0,0.0
LLY.N,0.09,0.41,0.65,0.76,0.76,0.73,0.61,0.36
MET.N,0.0,0.0,0.0,0.0,0.0,0.0,0.0,0.0
T.N,0.0,0.0,0.0,0.01,0.0,0.0,0.0,0.0
FAST.OQ,0.0,0.0,0.0,0.0,0.01,0.02,0.02,0.03
COR.N,0.0,0.0,0.01,0.03,0.06,0.07,0.05,0.03
XYZ.N,0.0,0.0,0.0,0.0,0.0,0.0,0.0,0.0
ROST.OQ,0.0,0.0,0.0,0.0,0.0,0.01,0.0,0.0
CPB.OQ,1.0,0.86,0.56,0.32,0.1,0.04,0.02,0.0
UBER.N,0.0,0.0,0.0,0.0,0.0,0.0,0.0,0.02
MTD.N,0.0,0.0,0.0,0.0,0.0,0.0,0.01,0.0
RTX.N,0.0,0.01,0.01,0.01,0.01,0.01,0.01,0.0
INTU.OQ,0.0,0.0,0.0,0.0,0.0,0.0,0.03,0.09
AMP.N,0.0,0.0,0.0,0.0,0.0,0.0,0.0,0.0
MTB.N,0.0,0.0,0.0,0.0,0.0,0.0,0.0,0.0
VLO.N,0.0,0.0,0.0,0.0,0.0,0.0,0.0,0.0
ECL.N,0.0,0.0,0.0,0.0,0.0,0.0,0.01,0.01
PSA.N,0.0,0.0,0.0,0.0,0.0,0.0,0.0,0.0
KKR.N,0.0,0.0,0.0,0.0,0.0,0.0,0.0,0.02
INVH.N,0.0,0.0,0.0,0.01,0.01,0.01,0.01,0.0
MU.OQ,0.0,0.0,0.0,0.0,0.0,0.0,0.01,0.11
WELL.N,0.0,0.0,0.0,0.0,0.0,0.02,0.02,0.0
AKAM.OQ,0.0,0.0,0.0,0.0,0.0,0.01,0.01,0.01
VST.N,0.17,0.14,0.12,0.19,0.18,0.2,0.2,0.2
DHR.N,0.0,0.0,0.01,0.02,0.07,0.1,0.11,0.05
PCAR.OQ,0.0,0.0,0.03,0.03,0.04,0.03,0.02,0.0
PFE.N,0.06,0.04,0.03,0.02,0.0,0.0,0.0,0.0
GM.N,0.0,0.0,0.0,0.0,0.0,0.0,0.0,0.0
AMGN.OQ,0.0,0.0,0.0,0.0,0.01,0.02,0.02,0.0
AXON.OQ,0.04,0.04,0.07,0.07,0.07,0.07,0.13,0.26
NEM.N,0.83,0.91,0.93,0.92,0.87,0.76,0.61,0.21
CSCO.OQ,0.0,0.0,0.0,0.0,0.0,0.0,0.01,0.0
PLTR.OQ,0.05,0.03,0.02,0.02,0.01,0.0,0.0,0.01
AVB.N,0.0,0.0,0.0,0.0,0.0,0.0,0.0,0.0
HPQ.N,0.0,0.0,0.0,0.0,0.0,0.0,0.0,0.0
FTV.N,0.0,0.0,0.0,0.0,0.0,0.0,0.0,0.0
ETN.N,0.0,0.0,0.0,0.0,0.0,0.0,0.01,0.04
GNRC.N,0.0,0.0,0.0,0.0,0.0,0.0,0.0,0.0
DPZ.OQ,0.72,0.7,0.62,0.53,0.42,0.27,0.18,0.03
MGM.N,0.0,0.0,0.0,0.0,0.0,0.0,0.0,0.0
AJG.N,0.0,0.0,0.0,0.01,0.02,0.07,0.09,0.03
MPC.N,0.0,0.0,0.0,0.0,0.0,0.0,0.02,0.02
ARE.N,0.0,0.0,0.0,0.0,0.0,0.0,0.0,0.0
AFL.N,0.0,0.0,0.0,0.0,0.0,0.0,0.0,0.0
CTSH.OQ,0.0,0.0,0.0,0.0,0.0,0.0,0.0,0.0
DDOG.OQ,0.0,0.0,0.0,0.0,0.0,0.0,0.0,0.01
CF.N,0.0,0.0,0.0,0.0,0.0,0.0,0.0,0.0
ANET.N,0.0,0.0,0.0,0.0,0.0,0.01,0.04,0.18
GOOGL.OQ,0.02,0.05,0.12,0.19,0.22,0.24,0.26,0.2
GIS.N,0.97,0.82,0.47,0.26,0.1,0.05,0.02,0.0
IQV.N,0.0,0.0,0.0,0.0,0.0,0.0,0.0,0.0
TAP.N,0.0,0.0,0.0,0.0,0.0,0.0,0.0,0.0
NCLH.N,0.0,0.0,0.0,0.0,0.0,0.0,0.0,0.0
STX.OQ,0.0,0.0,0.0,0.0,0.0,0.0,0.0,0.02
TECH.OQ,0.0,0.0,0.0,0.0,0.0,0.01,0.01,0.01
BFb.N,0.0,0.0,0.0,0.0,0.0,0.0,0.0,0.0
JCI.N,0.0,0.0,0.0,0.0,0.0,0.0,0.0,0.01
FOXA.OQ,0.14,0.12,0.14,0.11,0.07,0.03,0.0,0.0
KR.N,1.0,1.0,1.0,0.95,0.77,0.45,0.2,0.02
AZO.N,0.04,0.13,0.23,0.28,0.28,0.24,0.18,0.07
KDP.OQ,0.87,0.78,0.67,0.49,0.31,0.18,0.1,0.01
BDX.N,0.03,0.02,0.01,0.01,0.0,0.0,0.0,0.0
L.N,0.0,0.0,0.0,0.0,0.0,0.0,0.0,0.0
WDAY.OQ,0.0,0.0,0.0,0.0,0.0,0.0,0.0,0.01
EQR.N,0.0,0.0,0.0,0.0,0.0,0.0,0.0,0.0
BRO.N,0.0,0.0,0.0,0.01,0.01,0.01,0.01,0.0
OXY.N,0.03,0.03,0.04,0.01,0.01,0.01,0.01,0.0
DTE.N,0.0,0.0,0.0,0.0,0.01,0.01,0.02,0.0
MCK.N,0.0,0.0,0.01,0.05,0.09,0.11,0.11,0.05
APD.N,0.0,0.0,0.0,0.0,0.0,0.0,0.01,0.01
CI.N,0.0,0.0,0.0,0.0,0.0,0.0,0.0,0.0
ZBRA.OQ,0.0,0.0,0.0,0.0,0.0,0.0,0.0,0.0
ADM.N,0.0,0.0,0.01,0.01,0.01,0.01,0.01,0.0
PNC.N,0.0,0.0,0.0,0.0,0.0,0.0,0.0,0.0
LIN.OQ,0.0,0.0,0.0,0.0,0.01,0.08,0.09,0.04
LYB.N,0.0,0.0,0.0,0.0,0.0,0.0,0.0,0.0
FITB.N,0.0,0.0,0.0,0.0,0.0,0.0,0.0,0.0
CCL.N,0.0,0.0,0.0,0.0,0.0,0.0,0.0,0.0
MCO.N,0.0,0.0,0.0,0.0,0.0,0.0,0.0,0.0
PTC.OQ,0.0,0.0,0.0,0.0,0.0,0.0,0.01,0.02
CMCSA.OQ,0.0,0.0,0.0,0.0,0.0,0.0,0.0,0.0
DOC.N,0.0,0.0,0.0,0.0,0.0,0.0,0.0,0.0
EQIX.OQ,0.0,0.0,0.0,0.0,0.0,0.0,0.0,0.0
ALB.N,0.0,0.0,0.0,0.0,0.0,0.0,0.0,0.01
BEN.N,0.0,0.0,0.0,0.0,0.0,0.0,0.0,0.0
RCL.N,0.0,0.0,0.0,0.0,0.0,0.0,0.0,0.02
HII.N,0.0,0.01,0.01,0.01,0.01,0.01,0.01,0.01
AVY.N,0.0,0.0,0.0,0.0,0.0,0.0,0.0,0.0
OTIS.N,0.01,0.03,0.05,0.08,0.08,0.09,0.06,0.0
EMR.N,0.0,0.0,0.0,0.0,0.0,0.0,0.0,0.0
FANG.OQ,0.03,0.03,0.03,0.02,0.01,0.01,0.01,0.01
ROK.N,0.0,0.0,0.0,0.0,0.01,0.01,0.01,0.0
DIS.N,0.04,0.0,0.0,0.0,0.0,0.0,0.0,0.0
KHC.OQ,0.0,0.0,0.0,0.0,0.0,0.0,0.0,0.0
NEE.N,0.0,0.0,0.0,0.02,0.04,0.06,0.07,0.01
ADBE.OQ,0.0,0.0,0.0,0.0,0.0,0.0,0.0,0.0
VRSK.OQ,0.0,0.0,0.0,0.0,0.0,0.0,0.0,0.0
ALLE.N,0.0,0.0,0.0,0.0,0.0,0.0,0.0,0.0
BLDR.N,0.0,0.0,0.0,0.0,0.0,0.0,0.0,0.01
CRH.N,0.0,0.0,0.01,0.01,0.02,0.03,0.12,0.32
LITE.OQ,0.06,0.04,0.05,0.04,0.03,0.03,0.05,0.17
NRG.N,0.0,0.0,0.0,0.01,0.03,0.06,0.07,0.1
ACGL.OQ,0.0,0.0,0.0,0.0,0.0,0.0,0.0,0.0
GOOG.OQ,0.02,0.09,0.17,0.21,0.25,0.29,0.3,0.23
KIM.N,0.0,0.0,0.0,0.0,0.0,0.0,0.0,0.0
CPAY.N,0.0,0.0,0.0,0.0,0.0,0.0,0.0,0.0
BKR.OQ,0.0,0.0,0.0,0.0,0.0,0.01,0.01,0.01
GRMN.N,0.0,0.0,0.01,0.03,0.04,0.05,0.06,0.04
CNC.N,0.0,0.0,0.0,0.0,0.0,0.01,0.01,0.01
AIG.N,0.0,0.0,0.0,0.0,0.0,0.0,0.0,0.0
SBUX.OQ,0.0,0.0,0.0,0.0,0.0,0.0,0.0,0.0
REGN.OQ,0.04,0.03,0.01,0.02,0.01,0.01,0.0,0.0
JPM.N,0.0,0.0,0.0,0.0,0.01,0.01,0.01,0.01
MAR.OQ,0.0,0.01,0.01,0.01,0.01,0.0,0.0,0.0
EQT.N,0.08,0.06,0.09,0.06,0.04,0.02,0.02,0.01
AEE.N,0.0,0.0,0.0,0.0,0.0,0.0,0.01,0.0
WFC.N,0.0,0.0,0.0,0.0,0.0,0.0,0.0,0.0
CSX.OQ,0.0,0.0,0.0,0.0,0.0,0.01,0.01,0.01
ABNB.OQ,0.03,0.0,0.0,0.0,0.0,0.0,0.0,0.0
NFLX.OQ,0.0,0.0,0.02,0.03,0.03,0.02,0.02,0.02
SWK.N,0.0,0.0,0.0,0.0,0.0,0.0,0.0,0.0
VZ.N,0.87,0.64,0.22,0.1,0.02,0.0,0.0,0.0
CASY.OQ,0.04,0.1,0.22,0.35,0.35,0.27,0.16,0.07
TFC.N,0.0,0.0,0.0,0.0,0.0,0.0,0.0,0.0
ABT.N,0.0,0.0,0.01,0.0,0.0,0.0,0.01,0.0
MA.N,0.0,0.0,0.0,0.0,0.0,0.0,0.02,0.05
RSG.N,0.02,0.13,0.23,0.32,0.33,0.34,0.24,0.04
STE.N,0.0,0.0,0.0,0.0,0.0,0.0,0.0,0.0
AMZN.OQ,0.2,0.16,0.18,0.16,0.13,0.12,0.12,0.1
MMM.N,0.0,0.0,0.0,0.0,0.0,0.0,0.0,0.0
CDW.OQ,0.0,0.0,0.0,0.0,0.0,0.0,0.0,0.0
COO.OQ,0.0,0.0,0.0,0.0,0.0,0.0,0.01,0.01
WAB.N,0.0,0.0,0.0,0.0,0.0,0.0,0.0,0.0
NTAP.OQ,0.0,0.0,0.0,0.0,0.0,0.0,0.0,0.01
TTWO.OQ,0.04,0.1,0.13,0.16,0.16,0.15,0.12,0.09
TSN.N,0.14,0.07,0.07,0.07,0.04,0.01,0.01,0.0
DVN.N,0.0,0.0,0.0,0.0,0.0,0.0,0.0,0.0
ORCL.N,0.0,0.0,0.0,0.01,0.01,0.0,0.0,0.0
EG.N,0.0,0.0,0.0,0.0,0.0,0.0,0.0,0.0
WBD.OQ,0.0,0.0,0.0,0.03,0.03,0.03,0.01,0.02
BX.N,0.0,0.0,0.0,0.0,0.0,0.0,0.0,0.01
TXT.N,0.0,0.0,0.0,0.0,0.0,0.0,0.0,0.0
HCA.N,0.0,0.0,0.0,0.0,0.01,0.07,0.07,0.09
IEX.N,0.0,0.0,0.0,0.0,0.0,0.0,0.0,0.0
FOX.OQ,0.08,0.05,0.04,0.02,0.02,0.0,0.0,0.0
MNST.OQ,0.0,0.0,0.0,0.01,0.02,0.03,0.03,0.01
PEG.N,0.0,0.0,0.0,0.0,0.01,0.01,0.0,0.0
VICI.N,0.0,0.0,0.0,0.0,0.0,0.0,0.0,0.0
MO.N,0.68,0.5,0.23,0.15,0.07,0.03,0.01,0.0
ETR.N,0.0,0.0,0.0,0.0,0.02,0.03,0.02,0.01
HWM.N,0.0,0.0,0.0,0.0,0.0,0.0,0.04,0.18
EXR.N,0.0,0.0,0.0,0.0,0.0,0.0,0.0,0.0
LMT.N,0.5,0.39,0.27,0.23,0.13,0.11,0.08,0.04
C.N,0.0,0.0,0.0,0.0,0.0,0.0,0.0,0.0
EXC.OQ,0.0,0.0,0.0,0.0,0.0,0.0,0.0,0.0
CVX.N,0.0,0.0,0.0,0.0,0.0,0.0,0.0,0.0
F.N,0.0,0.0,0.0,0.0,0.0,0.0,0.0,0.0
XOM.N,0.08,0.11,0.05,0.01,0.02,0.0,0.0,0.0
UDR.N,0.0,0.0,0.0,0.0,0.0,0.0,0.0,0.0
STZ.N,0.0,0.0,0.0,0.0,0.0,0.0,0.0,0.0
ROL.N,0.0,0.0,0.0,0.01,0.05,0.06,0.04,0.02
TJX.N,0.0,0.0,0.0,0.05,0.05,0.05,0.06,0.04
BR.N,0.0,0.0,0.01,0.02,0.03,0.04,0.03,0.01
HIG.N,0.0,0.0,0.0,0.0,0.0,0.02,0.02,0.04
NXPI.OQ,0.0,0.0,0.0,0.0,0.0,0.0,0.0,0.0
FISV.OQ,0.0,0.0,0.0,0.0,0.0,0.0,0.0,0.0
EXPD.N,0.02,0.01,0.03,0.05,0.04,0.03,0.03,0.0
RF.N,0.0,0.0,0.0,0.0,0.0,0.0,0.0,0.0
AMD.OQ,0.0,0.0,0.0,0.0,0.01,0.02,0.03,0.28
BMY.N,0.79,0.43,0.16,0.07,0.01,0.0,0.0,0.0
PRU.N,0.0,0.0,0.0,0.0,0.0,0.0,0.0,0.0
PPL.N,0.0,0.0,0.0,0.0,0.0,0.0,0.0,0.0
BKNG.OQ,0.0,0.0,0.0,0.0,0.0,0.0,0.01,0.01
TEL.N,0.0,0.0,0.0,0.0,0.0,0.0,0.0,0.0
META.OQ,0.0,0.0,0.0,0.0,0.0,0.0,0.0,0.03
APA.OQ,0.0,0.0,0.0,0.0,0.0,0.0,0.0,0.0
COP.N,0.0,0.0,0.0,0.0,0.0,0.0,0.0,0.0
DAL.N,0.0,0.0,0.0,0.0,0.0,0.0,0.0,0.0
ESS.N,0.0,0.0,0.0,0.0,0.0,0.0,0.0,0.0
DELL.N,0.02,0.03,0.03,0.05,0.04,0.04,0.03,0.1
WM.N,0.07,0.2,0.33,0.4,0.41,0.38,0.24,0.06
ED.N,0.06,0.09,0.1,0.09,0.05,0.03,0.01,0.0
GILD.OQ,0.78,0.65,0.44,0.24,0.12,0.06,0.06,0.01
LEN.N,0.0,0.0,0.0,0.0,0.0,0.0,0.0,0.0
LULU.OQ,0.0,0.0,0.0,0.0,0.02,0.03,0.04,0.04
AMCR.N,0.0,0.0,0.0,0.0,0.0,0.0,0.0,0.0
WAT.N,0.0,0.0,0.0,0.0,0.0,0.01,0.02,0.01
JNJ.N,0.89,0.81,0.71,0.53,0.37,0.19,0.1,0.02
SWKS.OQ,0.0,0.0,0.0,0.0,0.0,0.0,0.0,0.0
DOV.N,0.0,0.0,0.0,0.0,0.0,0.0,0.0,0.0
NKE.N,0.0,0.0,0.0,0.0,0.0,0.0,0.0,0.0
DD.N,0.0,0.0,0.0,0.0,0.0,0.0,0.0,0.0
DVA.N,0.0,0.0,0.0,0.02,0.02,0.03,0.03,0.01
DLR.N,0.0,0.0,0.02,0.03,0.03,0.02,0.01,0.0
HAL.N,0.0,0.0,0.0,0.0,0.0,0.0,0.0,0.0
TPR.N,0.0,0.0,0.0,0.0,0.0,0.0,0.02,0.09
TER.OQ,0.0,0.0,0.0,0.0,0.0,0.0,0.0,0.08
CARR.N,0.0,0.0,0.0,0.02,0.05,0.06,0.09,0.07
APTV.N,0.0,0.0,0.0,0.0,0.0,0.0,0.0,0.0
AON.N,0.01,0.0,0.01,0.0,0.02,0.02,0.02,0.0
CRM.N,0.0,0.0,0.0,0.0,0.0,0.0,0.0,0.0
LRCX.OQ,0.0,0.0,0.0,0.0,0.0,0.0,0.0,0.32
EME.N,0.0,0.03,0.04,0.09,0.1,0.12,0.16,0.19
JBHT.OQ,0.0,0.0,0.01,0.01,0.0,0.0,0.0,0.0
ITW.N,0.0,0.0,0.0,0.0,0.0,0.0,0.0,0.0
J.N,0.0,0.0,0.0,0.0,0.0,0.01,0.03,0.01
XEL.OQ,0.0,0.0,0.01,0.02,0.04,0.04,0.02,0.01
APH.N,0.0,0.01,0.06,0.12,0.13,0.2,0.23,0.31
STT.N,0.0,0.0,0.0,0.0,0.0,0.0,0.0,0.0
ZTS.N,0.0,0.0,0.0,0.0,0.0,0.0,0.0,0.0
SBAC.OQ,0.0,0.0,0.0,0.0,0.0,0.0,0.0,0.0
GEN.OQ,0.35,0.34,0.25,0.24,0.19,0.13,0.09,0.03
NVDA.OQ,0.0,0.0,0.0,0.03,0.05,0.1,0.36,0.87
AAPL.OQ,0.0,0.0,0.01,0.02,0.08,0.16,0.21,0.21
MAS.N,0.0,0.0,0.0,0.0,0.0,0.0,0.0,0.0
NUE.N,0.0,0.0,0.0,0.0,0.0,0.0,0.0,0.0
PPG.N,0.0,0.0,0.0,0.0,0.0,0.0,0.0,0.0
IRM.N,0.0,0.0,0.0,0.02,0.03,0.04,0.04,0.02
VMC.N,0.0,0.0,0.0,0.0,0.0,0.02,0.02,0.01
SCHW.N,0.0,0.0,0.0,0.0,0.0,0.0,0.0,0.0
CEG.OQ,0.0,0.05,0.06,0.09,0.06,0.06,0.04,0.05
A.N,0.0,0.0,0.0,0.0,0.0,0.0,0.01,0.0
SYY.N,0.0,0.0,0.0,0.0,0.0,0.0,0.0,0.0
ROP.OQ,0.0,0.0,0.0,0.0,0.0,0.0,0.0,0.0
ON.OQ,0.0,0.0,0.0,0.0,0.0,0.0,0.0,0.0
SRE.N,0.0,0.0,0.0,0.01,0.01,0.01,0.01,0.0
PSKY.OQ,0.0,0.0,0.0,0.0,0.0,0.0,0.0,0.0
PCG.N,0.0,0.0,0.0,0.0,0.0,0.0,0.0,0.0
KEY.N,0.0,0.0,0.0,0.0,0.0,0.0,0.0,0.0
MRSH.N,0.0,0.0,0.0,0.0,0.0,0.0,0.0,0.01
MCD.N,0.02,0.04,0.04,0.04,0.03,0.01,0.01,0.0
ULTA.OQ,0.0,0.0,0.0,0.0,0.0,0.0,0.01,0.01
TDG.N,0.0,0.0,0.0,0.0,0.01,0.03,0.05,0.11
AXP.N,0.0,0.0,0.0,0.0,0.0,0.0,0.02,0.02
MOS.N,0.0,0.0,0.0,0.0,0.0,0.0,0.0,0.0
AVGO.OQ,0.01,0.02,0.04,0.1,0.14,0.17,0.25,0.42
CAT.N,0.0,0.0,0.01,0.01,0.02,0.02,0.05,0.09
UNH.N,0.0,0.0,0.0,0.02,0.02,0.02,0.02,0.02
NWS.OQ,0.0,0.0,0.0,0.0,0.0,0.0,0.0,0.01
DOW.N,0.0,0.0,0.0,0.0,0.0,0.0,0.0,0.0
WMB.N,0.0,0.0,0.0,0.0,0.0,0.0,0.01,0.01
MAA.N,0.0,0.0,0.0,0.0,0.0,0.0,0.0,0.0
GDDY.N,0.0,0.0,0.0,0.0,0.0,0.0,0.0,0.02
GL.N,0.0,0.0,0.0,0.0,0.0,0.0,0.0,0.0
SPGI.N,0.0,0.0,0.0,0.0,0.0,0.02,0.05,0.09
CHTR.OQ,0.0,0.0,0.0,0.0,0.0,0.0,0.0,0.0
WYNN.OQ,0.0,0.0,0.0,0.0,0.0,0.0,0.0,0.0
HD.N,0.0,0.0,0.0,0.0,0.0,0.0,0.0,0.0
HSIC.OQ,0.0,0.0,0.0,0.0,0.0,0.0,0.0,0.0
HSY.N,0.03,0.07,0.09,0.1,0.09,0.08,0.05,0.0
CVNA.N,0.0,0.0,0.0,0.0,0.0,0.0,0.0,0.0
KMB.OQ,0.26,0.09,0.04,0.02,0.01,0.01,0.01,0.0
EOG.N,0.0,0.0,0.01,0.0,0.0,0.0,0.0,0.0
FTNT.OQ,0.0,0.0,0.0,0.0,0.0,0.01,0.02,0.1
CRL.N,0.0,0.0,0.0,0.0,0.0,0.0,0.0,0.01
ZBH.N,0.0,0.0,0.0,0.0,0.0,0.0,0.0,0.0
LYV.N,0.0,0.0,0.0,0.0,0.0,0.0,0.01,0.04
POOL.OQ,0.0,0.0,0.0,0.0,0.0,0.01,0.01,0.0
BNY.N,0.0,0.0,0.0,0.0,0.0,0.0,0.0,0.01
ATO.N,0.0,0.0,0.0,0.0,0.01,0.0,0.0,0.0
VRTX.OQ,0.0,0.0,0.0,0.01,0.01,0.01,0.01,0.0
D.N,0.0,0.0,0.0,0.0,0.0,0.0,0.0,0.0
HRL.N,0.63,0.28,0.11,0.07,0.01,0.0,0.0,0.0
BBY.N,0.0,0.0,0.0,0.0,0.0,0.0,0.0,0.02
IT.N,0.0,0.0,0.0,0.0,0.0,0.0,0.01,0.01
WRB.N,0.0,0.0,0.0,0.0,0.0,0.0,0.01,0.02
WTW.OQ,0.0,0.0,0.0,0.0,0.0,0.0,0.0,0.0
PNR.N,0.0,0.0,0.0,0.0,0.0,0.0,0.0,0.0
