mode,solvestatus,solstatus,feasible,elapsed_sec,n_selected,portfolio_return,portfolio_variance,portfolio_risk,esg_weighted,weight_region_Europe,weight_region_United States,max_country,max_country_weight
min_risk,COMPLETED,OPTIMAL,True,0.36976003646850586,46,0.07168789339126025,0.008762022124926779,0.09360567357231493,70.00001111531232,0.4865008790182224,0.5134991209817775,United States,0.5134991209817775
min_risk,COMPLETED,OPTIMAL,True,0.37148308753967285,44,0.07803230008772077,0.008814365263223798,0.09388485108484647,70.00000209656896,0.48773353798330216,0.5122664620166977,United States,0.5122664620166977
min_risk,COMPLETED,OPTIMAL,True,0.38684701919555664,44,0.0845523601502037,0.008944271683565087,0.09457415970319318,70.00000131563829,0.4891735248215242,0.5108264751784757,United States,0.5108264751784757
min_risk,COMPLETED,OPTIMAL,True,0.424793004989624,44,0.09107242524092718,0.00915105600987957,0.09566115204135674,70.0000010287539,0.49130216199706905,0.5086978380029309,United States,0.5086978380029309
min_risk,COMPLETED,OPTIMAL,True,0.4479560852050781,42,0.09759251800085325,0.009429285815744193,0.09710450976007341,70.0000334749668,0.4886196251091401,0.5113803748908599,United States,0.5113803748908599
min_risk,COMPLETED,OPTIMAL,True,0.360213041305542,45,0.10411256466483118,0.009825660050952652,0.09912446746869641,70.00001068956425,0.4847406019890262,0.515259398010974,United States,0.515259398010974
min_risk,COMPLETED,OPTIMAL,True,0.36995911598205566,44,0.11063262338134278,0.01030970511946609,0.10153671808496713,70.00000056780537,0.4831724090174029,0.5168275909825972,United States,0.5168275909825972
min_risk,COMPLETED,OPTIMAL,True,0.3650972843170166,41,0.11715269100430366,0.010939540050945683,0.10459225617102674,70.00000221880285,0.47480313522057127,0.525196864779429,United States,0.525196864779429
min_risk,COMPLETED,OPTIMAL,True,0.3794078826904297,35,0.123672757336518,0.011728693497046081,0.10829909278034641,70.0000031060626,0.45944803203011175,0.5405519679698882,United States,0.5405519679698882
min_risk,COMPLETED,OPTIMAL,True,0.3698580265045166,33,0.13019282250164543,0.012806621552363586,0.11316634460988649,70.00000196879225,0.4467083517687597,0.5532916482312404,United States,0.5532916482312404
min_risk,COMPLETED,OPTIMAL,True,0.3684701919555664,33,0.13671289067631648,0.014464677561237833,0.120269187912939,70.00000560569254,0.44775854524164094,0.5522414547583592,United States,0.5522414547583592
min_risk,COMPLETED,OPTIMAL,True,0.3627350330352783,31,0.14323295468967281,0.016963206351721705,0.1302428744758104,70.0000002538505,0.4280389690801934,0.5719610309198067,United States,0.5719610309198067
min_risk,COMPLETED,OPTIMAL,True,0.3993041515350342,31,0.149753020927848,0.021416081468868843,0.14634234338997323,70.0000002544368,0.4154261936759488,0.5845738063240511,United States,0.5845738063240511
min_risk,COMPLETED,OPTIMAL,True,0.34486865997314453,30,0.15627309282860985,0.02918836292502587,0.17084602109802227,70.00001383982246,0.4634846544114868,0.5365153455885131,United States,0.5365153455885131
min_risk,COMPLETED,OPTIMAL,True,0.33663105964660645,30,0.16279315335945713,0.053134061371688975,0.23050826746927966,70.00000000000126,0.40999999999999986,0.590000000000016,United States,0.590000000000016
