Stock,risk_std
FER.MC,0.1999758433452982
CARLb.CO,0.22488157055737376
ULVR.L,0.16814499992095883
INVEb.ST,0.21659037256833313
LAGRb.ST,0.3246217511571754
STERV.HE,0.33407906761912914
EPIRa.ST,0.28674081129336
VIS.MC,0.21234121561657293
PHG.AS,0.34410413303283593
BEIJb.ST,0.3697929842904179
ALLFG.AS,0.3767964447544695
IPN.PA,0.24711638503730796
SCHP.S,0.2073074970063028
SQN.S,0.30480672436003103
DAST.PA,0.2760810861675787
GEBN.S,0.22960236842107973
SKFb.ST,0.3060724803834813
TLXGn.DE,0.24600082127315281
DHER.DE,0.5962456373420112
GBLB.BR,0.18401997161778041
GALE.S,0.1750591639048916
FRES.L,0.4084048176844425
AIXGn.DE,0.4910935811246457
VOD.L,0.2676617880633862
ZEG.L,0.9551975544957204
SATG_p.DE,0.4556240354232741
AZMT.MI,0.2643240212853176
MNG.L,0.23791441067562077
MICP.PA,0.2256106394024542
PRY.MI,0.32822725705641514
ORSTED.CO,0.5206397344216926
BAYGn.DE,0.3537191202863224
BAB.L,0.32398286889579536
RENA.PA,0.33286706673730065
HSX.L,0.24829814879083045
HMb.ST,0.34509136555706943
GETIb.ST,0.34362950190199065
TRN.MI,0.1826828802114342
CWK.L,0.20171376149308132
LDOF.MI,0.3570094281125342
SIKA.S,0.2531848489198704
SOON.S,0.25215321020449055
ALEP.WA,0.35962983105180607
RAAG.DE,0.27899113528109787
BRBY.L,0.4238238020947315
TEMN.S,0.41962426551392595
STDM.PA,0.44461317358991526
SRP.L,0.23305882116104837
MAERSKb.CO,0.431741104363261
VATN.S,0.17302137274606577
VLLP.PA,0.3338631857729359
KNIN.S,0.25853961911896234
MRL.MC,0.2513710734315548
BT.L,0.29351957158129777
RKT.L,0.24012714113042574
VACN.S,0.3669975980240016
SSE.L,0.23364683223816501
BEAN.S,0.2941238232871309
LGEN.L,0.23609029493596995
SGE.L,0.23904113067387647
EDPR.LS,0.3464464450086282
LOGN.S,0.32525863243723047
BTRW.L,0.288597812201541
LAND.L,0.2612297998511798
IMB.L,0.19188332095256094
QLT.L,0.32186801715575236
ADYEN.AS,0.5258957441426938
GF.S,0.27665325592677315
KGH.WA,0.3817316821862246
YAR.OL,0.26919353391584117
ADP.PA,0.2659943111380473
QQ.L,0.33509764981406814
SAF.PA,0.23139002725811833
ACS.MC,0.23285418113856285
INF.L,0.2167129440789771
SAPG.DE,0.2515462313326824
TCAPI.L,0.2764784414385669
HWDN.L,0.26621960902265157
SAMPO.HE,0.18391444309558097
ARGX.BR,0.39462360794414214
IMI.L,0.23850257918854736
SAABb.ST,0.4194844566011344
NAFG.DE,0.3609105129741989
INVP.L,0.28146189493896034
RYA.I,0.30422021651618986
SFZN.S,0.26107487295767196
SALM.OL,0.310646828840036
CARR.PA,0.241488444783607
RBIV.VI,0.34580924185404915
HNKG_p.DE,0.18237517565647507
FPE3_p.DE,0.2599011017096392
LIFCOb.ST,0.2872127244441091
SAVE.ST,0.3239978708330163
ATCOa.ST,0.29275136074244484
ERST.VI,0.28176516915193806
BCU.MI,0.3316489890141209
VALMT.HE,0.31820630572453484
ENEI.MI,0.19607022206212046
FNTGn.DE,0.22669040901695384
INCH.L,0.3017487318585399
ORK.OL,0.22164293142869035
PRX.AS,0.32237680978323646
AKZO.AS,0.25032022936439774
SB1NO.OL,0.23811865919887926
AAF.L,0.3100860176619656
PZU.WA,0.3013353393245447
RWEG.DE,0.24128446302322992
KSP.I,0.33411492298416245
LATOb.ST,0.2886790958965519
SGEF.PA,0.2113892806710123
BGN.MI,0.22094737920593535
AAK.ST,0.24359918751547957
PKN.WA,0.29261265979324097
WIHL.ST,0.31200365323613827
ENX.PA,0.21703185471161138
TW.L,0.27358563249948414
ALVG.DE,0.1961671156973432
TPRO.MI,0.39865100053512526
DHLn.DE,0.2613740393503492
SHLG.DE,0.2427872325482404
LHAG.DE,0.3173220248694302
PAFR.L,0.4781809682610093
DTGGe.DE,0.31309766510817955
LSEG.L,0.21200978090174893
TENR.MI,0.2888993400025729
PKO.WA,0.3395788940097188
DRX.L,0.3115622179754816
SMIN.L,0.2064082843206033
QIA.DE,0.20273730163096407
MT.AS,0.32128945705938267
AM.PA,0.29221957374957
RBREW.CO,0.27225989524573024
NEXS.PA,0.37795510215254535
TKAG.DE,0.4803302528206076
BARN.S,0.3307484243788421
AENA.MC,0.21843655647607535
ITV.L,0.3300520517348874
BAMI.MI,0.3116899929645028
RACE.MI,0.282220166122712
TUB.BR,0.3012966090718092
EZJ.L,0.3365632243734302
III.L,0.2745987962604323
LUNDb.ST,0.21946353568263863
ERICb.ST,0.2971683861184814
NEKG.DE,0.33566454649796584
MAP.MC,0.2186154812240391
CLNX.MC,0.271632278446269
CTEC.L,0.27914037994881186
ROPC.S,0.21261558726564553
PSON.L,0.22650119572998687
IBE.MC,0.17911840202313012
SEBa.ST,0.25787040951001017
LEGn.DE,0.33562528805287994
BMWG.DE,0.28996886407715455
SJP.L,0.40406975095502007
GAW.L,0.29164565850392443
SY1G.DE,0.22910384555173174
ABNd.AS,0.2869083676208651
PNN.L,0.3097380510897123
EVOG.ST,0.34367136549417343
OMVV.VI,0.2537662384014095
NTGY.MC,0.2244462539997083
NOVN.S,0.19470634167418382
UMG.AS,0.2994754515169688
PST.MI,0.19865642234301692
GALP.LS,0.29702818024679073
VWS.CO,0.44689149433352093
PERP.PA,0.25131123259660126
VAR.OL,0.3352597414104925
BLND.L,0.28482567082785587
P911_p.DE,0.3090076624588345
MNDI.L,0.2869366039496664
BAER.S,0.29141481025333066
EUFI.PA,0.31850520083284745
PRU.L,0.3115521141528447
VERB.VI,0.2656232205292938
NDAFI.HE,0.24224584336436714
PEO.WA,0.3664907829971555
EVKn.DE,0.2553977024212019
CMBN.S,0.19611296728454136
ACCP.PA,0.26243200549938195
ORNBV.HE,0.2732897431830306
BBOXT.L,0.27133579206033104
SUBC.OL,0.3220590456168302
SBMO.AS,0.26373445165656884
ADDTb.ST,0.3321969001563183
AKE.PA,0.2906432744356064
WRT1V.HE,0.32417768616453546
EBP.WA,0.3515127620712837
HAGG.DE,0.46731763126925707
GRLS.MC,0.5580486635719043
G24n.DE,0.23721181050828744
FRAG.DE,0.2957339391143573
FREG.DE,0.2469881141953056
EDP.LS,0.25945420671561376
TRYG.CO,0.18673877313349171
NOVOb.CO,0.4082163277376248
DPLM.L,0.2653791755617906
BAVA.CO,0.4855179468276745
AOO.BR,0.2550667676501185
IGG.L,0.2340828936697853
AD.AS,0.18247375645895675
TLIT.MI,0.37384990263516454
AMBUb.CO,0.4038678614382042
HIK.L,0.25207845318203864
CAPP.PA,0.2852948299084562
BGEO.L,0.36003885901363253
BIRG.I,0.33533328676870333
DCC.L,0.2444665618019756
KNEBV.HE,0.22252345892680578
DLN.L,0.28328959176329443
WTB.L,0.2572873876146074
GL9.I,0.30293413572361144
TE.PA,0.33812924570362596
NN.AS,0.24945040854499384
ROCKb.CO,0.3587614609011771
UPM.HE,0.2489529753294913
BKT.MC,0.2760480166723491
AKRBP.OL,0.31989815559173745
MONC.MI,0.30151914408604746
ADEN.S,0.3393362416365586
EONGn.DE,0.20654899085942763
LISP.S,0.20008264877253723
WEIR.L,0.24590319683283565
ACKB.BR,0.19481406024856407
VNAn.DE,0.3424893297460634
MTO.L,0.28878564063515366
EDEN.PA,0.35644448307561294
HOTG.DE,0.3089842497641323
BAES.L,0.2559917730231834
ENAG.MC,0.20499632938779963
VEND.OL,0.35264727164873916
BIOX.PA,0.23136985050299502
NKT.CO,0.3496511156758258
SDR.L,0.2768527169266126
TRELb.ST,0.2724677306430375
BWY.L,0.3026817564692943
INGA.AS,0.25702541427034625
NEXII.MI,0.33424843893744655
BAKKA.OL,0.33325507035407864
HRA.MI,0.23042905891874885
BCVN.S,0.19397148856465268
BMPS.MI,0.43344437693822735
STB.OL,0.2347483408710478
BOUY.PA,0.216917738250451
AXAF.PA,0.21544665190217785
TEGG.DE,0.3777460134007913
HOLN.S,0.2297577382207651
GASI.MI,0.1936239296395156
UU.L,0.22393346945648998
ACPP.WA,0.33794259665109755
MWDP.PA,0.23318754027650948
A2.MI,0.2414367443367703
ZELA.CO,0.5629743029343351
REDE.MC,0.18629131369573612
TEPRF.PA,0.46564851299890103
STMMI.MI,0.39988263359218823
EQNR.OL,0.3023136555063205
VLOF.PA,0.4379805117443326
ALKb.CO,0.3811705360667788
SECUb.ST,0.2597016894983572
EMG.L,0.2881129632476131
EXHO.PA,0.25112047291150624
SSABb.ST,0.3737894319689323
AZN.L,0.2412751538528283
BKGH.L,0.24421404234447522
ICGIN.L,0.32630546282643064
AUTOA.L,0.2409010066479302
RMV.L,0.3112264362337824
VZN.S,0.21595829425491758
IETB.BR,0.29276067678083273
IMCD.AS,0.2825984272990307
SWEDa.ST,0.2719364113503147
SCHN.PA,0.2908197813885456
KPN.AS,0.15674096878621163
WBSV.VI,0.3184158371246686
TEL2b.ST,0.23972474036510708
WLSNc.AS,0.22122312926224577
BP.L,0.2535724457982077
LLOY.L,0.25963238232697705
ARDS.AS,0.27058192831147493
SFSN.S,0.21765213829795238
CCH.L,0.21049635763892613
ESSITYb.ST,0.213222780826503
MOWI.OL,0.2403199646261403
SAN.MC,0.3051156456215536
HLMA.L,0.24286023646772895
SIEGn.DE,0.28662923837756804
THULE.ST,0.3929259752733994
KEMIRA.HE,0.2820955214877734
HUH1V.HE,0.23184251263172295
DNP.WA,0.3440515844599764
ABBN.S,0.23202395878299123
AG1G.DE,0.5491029873355037
UNPI.MI,0.26471571023401874
BAWG.VI,0.298165046471729
RS1R.L,0.3061426246931845
BC8G.DE,0.33957595977647403
ENR1n.DE,0.6098973145805212
RHMG.DE,0.3852362251128527
AIRP.PA,0.19323745281485266
GETP.PA,0.18828068989916852
HEIO.AS,0.21642424826606146
ROR.L,0.22448914246666712
FHZN.S,0.18368577721104487
DTEGn.DE,0.1868809883520109
STAN.L,0.30997345683576155
RR.L,0.3680075235263826
ADSGn.DE,0.3246842744327357
MYCR.ST,0.3746531226178781
SASY.PA,0.25025597476822187
SIGNC.S,0.3174888302471242
FOUG.PA,0.23643582713616154
UBSG.S,0.2757342849823782
STLAM.MI,0.3689274551583892
RAND.AS,0.28226552664375604
NOD.OL,0.5748755508572067
MKS.L,0.2940925349367322
JMAT.L,0.30345614035596824
ENT.L,0.39601822448593355
ASRNL.AS,0.23637377439083448
PSPN.S,0.16643411672145564
BMEB.L,0.3513575259284865
UTG.L,0.24601924910323955
SABE.MC,0.34096483564323404
IFXGn.DE,0.37725311454873345
CAGR.PA,0.22938051790228697
TELIA.ST,0.23017141931942628
PRTP.PA,0.36884918730799127
RECI.MI,0.23660602954604018
BATS.L,0.20776715378456287
SDFGn.DE,0.3131464365315536
ANA.MC,0.2979015854295168
ASSAb.ST,0.240582556759186
ITRK.L,0.21676924512224177
NIBEb.ST,0.4344549263613362
HBANC.S,0.19766217790455387
FRO.OL,0.44752375126473987
SCOR.PA,0.3555626568519627
BALF.L,0.23182330978879165
JMT.LS,0.2801970983316482
SUN.S,0.267671721621709
KCRA.HE,0.32542614104562667
UNI.MC,0.3012070397704124
KOG.OL,0.3682074088169765
ALLN.S,0.1597405990240845
ELI.BR,0.29672863731862775
HNRGn.DE,0.21690181830198427
CNA.L,0.25629554609841343
DSV.CO,0.2955683661651876
DB1Gn.DE,0.20653188267160638
BVI.PA,0.21000148766519702
EQTAB.ST,0.4021001108562149
IG.MI,0.20558103188805152
TTEF.PA,0.21669108547255753
MBGn.DE,0.26231854889172806
FBK.MI,0.2978080378293714
SAGAb.ST,0.32818857128123696
MTXGn.DE,0.2757804514804358
ALSYDB.CO,0.29510645357658155
SBNOR.OL,0.24098225975878412
SOGN.PA,0.32780611510443763
ACLN.S,0.247163723134714
DBKGn.DE,0.332643366149352
NWG.L,0.2929949498095549
SAND.ST,0.2748121340252096
NDXG.DE,0.4256975582194381
INWT.MI,0.21684179414467705
SRENH.S,0.22675146281954298
RILBA.CO,0.2312128587061659
JYSK.CO,0.2593011576444096
LOTB.BR,0.2634042225457312
AALB.AS,0.3209280961504616
NOKIA.HE,0.31619634942233066
KBCA.BR,0.230079312214834
BNRGn.DE,0.254103154795674
AMA.MC,0.23777109425166648
BZU.MI,0.3108270944337449
BEZG.L,0.28061485257032937
AAL.L,0.39590540733671725
BOLL.PA,0.20543709439484134
AVANZ.ST,0.34817583321240153
RTO.L,0.3529141837407298
ABVX.PA,1.1802814988778816
BYG.L,0.29179773028059697
NSISb.CO,0.2481005837781205
ANTO.L,0.3671262393300987
MBK.WA,0.3725979306388218
RXL.PA,0.32044215518650593
ASML.AS,0.3679554283345992
BOL.ST,0.35841738860457795
CPG.L,0.18458757315749136
HSBA.L,0.22892366667455874
BPTB.L,0.401802055906354
BNZL.L,0.2578270073776772
REY.MI,0.29079796045711553
VOWG_p.DE,0.26451784542172074
LOIM.PA,0.22070103811514052
DEMANT.CO,0.3185538637929254
PSN.L,0.33918508884156096
EMSN.S,0.20223416366914432
GFCP.PA,0.23206965953652953
UCB.BR,0.2957158566092027
NESTE.HE,0.40727836002413464
KBX.DE,0.28152195827129284
METSO.HE,0.32226963216690696
AIR.PA,0.2502715761752706
MRCG.DE,0.28032676533469897
CRDI.MI,0.32190160416930536
LEGD.PA,0.24925705673638984
G1AG.DE,0.22191636500993278
WISEa.L,0.3570150623950203
NHY.OL,0.3524095862468445
SPSN.S,0.15943621499718091
TPE.WA,0.4092330145138703
SHCS.L,0.281867149051485
RUBF.PA,0.2774553363829192
NESN.S,0.18734793642549882
PNDORA.CO,0.3328559613859581
IVG.MI,0.4040965526716914
GLEN.L,0.3227401589364278
GBFG.DE,0.3220783603180954
CONG.DE,0.32248046837467703
BUCN.S,0.214404137244615
SOPR.PA,0.3248742865640234
SPMI.MI,0.38902404731049317
ZALG.DE,0.4276301053760369
HIAB.HE,0.3442567728627277
SKAb.ST,0.2868231640880639
AYV.PA,0.3727663643336145
ZURN.S,0.16613304087826664
MUVGn.DE,0.22351983653090596
SRG.MI,0.18525717938655528
ABI.BR,0.2211075294554486
LVMH.PA,0.3025436056392264
WDPP.BR,0.24807909226053773
PSHG_p.DE,0.24945370912878223
COLOb.CO,0.2418078669243364
AGES.BR,0.20248163662344695
HOLMb.ST,0.2388441975042354
JD.L,0.44867003389539145
CAMX.ST,0.4167327716573241
GMAB.CO,0.31872451533813045
SPIE.PA,0.25320143343907703
GTT.PA,0.28122415652907756
ANDR.VI,0.2793634394220563
VIE.PA,0.2169323748644004
CFR.S,0.3039795478334328
SPX.L,0.28680261981107147
EXPN.L,0.24470291734070299
ISS.CO,0.26557009337959964
ELIS.PA,0.2734118729324135
ESLX.PA,0.23715548423633015
SCYR.MC,0.23183075391661023
CRDA.L,0.29510649540250705
KGX.DE,0.42206173108889866
HEIG.DE,0.30035820394432555
FMEG.DE,0.32394202016276713
CDR.WA,0.38123335170038253
KYGa.I,0.21103956950612374
INGP.WA,0.3483244497253654
AXFO.ST,0.2472357295622818
TBCG.L,0.3650082390468268
TSCO.L,0.20492176300977122
HEXAb.ST,0.29874292063758145
KESKOB.HE,0.23135655406424463
MRON.L,0.36660606035153853
PHP.L,0.2333474515495589
BNPP.PA,0.2801676255046039
DNB.OL,0.24237243542325151
HOCM.L,0.5404892653058266
ELISA.HE,0.19518930714901922
IDR.MC,0.29936233687285024
DANO.PA,0.17047423375946993
AV.L,0.21594127857462594
SGOB.PA,0.29460950424949706
CPRI.MI,0.31588453130119687
ENGIE.PA,0.19616031555769042
NXT.L,0.24236110883955517
FLS.CO,0.32992217301162957
TEL.OL,0.20917744159583856
SCMN.S,0.15787956773510353
ALCC.S,0.23173444809941032
GIVN.S,0.22175310798420447
UMI.BR,0.3874336883429543
TCFP.PA,0.28485880320521667
SBRY.L,0.23420499044747398
DKSH.S,0.211554121223252
OREP.PA,0.2414646353042891
ITX.MC,0.24212141831347986
BBVA.MC,0.3059766172040971
SGRO.L,0.26251962527458605
BFT.WA,0.3862571469992546
SHBa.ST,0.2892299808387778
WALLb.ST,0.34406345534205146
NG.L,0.2066410882469729
PLUSP.L,0.24129083712189311
TOM.OL,0.46970354856598384
DLG.MI,0.3350455084270555
IHG.L,0.22124181872087362
AMUN.PA,0.26464337193763277
ALSO.PA,0.4914471486073148
LOOMIS.ST,0.3006827418793123
EMII.MI,0.3412852348160985
EXOR.AS,0.21534328867307465
GSK.L,0.22912756547728563
LONN.S,0.30737777560928464
PUBP.PA,0.2459563010027171
VOLVb.ST,0.2873121829354784
REL.L,0.19075939334806483
CVO.PA,0.27021612888522795
INDUc.ST,0.22243857603609146
ABDN.L,0.32459950208928384
SOBIV.ST,0.3090829929429942
CABK.MC,0.2809868050646331
LIGHT.AS,0.3315433080119496
URW.PA,0.2821816024098513
INPST.AS,0.3470605590616292
ABF.L,0.24705149438158866
ADML.L,0.2286374744533412
VID.MC,0.23740239543621228
VOPA.AS,0.22385292629307763
WPP.L,0.3370872512355137
LMPL.L,0.24827054213897137
FTKn.DE,0.38291498297624227
CBKG.DE,0.36904016761448516
SVT.L,0.2298777251230745
DIOR.PA,0.2954204509515401
SECTb.ST,0.35109697133019097
ICAG.L,0.3289546103865973
GJFG.OL,0.24179074289624433
EVDG.DE,0.31641912846683473
ENI.MI,0.20756844370335006
BEIG.DE,0.19186476290369758
DANSKE.CO,0.2616525212368862
HRMS.PA,0.26941093861216747
DGE.L,0.2344876106160295
ALFA.ST,0.2520890036879473
AEGN.AS,0.26409237242907074
BASFn.DE,0.2773363162053865
RIO.L,0.2446753216610849
LPPP.WA,0.46562735145905965
SN.L,0.2566431324805093
ITPG.MI,0.3179532054294376
FDJU.PA,0.23244918675885404
SDLF.L,0.24964738581207138
REP.MC,0.23345686187205844
CAST.ST,0.33823089789096905
SWECb.ST,0.3424313953536355
MOBN.S,0.1615437901523627
SGSN.S,0.21436850208701755
BCP.LS,0.334626417162724
TEF.MC,0.22114575824685964
BKWB.S,0.23185015729416422
KBC.BR,0.24508203766921138
VOES.VI,0.3085660483245657
SHEL.AS,0.20167609964760752
SOF.BR,0.27600371035119425
BALDb.ST,0.39791612259314746
BESI.AS,0.45099531612730187
ASMI.AS,0.4104300104273939
ELE.MC,0.21027409426032637
ORAN.PA,0.17599653629387788
PIRC.MI,0.24497945767322907
SCAb.ST,0.26618992154081283
BMED.MI,0.23642161326857147
AIBG.I,0.30402406001544735
HEIN.AS,0.2258680428410279
KGF.L,0.30704500093491605
HLN.L,0.2023959548238238
PUMG.DE,0.48187146267866243
HUBN.S,0.2637675361437195
ISP.MI,0.2555882425067957
PGHN.S,0.2788506346119984
UHR.S,0.2953140917123104
BARC.L,0.3149423935345255
AVOL.S,0.26225953642734867
TUI1n.DE,0.4368175939120908
STMN.S,0.32712358862780555
INDT.ST,0.31113416502877317
SLHN.S,0.19297112997587398
FORTUM.HE,0.2643877470638115
KLAC.OQ,0.39685104074217603
AME.N,0.2057556210889588
DUK.N,0.16798503646881496
CME.OQ,0.17549957063348898
FDX.N,0.29677817057070566
PG.N,0.1616780055406858
IR.N,0.27566033213099744
ACN.N,0.246801566163181
FDS.N,0.23454799160016032
DASH.OQ,0.4049184556540826
BAX.N,0.3509811186315267
ODFL.OQ,0.3471757111586545
XYL.N,0.22519644326646854
ADSK.OQ,0.2823425716158221
OMC.N,0.25830752573308846
UHS.N,0.2850798114023445
ERIE.OQ,0.2901369080066421
CLX.N,0.22320502522557303
DLTR.OQ,0.3883627667602498
CFG.N,0.34468218600215844
TTD.OQ,0.6091009703499739
DHI.N,0.32525525158189944
EXPE.OQ,0.4158623760966351
EXE.OQ,0.2843852728498884
CIEN.N,0.45752367676332634
ELV.N,0.28387483819326365
WY.N,0.2397092520248581
CMS.N,0.1755596504850282
CVS.N,0.3092368094784263
SPG.N,0.23844453424279513
MCHP.OQ,0.43629273398434815
GEHC.OQ,0.31691710716652705
UAL.OQ,0.45215997826236304
BG.N,0.27924953605454667
CCI.N,0.24648745749225395
WEC.N,0.17744997653797587
STLD.OQ,0.3437893903681235
FCX.N,0.39614478781996965
FSLR.OQ,0.5436724279060101
EW.N,0.3347518953609748
MDT.N,0.20071522857137858
ALGN.OQ,0.506601487623785
WST.N,0.44765076826681155
V.N,0.18217060592604523
HPE.N,0.3720009087415997
INTC.OQ,0.5148931124175673
SYF.N,0.34472320608186346
MRNA.OQ,0.5768194816500714
LNT.OQ,0.18242907443275883
NOW.N,0.34773075382638263
TKO.N,0.33507775559691777
DE.N,0.2559432099677178
CRWD.OQ,0.4386327530820458
LHX.N,0.21016970300801638
TROW.OQ,0.26408561509007833
GPC.N,0.27485148908767737
NVR.N,0.24105277181200868
LVS.N,0.3250231663650452
DECK.N,0.4261078491676262
PLD.N,0.25880833723839836
APP.OQ,0.7060722520572204
URI.N,0.3576695094730324
NI.N,0.1881583133359102
NTRS.OQ,0.28204574112282693
NOC.N,0.2257441870628057
VRT.N,0.5983638385877934
MS.N,0.27054172559039175
YUM.N,0.19034842446682398
RMD.N,0.31845764166783674
SYK.N,0.20829463628507913
CL.N,0.17379768926563866
SO.N,0.17376342763495767
GS.N,0.26552080530936417
SLB.N,0.3191059367773009
BA.N,0.32686837658603474
HST.OQ,0.26503808946552443
CBRE.N,0.27604000562492154
IBKR.OQ,0.338545543265589
IFF.N,0.31586831172038543
CHD.N,0.19081012519813484
SHW.N,0.23157556430239568
BLK.N,0.2244737028186946
HON.OQ,0.20162905721446645
GPN.N,0.3352009022874565
ADP.OQ,0.18623324701569607
AMT.N,0.24870983486019574
GLW.N,0.2845106540507691
AWK.N,0.21638284267483152
PNW.N,0.18354513306098486
PGR.N,0.24989715982746727
BRKb.N,0.15482628609083096
LUV.N,0.36435883597126445
IVZ.N,0.33518728603187276
CTAS.OQ,0.20638767878879996
PODD.OQ,0.3748540829591053
ABBV.N,0.23172103564794444
REG.OQ,0.19618465682440656
HUM.N,0.37974782076914204
GE.N,0.27949459723819986
GD.N,0.18702808440292415
MSI.N,0.196235775435696
PWR.N,0.3328683506250263
TGT.N,0.33952968744213563
ARES.N,0.3273301657367735
HUBB.N,0.2928936790824515
AMAT.OQ,0.4022199609707311
INCY.OQ,0.29184461853911375
PYPL.OQ,0.3584054017321225
PSX.N,0.2988819640111844
NSC.N,0.23621266509672129
BXP.N,0.3448602252476614
CAH.N,0.22704283578583923
LDOS.N,0.2567853312715051
COF.N,0.32242259068774626
BALL.N,0.2693646095173873
OKE.N,0.25490109921018256
TSCO.OQ,0.2499292375231797
LOW.N,0.22828754131571274
MPWR.OQ,0.525660657315206
LH.N,0.21258192067960907
JKHY.OQ,0.2249485516040172
TSLA.OQ,0.5883229395511567
RL.N,0.3288878841249605
AEP.OQ,0.19215686672453572
FE.N,0.18442072903237683
UNP.N,0.21120935232876034
VTR.N,0.22751679061865607
JBL.N,0.37375071649680996
CSGP.OQ,0.2916257706396142
RVTY.N,0.324041918411139
ALL.N,0.24300091250563485
IP.N,0.32149844402009276
SNA.N,0.22846943677212642
EBAY.OQ,0.2999688017783643
TPL.N,0.4301023305808505
SJM.N,0.24176300218852062
KO.N,0.1446631051386072
FRT.N,0.21827292420196487
VRSN.OQ,0.2077044467994473
QCOM.OQ,0.3548767815772996
CNP.N,0.1852519293976528
CDNS.OQ,0.33181688713524204
MDLZ.OQ,0.1876017155251388
COHR.N,0.6414276453124225
UPS.N,0.2778128749269728
IBM.N,0.2339443892479486
MSCI.N,0.2757234477007408
SATS.OQ,0.7473456920892982
MRK.N,0.23581719485374494
TRMB.OQ,0.295949219577565
BIIB.OQ,0.2641964216551384
DXCM.OQ,0.49728969738973977
O.N,0.17868385248162127
VEEV.N,0.3304304772468817
BSX.N,0.20045502186569292
VTRS.OQ,0.3009274963162638
ORLY.OQ,0.19651057584761114
KMI.N,0.20531256658462832
CMI.N,0.26206158669637447
GWW.N,0.2311342026232907
ICE.N,0.174856884106027
APO.N,0.3504462886987799
HAS.OQ,0.32514533514168553
DGX.N,0.200971617559683
CPRT.OQ,0.22531076465012337
ADI.OQ,0.31949767570898757
SNPS.OQ,0.4347477616911334
CTVA.N,0.2644976682247398
NDSN.OQ,0.24823820017986442
PFG.OQ,0.2496960898784845
EA.OQ,0.24107338760730782
PKG.N,0.23517967994524655
TMO.N,0.24888356554921487
FICO.N,0.3539260973089597
IDXX.OQ,0.331516960380476
TDY.N,0.2168031217469483
AES.N,0.3994421192965878
TMUS.OQ,0.21292220978312493
PH.N,0.27713159302133544
AIZ.N,0.24153078589149574
EIX.N,0.2590550652552281
TT.N,0.2572382469855563
DRI.N,0.2322700655563505
EFX.N,0.3051477691382991
CINF.OQ,0.2356891921897668
HLT.N,0.22086994719039904
CB.N,0.18941253136483172
WMT.OQ,0.1947046491375242
COIN.OQ,0.8013238929883851
CBOE.Z,0.1982314447793909
KEYS.N,0.30887519441498074
CHRW.OQ,0.3038575576925923
TYL.N,0.2532208722805847
SMCI.OQ,0.9285121831404778
PM.N,0.21147244422732417
ES.N,0.2471889168403464
LII.N,0.30354509842258054
NWSA.OQ,0.23731808938233212
FIX.N,0.47369140210432503
NDAQ.OQ,0.22115245918311774
BAC.N,0.25077965167516375
HOOD.OQ,0.6052940327730555
RJF.N,0.25814125362194623
CAG.N,0.21748995870002358
FIS.N,0.2858015369447733
PHM.N,0.31288550033872464
FFIV.OQ,0.26283131554624245
DG.N,0.4103046824240784
WDC.OQ,0.4361449216184138
EL.N,0.44733496856915617
PEP.OQ,0.17991600689055529
TRGP.N,0.2860694404509034
USB.N,0.30967108200078797
AOS.N,0.24875521328857006
MSFT.OQ,0.22655098953770503
TRV.N,0.21839170366454452
PAYX.OQ,0.214098421170811
HBAN.OQ,0.3126419757684618
COST.OQ,0.19534424614396453
WSM.N,0.42085208534533025
PANW.OQ,0.3939740807218913
MLM.N,0.23459158838894897
EVRG.OQ,0.17631696550279521
TXN.OQ,0.30617275711443204
MKC.N,0.22906723171306753
ISRG.OQ,0.29820182351179
CMG.N,0.31801176290666644
CPT.N,0.21854648237167779
LLY.N,0.3279649036178672
MET.N,0.25447051970733137
T.N,0.23193956550452047
FAST.OQ,0.22503801828032222
COR.N,0.18569465924399128
XYZ.N,0.5009858066895424
ROST.OQ,0.22199634940152232
CPB.OQ,0.23337752891228383
UBER.N,0.3720770430553909
MTD.N,0.30420356799011233
RTX.N,0.22998521636918048
INTU.OQ,0.2870887968454048
AMP.N,0.2475159420356504
MTB.N,0.28796625881229404
VLO.N,0.32859666326265147
ECL.N,0.1968684044490341
PSA.N,0.22401483538418585
KKR.N,0.3620340848287452
INVH.N,0.20960739321884794
MU.OQ,0.5031214375174772
WELL.N,0.21169966095656573
AKAM.OQ,0.3274808435520812
VST.N,0.527868794809956
DHR.N,0.26300917028900533
PCAR.OQ,0.2566076657441135
PFE.N,0.2396242560545952
GM.N,0.33250204095648306
AMGN.OQ,0.24326589809535454
AXON.OQ,0.43381230210300165
NEM.N,0.3639199882920398
CSCO.OQ,0.20567034828600314
PLTR.OQ,0.6373830962780166
AVB.N,0.20583366218543525
HPQ.N,0.3162031174077039
FTV.N,0.2308500146482737
ETN.N,0.3061457621446765
GNRC.N,0.45921323613309256
DPZ.OQ,0.27735199981102826
MGM.N,0.35580238074369536
AJG.N,0.20460699230722623
MPC.N,0.311604705953643
ARE.N,0.3362641712444928
AFL.N,0.20251996163645686
CTSH.OQ,0.2298980322021773
DDOG.OQ,0.474216205445855
CF.N,0.3010887812373823
ANET.N,0.4763300716149448
GOOGL.OQ,0.2963392456114899
GIS.N,0.19738362834736337
IQV.N,0.30752395383716913
TAP.N,0.23662028755341885
NCLH.N,0.49567701382700147
STX.OQ,0.4001520573035823
TECH.OQ,0.36544656011871446
BFb.N,0.29869507344178753
JCI.N,0.27031261240994015
FOXA.OQ,0.24337658832964607
KR.N,0.22046265228831163
AZO.N,0.21247546108338167
KDP.OQ,0.20867934568963714
BDX.N,0.23473538127857196
L.N,0.177768277979688
WDAY.OQ,0.32546725902189666
EQR.N,0.2136529224650106
BRO.N,0.21122912896868198
OXY.N,0.28765756191455377
DTE.N,0.1801449310260197
MCK.N,0.22710434962261578
APD.N,0.2675760106259419
CI.N,0.2921613392211145
ZBRA.OQ,0.3925087350772436
ADM.N,0.2914832265802609
PNC.N,0.26507001115817097
LIN.OQ,0.17631291013761768
LYB.N,0.29360538638630557
FITB.N,0.3067708395037924
CCL.N,0.45592860661160556
MCO.N,0.22440023893906916
PTC.OQ,0.25345577179413137
CMCSA.OQ,0.24790089824737496
DOC.N,0.2523887248940595
EQIX.OQ,0.24951985624782963
ALB.N,0.5497049204988582
BEN.N,0.28882578611956494
RCL.N,0.37935036139657624
HII.N,0.3299966805904465
AVY.N,0.21333909349480978
OTIS.N,0.20337152046831164
EMR.N,0.2604812026201376
FANG.OQ,0.32004665683796085
ROK.N,0.3060004094712104
DIS.N,0.26805119120865534
KHC.OQ,0.20577376940823375
NEE.N,0.2691591426091128
ADBE.OQ,0.3290098930826569
VRSK.OQ,0.21162157318138947
ALLE.N,0.23581809437401968
BLDR.N,0.42934625521675446
LITE.OQ,0.5982741839312082
NRG.N,0.39842550477431843
ACGL.OQ,0.2376248150576192
GOOG.OQ,0.294582182654621
KIM.N,0.23680537112294228
CPAY.N,0.2976234404984901
BKR.OQ,0.2982802452447845
GRMN.N,0.29757272972045934
CNC.N,0.44036951722634676
AIG.N,0.23321704544885893
SBUX.OQ,0.31019451193137226
REGN.OQ,0.302317598829559
JPM.N,0.22680963800735335
MAR.OQ,0.24502171409261417
EQT.N,0.3545353077866692
AEE.N,0.1869316728354113
WFC.N,0.27909953435547963
CSX.OQ,0.2141760270930815
ABNB.OQ,0.37072018009359703
NFLX.OQ,0.3293342754372582
SWK.N,0.3659919373589476
VZ.N,0.21729410026774099
CASY.OQ,0.256632288170714
TFC.N,0.3306194304966472
ABT.N,0.19716294667999398
MA.N,0.184577955945354
RSG.N,0.16101255261633576
STE.N,0.23162179993465296
AMZN.OQ,0.3123242592705449
MMM.N,0.29178911336171126
CDW.OQ,0.27906070274005007
COO.OQ,0.2834017625763812
WAB.N,0.231910867784332
NTAP.OQ,0.31063586361209816
TTWO.OQ,0.2695702858897951
TSN.N,0.24188567172133676
DVN.N,0.3389819437397479
ORCL.N,0.41681970425348147
EG.N,0.25409855034839796
WBD.OQ,0.5346346826207306
BX.N,0.3330389578340128
TXT.N,0.24610855570013762
HCA.N,0.24231730489253742
IEX.N,0.23554219316415909
FOX.OQ,0.24118123745220468
MNST.OQ,0.22206995237653016
PEG.N,0.1965676874594563
VICI.N,0.18640908251738986
MO.N,0.18822500692907013
ETR.N,0.21606427079715296
HWM.N,0.2983405297024627
EXR.N,0.27383484055122825
LMT.N,0.2072183541413148
C.N,0.2745358358732779
EXC.OQ,0.19184619381842458
CVX.N,0.2204431908763017
F.N,0.34562888890252197
XOM.N,0.2238079197529978
UDR.N,0.21704107804605782
STZ.N,0.24784219701530807
ROL.N,0.21559377050644338
TJX.N,0.1661508195118347
BR.N,0.194603982612894
HIG.N,0.2067422890374731
NXPI.OQ,0.3738508685827772
FISV.OQ,0.43545539326375454
EXPD.N,0.2369587616670475
RF.N,0.3034013495013387
AMD.OQ,0.504016243368688
BMY.N,0.25438356695964454
PRU.N,0.24449671070006562
PPL.N,0.17405091122081343
BKNG.OQ,0.2607624978541545
TEL.N,0.24104286036954659
META.OQ,0.3654577539031749
APA.OQ,0.4271172659610354
COP.N,0.28258345892769515
DAL.N,0.3767084493644414
ESS.N,0.23345870475621097
DELL.N,0.48236819012970655
WM.N,0.17432620762121903
ED.N,0.17957298429893348
GILD.OQ,0.23968049865870644
LEN.N,0.30905063597141114
LULU.OQ,0.4093302281820275
AMCR.N,0.22713891328658997
WAT.N,0.32782566213478564
JNJ.N,0.168890729719871
SWKS.OQ,0.39866239204476234
DOV.N,0.23446120005236476
NKE.N,0.34100421249585217
DD.N,0.2841914966513913
DVA.N,0.3188496554452925
DLR.N,0.27965690913430097
HAL.N,0.3550594370024286
TPR.N,0.3698304587337279
TER.OQ,0.45291835884941706
CARR.N,0.3025583781908139
APTV.N,0.3520659670967527
AON.N,0.20000320388615667
CRM.N,0.3228943681654096
LRCX.OQ,0.4198608283615076
EME.N,0.35205561691543513
JBHT.OQ,0.3103793910568379
ITW.N,0.1932434461721006
J.N,0.23187850298398258
XEL.OQ,0.2026135687985453
APH.N,0.2778646885169863
STT.N,0.2656235538850416
ZTS.N,0.26114936334331335
SBAC.OQ,0.266485073352231
GEN.OQ,0.28658751556558143
NVDA.OQ,0.48648180901803545
AAPL.OQ,0.25025075574292915
MAS.N,0.27136015265952756
NUE.N,0.3342928497370976
PPG.N,0.23921139191139082
IRM.N,0.2742275342336027
VMC.N,0.23078658777832115
SCHW.N,0.31484465081506513
CEG.OQ,0.48228767135772904
A.N,0.27625738090881613
SYY.N,0.19115327406418617
ROP.OQ,0.17977368898026597
ON.OQ,0.5005231256823774
SRE.N,0.23659104160861516
PSKY.OQ,0.5495816136852069
PCG.N,0.23787402221765575
KEY.N,0.42091817917364976
MRSH.N,0.16980308142681338
MCD.N,0.1659645167954814
ULTA.OQ,0.3287582578189753
TDG.N,0.24102501604768214
AXP.N,0.2673183892138151
MOS.N,0.35796826407114324
AVGO.OQ,0.45939832649287643
CAT.N,0.28289815048824163
UNH.N,0.3426174977073791
NWS.OQ,0.24059714247959316
DOW.N,0.32775321304082
WMB.N,0.22113280415977934
MAA.N,0.20977352512709077
GDDY.N,0.2709810300492615
GL.N,0.509849329416572
SPGI.N,0.204658289896263
CHTR.OQ,0.36902131522694637
WYNN.OQ,0.3380018217400712
HD.N,0.21379672913509082
HSIC.OQ,0.25322949805190176
HSY.N,0.2299525777405732
CVNA.N,0.9953440535445425
KMB.OQ,0.19545754316378233
EOG.N,0.26636196565204334
FTNT.OQ,0.40339584393050776
CRL.N,0.4291885989341135
ZBH.N,0.2459116187462459
LYV.N,0.29448068475278183
POOL.OQ,0.30384687419324186
BNY.N,0.21609574526482697
ATO.N,0.16737818708471172
VRTX.OQ,0.2803011205110861
D.N,0.22724122034481586
HRL.N,0.24549743248873593
BBY.N,0.34217054219052556
IT.N,0.31850247050352043
WRB.N,0.22086455875693412
WTW.OQ,0.2033302459109593
PNR.N,0.26321892864270935
