,weight_%,amount_USD,Sector,Country,Region,ESG,exp_return_%
WMT.OQ,14.198,14198368.0,Consumer Defensive,United States,United States,77.2,13.03
GALE.S,9.322,9322349.0,Healthcare,Switzerland,Europe,69.1,10.27
COST.OQ,8.92,8919910.0,Consumer Defensive,United States,United States,75.1,13.34
BKWB.S,6.45,6450299.0,Utilities,Switzerland,Europe,58.0,12.83
PGR.N,5.812,5811985.0,Financial Services,United States,United States,69.4,13.95
RSG.N,5.536,5536069.0,Industrials,United States,United States,76.0,12.73
LLY.N,5.432,5432478.0,Healthcare,United States,United States,67.0,15.46
ACLN.S,4.482,4482290.0,Industrials,Switzerland,Europe,54.7,16.01
MOBN.S,4.182,4181934.0,Real Estate,Switzerland,Europe,81.8,7.82
LOTB.BR,3.693,3693340.0,Consumer Defensive,Belgium,Europe,65.1,11.57
NEM.N,3.469,3468866.0,Basic Materials,United States,United States,87.4,11.09
LTMC.MI,3.21,3209987.0,Consumer Cyclical,Italy,Europe,55.3,14.77
SDZ.S,3.142,3142360.0,Healthcare,Switzerland,Europe,74.4,13.35
ARGX.BR,2.886,2885735.0,Healthcare,Belgium,Europe,70.9,16.93
WM.N,2.468,2468392.0,Industrials,United States,United States,79.7,11.68
GALD.S,2.36,2360112.0,Healthcare,Switzerland,Europe,58.5,13.75
ZEG.L,1.386,1386483.0,Communication Services,United Kingdom,Europe,62.0,14.63
PLUSP.L,1.035,1035419.0,Financial Services,United Kingdom,Europe,58.2,11.9
APH.N,1.011,1010860.0,Technology,United States,United States,77.6,15.42
PWR.N,1.002,1001816.0,Industrials,United States,United States,76.5,16.36
CBOE.Z,1.0,1000334.0,Financial Services,United States,United States,68.6,10.68
HLT.N,1.0,1000196.0,Consumer Cyclical,United States,United States,81.5,12.44
GAW.L,1.0,1000136.0,Consumer Cyclical,United Kingdom,Europe,41.8,16.26
BEAN.S,1.0,1000082.0,Industrials,Switzerland,Europe,58.6,13.39
BFT.WA,1.0,1000068.0,Consumer Cyclical,Poland,Europe,62.0,11.67
GOOG.OQ,1.0,1000060.0,Communication Services,United States,United States,79.1,13.68
KR.N,1.0,1000022.0,Consumer Defensive,United States,United States,77.4,6.07
GOOGL.OQ,1.0,1000021.0,Communication Services,United States,United States,79.1,13.54
TKO.N,1.0,1000014.0,Communication Services,United States,United States,56.9,13.49
RILBA.CO,1.0,1000012.0,Financial Services,Denmark,Europe,38.0,12.64
