window,book,from,to,trading_days,ret,maxDD,vol,worst_1d,worst_5d,n_held,recovery_days,panel,profile,profile_rule
2015 China devaluation,risk_averse,2015-08-10,2015-09-29,37,-0.042131922292418696,-0.06034319907263342,0.13288251780459132,-0.024532660310564558,-0.05160928423799859,42,60.0,"A (in-sample, descriptive)",Risk Averse,Minimum variance
2015 China devaluation,neutral,2015-08-10,2015-09-29,37,-0.03557377064308198,-0.04992933905502839,0.12025997832449985,-0.02455393775563408,-0.0460919154719972,30,59.0,"A (in-sample, descriptive)",Neutral,Maximum return/risk ratio
2015 China devaluation,risk_prone,2015-08-10,2015-09-29,37,-0.05286286618967573,-0.05814132886206435,0.14909398545803762,-0.02938646840882031,-0.05814132886206435,30,116.0,"A (in-sample, descriptive)",Risk Prone,Highest non-degenerate return
2015 China devaluation,equal_weight,2015-08-10,2015-09-29,37,-0.08972032151426557,-0.08972032151426557,0.1817258608304348,-0.031135825491703795,-0.07494590493381759,1077,247.0,"A (in-sample, descriptive)",1/N Equal Weight,benchmark
2016 Brexit vote,risk_averse,2016-06-23,2016-07-15,17,0.014800360663451029,-0.029702322562596528,0.1380803602617157,-0.021998900195085436,-0.001179652911589723,42,7.0,"A (in-sample, descriptive)",Risk Averse,Minimum variance
2016 Brexit vote,neutral,2016-06-23,2016-07-15,17,0.023137184605108496,-0.025070091952904994,0.11796665218273317,-0.018034334074450983,0.003416037485971079,30,7.0,"A (in-sample, descriptive)",Neutral,Maximum return/risk ratio
2016 Brexit vote,risk_prone,2016-06-23,2016-07-15,17,0.029697663660525064,-0.03600492534343058,0.15823285965779735,-0.02616111437062907,0.0024331513780884158,30,7.0,"A (in-sample, descriptive)",Risk Prone,Highest non-degenerate return
2016 Brexit vote,equal_weight,2016-06-23,2016-07-15,17,-0.01586364872545698,-0.09907380331271254,0.35540433463281007,-0.06293452066433936,-0.04546575736534731,1077,43.0,"A (in-sample, descriptive)",1/N Equal Weight,benchmark
2018 Q4 selloff,risk_averse,2018-09-20,2018-12-24,68,-0.09181886951776386,-0.0923402379098186,0.09251006636107113,-0.014479997360215656,-0.03991337794952121,42,179.0,"A (in-sample, descriptive)",Risk Averse,Minimum variance
2018 Q4 selloff,neutral,2018-09-20,2018-12-24,68,-0.09512126262873256,-0.09524240385544369,0.10142111063413507,-0.016529669667533775,-0.04161881543386759,30,175.0,"A (in-sample, descriptive)",Neutral,Maximum return/risk ratio
2018 Q4 selloff,risk_prone,2018-09-20,2018-12-24,68,-0.07924735017410256,-0.09333904520587756,0.13052974097110775,-0.02052632687974487,-0.047015043071723106,30,120.0,"A (in-sample, descriptive)",Risk Prone,Highest non-degenerate return
2018 Q4 selloff,equal_weight,2018-09-20,2018-12-24,68,-0.1663383150415727,-0.16699763674171186,0.140463138320667,-0.020042149465894,-0.051820753971389744,1077,197.0,"A (in-sample, descriptive)",1/N Equal Weight,benchmark
2020 COVID crash,risk_averse,2020-02-19,2020-03-23,24,-0.16909210760060578,-0.1739226040961962,0.3671739787722295,-0.06332581165673767,-0.1114887838622508,42,99.0,"A (in-sample, descriptive)",Risk Averse,Minimum variance
2020 COVID crash,neutral,2020-02-19,2020-03-23,24,-0.15860165221734898,-0.16053841924330137,0.41603560293980574,-0.07142541080805698,-0.1139098988710101,30,99.0,"A (in-sample, descriptive)",Neutral,Maximum return/risk ratio
2020 COVID crash,risk_prone,2020-02-19,2020-03-23,24,-0.16320110545942923,-0.16320110545942923,0.49260699981060446,-0.07744099486658185,-0.12652907119506418,30,89.0,"A (in-sample, descriptive)",Risk Prone,Highest non-degenerate return
2020 COVID crash,equal_weight,2020-02-19,2020-03-23,24,-0.3616901905950025,-0.3616901905950025,0.5560344033293941,-0.10797748931180759,-0.20445204125810718,1077,175.0,"A (in-sample, descriptive)",1/N Equal Weight,benchmark
2020 crash + recovery,risk_averse,2020-02-19,2020-08-31,139,0.0885875305190902,-0.1739226040961962,0.20615231641690548,-0.06332581165673767,-0.1114887838622508,42,100.0,"A (in-sample, descriptive)",Risk Averse,Minimum variance
2020 crash + recovery,neutral,2020-02-19,2020-08-31,139,0.10734900817574625,-0.16053841924330137,0.21731000964884092,-0.07142541080805698,-0.1139098988710101,30,100.0,"A (in-sample, descriptive)",Neutral,Maximum return/risk ratio
2020 crash + recovery,risk_prone,2020-02-19,2020-08-31,139,0.15709944649259525,-0.16320110545942923,0.25346992343801866,-0.07744099486658185,-0.12652907119506418,30,97.0,"A (in-sample, descriptive)",Risk Prone,Highest non-degenerate return
2020 crash + recovery,equal_weight,2020-02-19,2020-08-31,139,-0.01744134735611269,-0.3616901905950025,0.36044281458160804,-0.10797748931180759,-0.20445204125810718,1077,236.0,"A (in-sample, descriptive)",1/N Equal Weight,benchmark
2022 inflation shock,risk_averse,2022-01-03,2022-10-12,203,-0.11235721372635987,-0.159491098080066,0.11819738928686087,-0.027929247961275605,-0.054344907361222,42,325.0,"A (in-sample, descriptive)",Risk Averse,Minimum variance
2022 inflation shock,neutral,2022-01-03,2022-10-12,203,-0.08384335837592871,-0.1517686856004381,0.12298881406708022,-0.026021946470263457,-0.056423337380610006,30,316.0,"A (in-sample, descriptive)",Neutral,Maximum return/risk ratio
2022 inflation shock,risk_prone,2022-01-03,2022-10-12,203,-0.07185156545480098,-0.12771452014456275,0.13709373710822517,-0.027182813124936756,-0.05645191909278358,30,221.0,"A (in-sample, descriptive)",Risk Prone,Highest non-degenerate return
2022 inflation shock,equal_weight,2022-01-03,2022-10-12,203,-0.25262480572811397,-0.2591915385553657,0.2052955874365593,-0.03978872024329161,-0.10091686152900181,1077,529.0,"A (in-sample, descriptive)",1/N Equal Weight,benchmark
FULL 2015-2025,risk_averse,2015-01-02,2025-12-31,2869,2.2289670153051597,-0.18189899077622804,0.09834073696079755,-0.0642815714281716,-0.11189287249134727,42,,"A (in-sample, descriptive)",Risk Averse,Minimum variance
FULL 2015-2025,neutral,2015-01-02,2025-12-31,2869,8.013548138082532,-0.2006152721141794,0.11762170649209605,-0.08321941224344374,-0.1367502149095774,30,,"A (in-sample, descriptive)",Neutral,Maximum return/risk ratio
FULL 2015-2025,risk_prone,2015-01-02,2025-12-31,2869,14.593452466329802,-0.23740015021644467,0.16115519821016605,-0.09610518130603818,-0.1639797680282301,30,,"A (in-sample, descriptive)",Risk Prone,Highest non-degenerate return
FULL 2015-2025,equal_weight,2015-01-02,2025-12-31,2869,3.667146572313266,-0.35372803465835273,0.15797309910866073,-0.10788510404044793,-0.2025810447705767,1077,,"A (in-sample, descriptive)",1/N Equal Weight,benchmark
