window,profile,cap,stock,rank,solstatus,weight,note
2018 Q4 selloff,Risk Averse,cap off,SO.N,1,OPTIMAL,,top-8 names only; weights not in the source file
2018 Q4 selloff,Risk Averse,cap off,EVRG.OQ,2,OPTIMAL,,top-8 names only; weights not in the source file
2018 Q4 selloff,Risk Averse,cap off,MOBN.S,3,OPTIMAL,,top-8 names only; weights not in the source file
2018 Q4 selloff,Risk Averse,cap off,BKWB.S,4,OPTIMAL,,top-8 names only; weights not in the source file
2018 Q4 selloff,Risk Averse,cap off,JNJ.N,5,OPTIMAL,,top-8 names only; weights not in the source file
2018 Q4 selloff,Risk Averse,cap off,CBOE.Z,6,OPTIMAL,,top-8 names only; weights not in the source file
2018 Q4 selloff,Risk Averse,cap off,BCVN.S,7,OPTIMAL,,top-8 names only; weights not in the source file
2018 Q4 selloff,Risk Averse,cap off,LMT.N,8,OPTIMAL,,top-8 names only; weights not in the source file
2018 Q4 selloff,Neutral,cap off,NEE.N,1,OPTIMAL,,top-8 names only; weights not in the source file
2018 Q4 selloff,Neutral,cap off,TPL.N,2,OPTIMAL,,top-8 names only; weights not in the source file
2018 Q4 selloff,Neutral,cap off,ARGX.BR,3,OPTIMAL,,top-8 names only; weights not in the source file
2018 Q4 selloff,Neutral,cap off,NVDA.OQ,4,OPTIMAL,,top-8 names only; weights not in the source file
2018 Q4 selloff,Neutral,cap off,JNJ.N,5,OPTIMAL,,top-8 names only; weights not in the source file
2018 Q4 selloff,Neutral,cap off,PGR.N,6,OPTIMAL,,top-8 names only; weights not in the source file
2018 Q4 selloff,Neutral,cap off,GAW.L,7,OPTIMAL,,top-8 names only; weights not in the source file
2018 Q4 selloff,Neutral,cap off,AWK.N,8,OPTIMAL,,top-8 names only; weights not in the source file
2018 Q4 selloff,Risk Prone,cap off,ARGX.BR,1,OPTIMAL,,top-8 names only; weights not in the source file
2018 Q4 selloff,Risk Prone,cap off,AMD.OQ,2,OPTIMAL,,top-8 names only; weights not in the source file
2018 Q4 selloff,Risk Prone,cap off,KDP.OQ,3,OPTIMAL,,top-8 names only; weights not in the source file
2018 Q4 selloff,Risk Prone,cap off,NVDA.OQ,4,OPTIMAL,,top-8 names only; weights not in the source file
2018 Q4 selloff,Risk Prone,cap off,AKRBP.OL,5,OPTIMAL,,top-8 names only; weights not in the source file
2018 Q4 selloff,Risk Prone,cap off,UPM.HE,6,OPTIMAL,,top-8 names only; weights not in the source file
2018 Q4 selloff,Risk Prone,cap off,XYL.N,7,OPTIMAL,,top-8 names only; weights not in the source file
2018 Q4 selloff,Risk Prone,cap off,DHR.N,8,OPTIMAL,,top-8 names only; weights not in the source file
2018 Q4 selloff,Neutral,cap 25%,NEE.N,1,OPTIMAL,,top-8 names only; weights not in the source file
2018 Q4 selloff,Neutral,cap 25%,TPL.N,2,OPTIMAL,,top-8 names only; weights not in the source file
2018 Q4 selloff,Neutral,cap 25%,ARGX.BR,3,OPTIMAL,,top-8 names only; weights not in the source file
2018 Q4 selloff,Neutral,cap 25%,NVDA.OQ,4,OPTIMAL,,top-8 names only; weights not in the source file
2018 Q4 selloff,Neutral,cap 25%,PGR.N,5,OPTIMAL,,top-8 names only; weights not in the source file
2018 Q4 selloff,Neutral,cap 25%,JNJ.N,6,OPTIMAL,,top-8 names only; weights not in the source file
2018 Q4 selloff,Neutral,cap 25%,GAW.L,7,OPTIMAL,,top-8 names only; weights not in the source file
2018 Q4 selloff,Neutral,cap 25%,AWK.N,8,OPTIMAL,,top-8 names only; weights not in the source file
2020 COVID crash,Risk Averse,cap off,BCVN.S,1,FEASIBLE,,top-8 names only; weights not in the source file
2020 COVID crash,Risk Averse,cap off,PSA.N,2,FEASIBLE,,top-8 names only; weights not in the source file
2020 COVID crash,Risk Averse,cap off,MOBN.S,3,FEASIBLE,,top-8 names only; weights not in the source file
2020 COVID crash,Risk Averse,cap off,EVRG.OQ,4,FEASIBLE,,top-8 names only; weights not in the source file
2020 COVID crash,Risk Averse,cap off,NEM.N,5,FEASIBLE,,top-8 names only; weights not in the source file
2020 COVID crash,Risk Averse,cap off,NEE.N,6,FEASIBLE,,top-8 names only; weights not in the source file
2020 COVID crash,Risk Averse,cap off,CPG.L,7,FEASIBLE,,top-8 names only; weights not in the source file
2020 COVID crash,Risk Averse,cap off,SO.N,8,FEASIBLE,,top-8 names only; weights not in the source file
2020 COVID crash,Neutral,cap off,NEE.N,1,OPTIMAL,,top-8 names only; weights not in the source file
2020 COVID crash,Neutral,cap off,WDPP.BR,2,OPTIMAL,,top-8 names only; weights not in the source file
2020 COVID crash,Neutral,cap off,AMT.N,3,OPTIMAL,,top-8 names only; weights not in the source file
2020 COVID crash,Neutral,cap off,DECK.N,4,OPTIMAL,,top-8 names only; weights not in the source file
2020 COVID crash,Neutral,cap off,ORSTED.CO,5,OPTIMAL,,top-8 names only; weights not in the source file
2020 COVID crash,Neutral,cap off,ALSO.PA,6,OPTIMAL,,top-8 names only; weights not in the source file
2020 COVID crash,Neutral,cap off,TEGG.DE,7,OPTIMAL,,top-8 names only; weights not in the source file
2020 COVID crash,Neutral,cap off,EDPR.LS,8,OPTIMAL,,top-8 names only; weights not in the source file
2020 COVID crash,Risk Prone,cap off,KDP.OQ,1,OPTIMAL,,top-8 names only; weights not in the source file
2020 COVID crash,Risk Prone,cap off,ARGX.BR,2,OPTIMAL,,top-8 names only; weights not in the source file
2020 COVID crash,Risk Prone,cap off,MSFT.OQ,3,OPTIMAL,,top-8 names only; weights not in the source file
2020 COVID crash,Risk Prone,cap off,GAW.L,4,OPTIMAL,,top-8 names only; weights not in the source file
2020 COVID crash,Risk Prone,cap off,PODD.OQ,5,OPTIMAL,,top-8 names only; weights not in the source file
2020 COVID crash,Risk Prone,cap off,SATG_p.DE,6,OPTIMAL,,top-8 names only; weights not in the source file
2020 COVID crash,Risk Prone,cap off,PUMG.DE,7,OPTIMAL,,top-8 names only; weights not in the source file
2020 COVID crash,Risk Prone,cap off,LRCX.OQ,8,OPTIMAL,,top-8 names only; weights not in the source file
2020 COVID crash,Neutral,cap 25%,NEE.N,1,OPTIMAL,,top-8 names only; weights not in the source file
2020 COVID crash,Neutral,cap 25%,WDPP.BR,2,OPTIMAL,,top-8 names only; weights not in the source file
2020 COVID crash,Neutral,cap 25%,AMT.N,3,OPTIMAL,,top-8 names only; weights not in the source file
2020 COVID crash,Neutral,cap 25%,DECK.N,4,OPTIMAL,,top-8 names only; weights not in the source file
2020 COVID crash,Neutral,cap 25%,ORSTED.CO,5,OPTIMAL,,top-8 names only; weights not in the source file
2020 COVID crash,Neutral,cap 25%,ALSO.PA,6,OPTIMAL,,top-8 names only; weights not in the source file
2020 COVID crash,Neutral,cap 25%,EDPR.LS,7,OPTIMAL,,top-8 names only; weights not in the source file
2020 COVID crash,Neutral,cap 25%,TEGG.DE,8,OPTIMAL,,top-8 names only; weights not in the source file
2020 crash + recovery,Risk Averse,cap off,BCVN.S,1,FEASIBLE,,top-8 names only; weights not in the source file
2020 crash + recovery,Risk Averse,cap off,PSA.N,2,FEASIBLE,,top-8 names only; weights not in the source file
2020 crash + recovery,Risk Averse,cap off,MOBN.S,3,FEASIBLE,,top-8 names only; weights not in the source file
2020 crash + recovery,Risk Averse,cap off,EVRG.OQ,4,FEASIBLE,,top-8 names only; weights not in the source file
2020 crash + recovery,Risk Averse,cap off,NEM.N,5,FEASIBLE,,top-8 names only; weights not in the source file
2020 crash + recovery,Risk Averse,cap off,NEE.N,6,FEASIBLE,,top-8 names only; weights not in the source file
2020 crash + recovery,Risk Averse,cap off,CPG.L,7,FEASIBLE,,top-8 names only; weights not in the source file
2020 crash + recovery,Risk Averse,cap off,SO.N,8,FEASIBLE,,top-8 names only; weights not in the source file
2020 crash + recovery,Neutral,cap off,NEE.N,1,OPTIMAL,,top-8 names only; weights not in the source file
2020 crash + recovery,Neutral,cap off,WDPP.BR,2,OPTIMAL,,top-8 names only; weights not in the source file
2020 crash + recovery,Neutral,cap off,AMT.N,3,OPTIMAL,,top-8 names only; weights not in the source file
2020 crash + recovery,Neutral,cap off,DECK.N,4,OPTIMAL,,top-8 names only; weights not in the source file
2020 crash + recovery,Neutral,cap off,ORSTED.CO,5,OPTIMAL,,top-8 names only; weights not in the source file
2020 crash + recovery,Neutral,cap off,ALSO.PA,6,OPTIMAL,,top-8 names only; weights not in the source file
2020 crash + recovery,Neutral,cap off,TEGG.DE,7,OPTIMAL,,top-8 names only; weights not in the source file
2020 crash + recovery,Neutral,cap off,EDPR.LS,8,OPTIMAL,,top-8 names only; weights not in the source file
2020 crash + recovery,Risk Prone,cap off,KDP.OQ,1,OPTIMAL,,top-8 names only; weights not in the source file
2020 crash + recovery,Risk Prone,cap off,ARGX.BR,2,OPTIMAL,,top-8 names only; weights not in the source file
2020 crash + recovery,Risk Prone,cap off,MSFT.OQ,3,OPTIMAL,,top-8 names only; weights not in the source file
2020 crash + recovery,Risk Prone,cap off,GAW.L,4,OPTIMAL,,top-8 names only; weights not in the source file
2020 crash + recovery,Risk Prone,cap off,PODD.OQ,5,OPTIMAL,,top-8 names only; weights not in the source file
2020 crash + recovery,Risk Prone,cap off,SATG_p.DE,6,OPTIMAL,,top-8 names only; weights not in the source file
2020 crash + recovery,Risk Prone,cap off,PUMG.DE,7,OPTIMAL,,top-8 names only; weights not in the source file
2020 crash + recovery,Risk Prone,cap off,LRCX.OQ,8,OPTIMAL,,top-8 names only; weights not in the source file
2020 crash + recovery,Neutral,cap 25%,NEE.N,1,OPTIMAL,,top-8 names only; weights not in the source file
2020 crash + recovery,Neutral,cap 25%,WDPP.BR,2,OPTIMAL,,top-8 names only; weights not in the source file
2020 crash + recovery,Neutral,cap 25%,AMT.N,3,OPTIMAL,,top-8 names only; weights not in the source file
2020 crash + recovery,Neutral,cap 25%,DECK.N,4,OPTIMAL,,top-8 names only; weights not in the source file
2020 crash + recovery,Neutral,cap 25%,ORSTED.CO,5,OPTIMAL,,top-8 names only; weights not in the source file
2020 crash + recovery,Neutral,cap 25%,ALSO.PA,6,OPTIMAL,,top-8 names only; weights not in the source file
2020 crash + recovery,Neutral,cap 25%,EDPR.LS,7,OPTIMAL,,top-8 names only; weights not in the source file
2020 crash + recovery,Neutral,cap 25%,TEGG.DE,8,OPTIMAL,,top-8 names only; weights not in the source file
2022 inflation shock,Risk Averse,cap off,VZ.N,1,OPTIMAL,,top-8 names only; weights not in the source file
2022 inflation shock,Risk Averse,cap off,ALLN.S,2,OPTIMAL,,top-8 names only; weights not in the source file
2022 inflation shock,Risk Averse,cap off,MOBN.S,3,OPTIMAL,,top-8 names only; weights not in the source file
2022 inflation shock,Risk Averse,cap off,CLX.N,4,OPTIMAL,,top-8 names only; weights not in the source file
2022 inflation shock,Risk Averse,cap off,VOPA.AS,5,OPTIMAL,,top-8 names only; weights not in the source file
2022 inflation shock,Risk Averse,cap off,QIA.DE,6,OPTIMAL,,top-8 names only; weights not in the source file
2022 inflation shock,Risk Averse,cap off,DPZ.OQ,7,OPTIMAL,,top-8 names only; weights not in the source file
2022 inflation shock,Risk Averse,cap off,CTEC.L,8,OPTIMAL,,top-8 names only; weights not in the source file
2022 inflation shock,Neutral,cap off,WST.N,1,OPTIMAL,,top-8 names only; weights not in the source file
2022 inflation shock,Neutral,cap off,EXR.N,2,OPTIMAL,,top-8 names only; weights not in the source file
2022 inflation shock,Neutral,cap off,LISP.S,3,OPTIMAL,,top-8 names only; weights not in the source file
2022 inflation shock,Neutral,cap off,EVOG.ST,4,OPTIMAL,,top-8 names only; weights not in the source file
2022 inflation shock,Neutral,cap off,IETB.BR,5,OPTIMAL,,top-8 names only; weights not in the source file
2022 inflation shock,Neutral,cap off,GETIb.ST,6,OPTIMAL,,top-8 names only; weights not in the source file
2022 inflation shock,Neutral,cap off,TGT.N,7,OPTIMAL,,top-8 names only; weights not in the source file
2022 inflation shock,Neutral,cap off,COST.OQ,8,OPTIMAL,,top-8 names only; weights not in the source file
2022 inflation shock,Risk Prone,cap off,MRNA.OQ,1,OPTIMAL,,top-8 names only; weights not in the source file
2022 inflation shock,Risk Prone,cap off,ASMI.AS,2,OPTIMAL,,top-8 names only; weights not in the source file
2022 inflation shock,Risk Prone,cap off,TSLA.OQ,3,OPTIMAL,,top-8 names only; weights not in the source file
2022 inflation shock,Risk Prone,cap off,EVOG.ST,4,OPTIMAL,,top-8 names only; weights not in the source file
2022 inflation shock,Risk Prone,cap off,NVDA.OQ,5,OPTIMAL,,top-8 names only; weights not in the source file
2022 inflation shock,Risk Prone,cap off,NOD.OL,6,OPTIMAL,,top-8 names only; weights not in the source file
2022 inflation shock,Risk Prone,cap off,SATG_p.DE,7,OPTIMAL,,top-8 names only; weights not in the source file
2022 inflation shock,Risk Prone,cap off,SECTb.ST,8,OPTIMAL,,top-8 names only; weights not in the source file
2022 inflation shock,Neutral,cap 25%,WST.N,1,OPTIMAL,,top-8 names only; weights not in the source file
2022 inflation shock,Neutral,cap 25%,EXR.N,2,OPTIMAL,,top-8 names only; weights not in the source file
2022 inflation shock,Neutral,cap 25%,LISP.S,3,OPTIMAL,,top-8 names only; weights not in the source file
2022 inflation shock,Neutral,cap 25%,EVOG.ST,4,OPTIMAL,,top-8 names only; weights not in the source file
2022 inflation shock,Neutral,cap 25%,IETB.BR,5,OPTIMAL,,top-8 names only; weights not in the source file
2022 inflation shock,Neutral,cap 25%,GETIb.ST,6,OPTIMAL,,top-8 names only; weights not in the source file
2022 inflation shock,Neutral,cap 25%,TGT.N,7,OPTIMAL,,top-8 names only; weights not in the source file
2022 inflation shock,Neutral,cap 25%,COST.OQ,8,OPTIMAL,,top-8 names only; weights not in the source file
