window_years,frontier_point,target_return,expected_return,risk,return_risk_ratio,n_holdings,weighted_esg,top3_weight,n_at_floor,degenerate
10,0,0.0986981997232089,0.0991962856828562,0.09255944645552389,1.0717035319622552,43,70.0000094574118,0.23342197071144205,2,False
10,1,0.10424201575135157,0.10424204829378897,0.09273820262144929,1.124046459249351,41,70.00001197157235,0.24041843489041542,1,False
10,2,0.10978583177949423,0.10978583305229003,0.09327763772807066,1.1769791316150737,43,70.00000079508766,0.2502500932905264,7,False
10,3,0.11532964780763691,0.11532968262423246,0.09430232582999441,1.2229781355779663,43,70.00002241071056,0.264348511964809,3,False
10,4,0.12087346383577958,0.12087348343647372,0.09565754767543419,1.2636063371245638,38,70.00002750131364,0.2854500801823972,1,False
10,5,0.12641727986392226,0.12641728061889634,0.09747775260012474,1.2968834143877725,38,70.00000102468982,0.29919040690298926,7,False
10,6,0.13196109589206492,0.13196109689786245,0.09977203273713942,1.3226261235503614,33,70.00000166106092,0.3125305704916695,5,False
10,7,0.13750491192020758,0.13750491294836678,0.10262799576432007,1.3398382373571804,32,70.00000168245325,0.3298170340259907,6,False
10,8,0.14304872794835027,0.14304873468404367,0.10625423336498323,1.3462873916060487,30,70.00001192220985,0.33203850427975257,0,False
10,9,0.14859254397649294,0.1485925443418961,0.11119169864056522,1.3363636508713808,30,70.00000058930092,0.3246013540222752,7,False
10,10,0.1541363600046356,0.1541363718826767,0.11799570217532071,1.3062880176233653,30,70.00001184009164,0.3207681925002678,3,False
10,11,0.1596801760327783,0.15968017889831232,0.12780290229099747,1.249425295011945,30,70.00000474882381,0.3376123224321772,10,False
10,12,0.16522399206092095,0.1652239921588219,0.14383059799855696,1.148740215628385,30,70.00000016106164,0.33951153357184344,16,True
10,13,0.1707678080890636,0.1707678082666805,0.17154287557168368,0.9954817866820748,30,70.00000049139608,0.40479948661913057,21,True
10,14,0.1763116241172063,0.17631162452309618,0.22624788961381084,0.7792851673624345,30,70.00000020542083,0.5999999979865649,23,True
5,0,0.10200260892961324,0.10315661848411788,0.07987987235076227,1.2913968869547585,50,70.000012328189,0.17519615153212637,5,False
5,1,0.11108674804681494,0.11108683897654117,0.08008413917895356,1.3871265910508188,50,70.00010231313486,0.18138376414017698,6,False
5,2,0.12017088716401664,0.1201708911887592,0.08052893952316235,1.4922696349949416,46,70.00000592518616,0.18859957495877658,7,False
5,3,0.12925502628121832,0.12925503943049443,0.08132382322481095,1.5893871476404005,44,70.00001331962758,0.19021262767261451,2,False
5,4,0.13833916539842,0.13833919218692353,0.0824977150134856,1.6768851375375637,43,70.00001698473613,0.19076763351804232,2,False
5,5,0.14742330451562172,0.14742334499426024,0.08402028702212452,1.7546160602312653,41,70.00003328191943,0.18937088344436814,1,False
5,6,0.1565074436328234,0.15650746942425375,0.08622293835182478,1.815148873558906,41,70.00001908101959,0.17125843510311992,0,False
5,7,0.1655915827500251,0.16559160008059828,0.08927757323727278,1.8547950406369795,40,70.0000130457891,0.18023707574044961,0,False
5,8,0.1746757218672268,0.17467572307525742,0.093230416368445,1.8735915796508082,38,70.0000011482749,0.20114537623715395,1,False
5,9,0.18375986098442848,0.1837598639506678,0.09828914585776143,1.8695845034261955,37,70.00000359124174,0.22141772010680733,0,False
5,10,0.1928440001016302,0.19284400647358516,0.1044530001703147,1.846227548841541,30,70.00000622708787,0.24080276793310193,0,False
5,11,0.20192813921883188,0.20192813958058126,0.1125968467741304,1.7933729528469806,30,70.00000027936994,0.2762002997507612,5,False
5,12,0.2110122783360336,0.2110122791041108,0.12339067922901514,1.7101152244446967,30,70.00000051588216,0.3371321745753634,10,False
5,13,0.22009641745323527,0.2200964217237919,0.13738267751760286,1.602068220686636,30,70.00000447889393,0.4216353115896127,14,True
5,14,0.22918055657043696,0.229180556570437,0.18675570924314885,1.2271676057413197,30,69.99999999999997,0.5370646350065711,24,True
3,0,0.155195250960308,0.15761499056288136,0.06731942448074156,2.3413003271881974,49,70.24127843571307,0.14501773562419326,1,False
3,1,0.17220475236196206,0.17220477129668485,0.06752218059931477,2.5503437502791853,49,70.14616579099365,0.14900986037131855,11,False
3,2,0.1892142537636161,0.1892142537636161,0.06829622680510443,2.7704935194088107,50,70.00000000000001,0.1510968978598779,19,True
3,3,0.2062237551652702,0.20622396834910875,0.06989312501176025,2.950561565453103,49,70.0008167222513,0.1552507767525119,3,False
3,4,0.22323325656692422,0.22323326088994194,0.07212246582627213,3.0951972916131845,47,70.00002688487353,0.1721297941040185,9,False
3,5,0.2402427579685783,0.2402427593857635,0.0752467587041206,3.1927323319058463,44,70.00005360646999,0.18508655299493465,8,False
3,6,0.25725225937023233,0.2572522814982813,0.07930416965209418,3.2438682937712096,38,70.00019590423983,0.2033679168720771,0,False
3,7,0.2742617607718864,0.2742617623804562,0.0846133519385343,3.241353239139944,35,70.00000559581495,0.21706414593179607,3,False
3,8,0.2912712621735405,0.2912712918424565,0.09140712690026861,3.1865271529675496,31,70.0270142890599,0.2172210186611359,0,False
3,9,0.3082807635751945,0.30828079742992265,0.09983882007399199,3.0877848636577565,30,70.45735730388473,0.20089648456074904,2,False
3,10,0.32529026497684854,0.32529026576005715,0.1101452512876172,2.953284521641716,30,71.0722056094438,0.23658718787365968,6,False
3,11,0.3422997663785026,0.3422997672629643,0.1222944645254735,2.798980056792877,30,71.81583167725583,0.3054233997658634,7,False
3,12,0.3593092677801567,0.3593092876101689,0.13659500531790902,2.630471639676123,30,72.53554343717639,0.38788643591218985,10,False
3,13,0.37631876918181073,0.3763187707350225,0.15457194319920772,2.4345865293938505,30,72.7367028708385,0.46067437453542653,15,True
3,14,0.3933282705834648,0.393328270583471,0.21690461387105803,1.8133697737628138,30,70.29786350000188,0.5400000000000212,24,True
