cap,profile,pt,ret_%,risk_%,ratio,n,esg,top_country,top_country_%,CH_%,US_%
off,risk_averse,0,9.870955397747386,9.255168482174932,1.0665343820329616,42,70.00001000753228,Switzerland,46.979107983021464,46.979107983021464,45.262812798986886
off,neutral,8,14.299501333587944,10.621514051461341,1.3462771187145934,30,70.0000135153405,Switzerland,36.743550584442715,36.743550584442715,48.28838759553476
off,risk_prone,14,17.631162452309614,22.62478896138108,0.7792851673624344,30,70.00000020542083,Belgium,20.999999981751653,4.242720364191603,59.999999223933976
20%,risk_averse,0,9.913724808789565,9.482878093110973,1.0454341721414293,46,70.00000088011146,Switzerland,19.999999110354143,19.999999110354143,52.58041414684351
20%,neutral,8,14.322186548097356,10.78284235564736,1.328238517796406,33,70.00000127215031,Switzerland,19.99999630933601,19.99999630933601,53.53585666610764
20%,risk_prone,14,17.630427267086198,22.5830246315494,0.7806937978739915,30,70.00000014820564,Belgium,20.00000000194098,4.66127390861908,59.999998430818756
25%,risk_averse,0,10.004774384640353,9.40083220601494,1.0642434802994347,43,70.00001526458439,Switzerland,24.999980601658013,24.999980601658013,51.294355105260436
25%,neutral,8,14.35791134175024,10.733028802999295,1.337731557911965,30,70.00000196944329,Switzerland,24.999993133286793,24.999993133286793,52.251502213451715
25%,risk_prone,14,17.631162412062256,22.62478899766348,0.7792851643338231,30,70.00000000173377,Belgium,21.00000000022083,4.2427192170669805,59.99999999064561
30%,risk_averse,0,10.027284844103876,9.338974834512523,1.0737029515325043,41,70.00001614298833,Switzerland,29.999966197174675,29.999966197174675,50.07521813824683
30%,neutral,8,14.36439273237298,10.69091787950263,1.343607059213633,30,70.00000039338963,Switzerland,29.999997651136006,29.999997651136006,50.517016867114265
30%,risk_prone,14,17.631162412225546,22.62478899899553,0.7792851642951594,30,70.00000000258197,Belgium,21.000000000167372,4.24271915160177,59.99999999148663
40%,risk_averse,0,9.939307163310243,9.268885429828678,1.0723303506723738,43,70.00001831024323,Switzerland,39.999877193340424,39.999877193340424,47.30593832047844
40%,neutral,8,14.331651093788278,10.644967960776619,1.346331068970422,30,70.00000019270803,Switzerland,36.682523775291834,36.682523775291834,48.470327722555574
40%,risk_prone,14,17.63116241213997,22.62478899757026,0.7792851643404689,30,70.00000000233888,Belgium,20.99999999983922,4.242719213948602,59.9999999969259
