pt,target_beta,feasible,ret,risk,ratio,n,esg,max_country,max_country_w,CH,US,cap
0,0.09857284805941346,True,0.09870955397747386,0.09255168482174933,1.0665343820329616,42,70.00001000753228,Switzerland,0.4697910798302147,0.4697910798302147,0.45262812798986884,off
1,0.10412561777782724,True,0.10412564805518448,0.09273058421349459,1.1228835549601943,41,70.0000102404648,Switzerland,0.45847599309104603,0.45847599309104603,0.4498924770193628,off
2,0.10967838749624101,True,0.10967838955494227,0.09326279375043893,1.1760144120111788,44,70.00000139790636,Switzerland,0.44742641720814896,0.44742641720814896,0.45165366551617414,off
3,0.11523115721465477,True,0.11523115831461343,0.09424218373665964,1.2227131603465722,43,70.00000086118939,Switzerland,0.4399515289000499,0.4399515289000499,0.4518393403799923,off
4,0.12078392693306855,True,0.12078394447226883,0.09563152066726985,1.26301394801105,38,70.00002243987254,Switzerland,0.43426227038689685,0.43426227038689685,0.45399907384223115,off
5,0.1263366966514823,True,0.126336699693541,0.0974151697399872,1.296889386229566,38,70.00000417003358,Switzerland,0.42486792364386394,0.42486792364386394,0.4567389141608138,off
6,0.13188946636989607,True,0.13188946915300012,0.09972367468262348,1.322549229886947,32,70.00000446995455,Switzerland,0.4173753184900649,0.4173753184900649,0.45845165383712627,off
7,0.13744223608830985,True,0.13744223719929868,0.10259069912777967,1.339714402648825,32,70.00000181801217,Switzerland,0.3887385398343338,0.3887385398343338,0.4742359974043686,off
8,0.14299500580672364,True,0.14299501333587944,0.10621514051461342,1.3462771187145934,30,70.0000135153405,Switzerland,0.36743550584442713,0.36743550584442713,0.4828838759553476,off
9,0.1485477755251374,True,0.14854777588036538,0.11114559598647088,1.3365151768896653,30,70.0000005733695,Switzerland,0.35104193046793086,0.35104193046793086,0.5023444817919764,off
10,0.15410054524355116,True,0.1541005562757391,0.11794346789263657,1.3065628731216905,30,70.00001138999161,Switzerland,0.2805507281591371,0.2805507281591371,0.543124270852018,off
11,0.15965331496196494,True,0.15965331786472936,0.12774504835819395,1.2497808714829042,30,70.00000508429233,Switzerland,0.22116285211203113,0.22116285211203113,0.5683720074347807,off
12,0.1652060846803787,True,0.1652060847759566,0.1437626575648878,1.1491585337547774,30,70.000000157431,Switzerland,0.17255555303530792,0.17255555303530792,0.5989797002844249,off
13,0.17075885439879246,True,0.1707588545715551,0.17148537863495378,0.9957633468860033,30,70.00000048521872,Switzerland,0.16672293449452108,0.16672293449452108,0.5965795683557414,off
14,0.17631162411720624,True,0.17631162452309612,0.2262478896138108,0.7792851673624344,30,70.00000020542083,Belgium,0.20999999981751652,0.04242720364191603,0.5999999922393398,off
0,0.09911198756129302,True,0.09913724808789565,0.09482878093110972,1.0454341721414293,46,70.00000088011146,Switzerland,0.19999999110354144,0.19999999110354144,0.5258041414684351,20%
1,0.10462572219112536,True,0.10462577268296819,0.09503591113508776,1.1009077666888365,42,70.0000246804972,Switzerland,0.1999997902834419,0.1999997902834419,0.5237996630163969,20%
2,0.11013945682095767,True,0.11013946007543593,0.09562157396952538,1.1518264707767454,43,70.00000233590876,Switzerland,0.19999997501246333,0.19999997501246333,0.524483556016885,20%
3,0.11565319145079,True,0.11565319627774878,0.0965604225435417,1.1977287715947766,39,70.00000471028234,Switzerland,0.1999999506252316,0.1999999506252316,0.5195656296677481,20%
4,0.12116692608062232,True,0.12116692902545824,0.09785336398649705,1.2382500109263312,40,70.000003795805,Switzerland,0.19999995866674278,0.19999995866674278,0.5191498346549075,20%
5,0.12668066071045464,True,0.12668066554403584,0.09949153913671836,1.2732807899368708,35,70.0000068034862,Switzerland,0.19999991281753043,0.19999991281753043,0.5207563910947834,20%
6,0.13219439534028699,True,0.13219439583698953,0.10163982736971613,1.3006160995938214,35,70.00000078078897,Switzerland,0.1999999875761049,0.1999999875761049,0.5189369732760831,20%
7,0.1377081299701193,True,0.13770813551559066,0.10435538860678027,1.3196073279405465,33,70.00000958508271,Switzerland,0.1999998297579753,0.1999998297579753,0.5349977820714034,20%
8,0.14322186459995162,True,0.14322186548097357,0.1078284235564736,1.328238517796406,33,70.00000127215031,Switzerland,0.1999999630933601,0.1999999630933601,0.5353585666610764,20%
9,0.14873559922978397,True,0.1487355994673158,0.11230460203632475,1.3243945196404996,30,70.00000034366266,Switzerland,0.19999998539527103,0.19999998539527103,0.5539460162420563,20%
10,0.15424933385961628,True,0.1542493372090403,0.11853271418687272,1.301322915510553,30,70.00000169316216,Switzerland,0.19999925557718978,0.19999925557718978,0.5655675122874788,20%
11,0.1597630684894486,True,0.15976306916785382,0.1280413445685352,1.2477459503897923,30,70.00000140634106,Switzerland,0.1997481496969003,0.1997481496969003,0.5712666923660337,20%
12,0.16527680311928095,True,0.1652768031667691,0.1440314323294197,1.1475051000587033,30,70.00000007130245,Switzerland,0.17225956284592642,0.17225956284592642,0.5994851468361595,20%
13,0.17079053774911324,True,0.17079053792939114,0.17168936426296727,0.9947648106367297,30,70.00000039174239,Switzerland,0.16668671586044273,0.16668671586044273,0.5963783711655006,20%
14,0.17630427237894558,True,0.176304272670862,0.225830246315494,0.7806937978739915,30,70.00000014820564,Belgium,0.2000000000194098,0.0466127390861908,0.5999999843081876,20%
0,0.09993576312780958,True,0.10004774384640353,0.0940083220601494,1.0642434802994347,43,70.00001526458439,Switzerland,0.24999980601658012,0.24999980601658012,0.5129435510526044,25%
1,0.10539118176990935,True,0.10539122566338521,0.09427610216303725,1.1178996929797322,43,70.00001965654681,Switzerland,0.24999974841262024,0.24999974841262024,0.5125846388684308,25%
2,0.1108466004120091,True,0.11084660664167847,0.09491071655821505,1.1679040119109088,42,70.00000460777304,Switzerland,0.24999993825018896,0.24999993825018896,0.5110784013545266,25%
3,0.11630201905410886,True,0.1163020372646664,0.09588578621412149,1.2129226015308838,37,70.00002504707348,Switzerland,0.24999976810577404,0.24999976810577404,0.5100331309348042,25%
4,0.12175743769620863,True,0.12175744246941538,0.09716865426844482,1.253052678212872,39,70.00000592983105,Switzerland,0.24999990995822738,0.24999990995822738,0.5062761928125474,25%
5,0.1272128563383084,True,0.12721286161901613,0.09888953439233322,1.2864137990003397,36,70.00000764273926,Switzerland,0.24999986674569974,0.24999986674569974,0.5066029881062182,25%
6,0.13266827498040815,True,0.13266827522781216,0.101124953631046,1.3119242132050992,36,70.00000039895546,Switzerland,0.24999999128029932,0.24999999128029932,0.5077618964352829,25%
7,0.13812369362250793,True,0.13812369384383594,0.10386872970877484,1.3297909219753097,36,70.00000038887808,Switzerland,0.24999998921143943,0.24999998921143943,0.5147942806088275,25%
8,0.14357911226460768,True,0.1435791134175024,0.10733028802999295,1.337731557911965,30,70.00000196944329,Switzerland,0.24999993133286794,0.24999993133286794,0.5225150221345172,25%
9,0.14903453090670743,True,0.149034530941368,0.11202227459715046,1.3304008642684626,30,70.00000004688775,Switzerland,0.24999999760916802,0.24999999760916802,0.539699237966166,25%
10,0.15448994954880718,True,0.1544899515457167,0.11855160684623638,1.303145150500516,30,70.00000157988563,Switzerland,0.24999120423905719,0.24999120423905719,0.5525810767507433,25%
11,0.15994536819090696,True,0.15994536821373717,0.12838431308340992,1.2458326439759222,30,70.00000002392912,Switzerland,0.21847245039098373,0.21847245039098373,0.5700761808552981,25%
12,0.1654007868330067,True,0.1654007868652856,0.14450798597971523,1.144578867001185,30,70.00000004780256,Switzerland,0.17192050981494303,0.17192050981494303,0.5997285218759296,25%
13,0.1708562054751065,True,0.17085620570632315,0.1721053142098537,0.9927421851599104,30,70.00000045991439,Switzerland,0.15871633611238428,0.15871633611238428,0.5989003138384473,25%
14,0.17631162411720624,True,0.17631162412062257,0.22624788997663478,0.7792851643338231,30,70.00000000173377,Belgium,0.2100000000022083,0.04242719217066981,0.5999999999064561,25%
0,0.10008699779164029,True,0.10027284844103877,0.09338974834512524,1.0737029515325043,41,70.00001614298833,Switzerland,0.29999966197174677,0.29999966197174677,0.5007521813824684,30%
1,0.10553161395775215,True,0.10553165639597915,0.09364707259215135,1.1269082254774492,41,70.00001620926126,Switzerland,0.2999997369558117,0.2999997369558117,0.49707532927205994,30%
2,0.110976230123864,True,0.11097625322361718,0.09428221200941643,1.1770645900048826,42,70.00001632485538,Switzerland,0.2999997301894338,0.2999997301894338,0.4949637414180654,30%
3,0.11642084628997586,True,0.11642086539340986,0.09527243638279223,1.2219784631689905,39,70.00001788214655,Switzerland,0.29999964455380673,0.29999964455380673,0.4938192769025127,30%
4,0.1218654624560877,True,0.1218654805351494,0.09661633966457922,1.2613340658342787,40,70.00002352741316,Switzerland,0.2999996039505593,0.2999996039505593,0.4946103749072774,30%
5,0.12731007862219956,True,0.12731008262961685,0.09837704813174872,1.2941035032797525,38,70.00000574919136,Switzerland,0.2999998596803954,0.2999998596803954,0.4893719142468918,30%
6,0.13275469478831142,True,0.13275469517196067,0.10061145935033385,1.3194788747641812,33,70.0000006448498,Switzerland,0.2999999818351052,0.2999999818351052,0.4920665924493365,30%
7,0.13819931095442328,True,0.13819931941692282,0.10342932465101094,1.3361715343615754,35,70.00001952631968,Switzerland,0.29999954097901604,0.29999954097901604,0.5010655112195237,30%
8,0.14364392712053511,True,0.1436439273237298,0.1069091787950263,1.343607059213633,30,70.00000039338963,Switzerland,0.29999997651136007,0.29999997651136007,0.5051701686711426,30%
9,0.14908854328664697,True,0.14908854342874378,0.11178538278660488,1.333703385113862,30,70.00000021013088,Switzerland,0.2999999597750091,0.2999999597750091,0.5199180250873847,30%
10,0.15453315945275883,True,0.15453316122292718,0.11857655731684592,1.3032353503905698,30,70.00000166482843,Switzerland,0.27224923695325487,0.27224923695325487,0.5403038123839071,30%
11,0.15997777561887067,True,0.15997777562802618,0.12845710832544893,1.2453789261916042,30,70.00000001049779,Switzerland,0.21817021697979985,0.21817021697979985,0.570275070523598,30%
12,0.16542239178498253,True,0.16542239181245683,0.14459174020985777,1.1440652942717602,30,70.00000004066649,Switzerland,0.17186164761249229,0.17186164761249229,0.5997674027127529,30%
13,0.17086700795109439,True,0.17086700831731955,0.17217532126396745,0.9924012748340275,30,70.00000072334186,Switzerland,0.15878535650406111,0.15878535650406111,0.5987197751322081,30%
14,0.17631162411720624,True,0.17631162412225546,0.2262478899899553,0.7792851642951594,30,70.00000000258197,Belgium,0.2100000000016737,0.042427191516017704,0.5999999999148663,30%
0,0.09932302643514263,True,0.09939307163310243,0.09268885429828679,1.0723303506723738,43,70.00001831024323,Switzerland,0.3999987719334043,0.3999987719334043,0.4730593832047844,40%
1,0.10482221198386145,True,0.10482221900153259,0.0928982148332262,1.1283555791649251,40,70.00000247927372,Switzerland,0.39999981958408354,0.39999981958408354,0.46702223761658945,40%
2,0.11032139753258029,True,0.11032141084090152,0.09348180497763404,1.1801377911701258,43,70.0000082447125,Switzerland,0.3999993918177684,0.3999993918177684,0.46905537748875126,40%
3,0.11582058308129911,True,0.1158206322497806,0.09443092753562549,1.226511644779572,39,70.0000358357001,Switzerland,0.39999831107604544,0.39999831107604544,0.46755178815368503,40%
4,0.12131976863001795,True,0.12131976951782764,0.09583131574014314,1.2659720737509141,38,70.00000111977828,Switzerland,0.39999989310629686,0.39999989310629686,0.459556249021828,40%
5,0.1268189541787368,True,0.126818962015492,0.09761171938250321,1.299218606308293,38,70.00001198975045,Switzerland,0.3999986655880328,0.3999986655880328,0.46320870279880794,40%
6,0.1323181397274556,True,0.1323181541408766,0.0999400302433518,1.323975526309976,33,70.00002270562486,Switzerland,0.39990330848469724,0.39990330848469724,0.46189167048044555,40%
7,0.13781732527617443,True,0.13781732695603022,0.1028160894599804,1.3404256831774712,32,70.00000252477302,Switzerland,0.3869188838680574,0.3869188838680574,0.4754624219120475,40%
8,0.14331651082489327,True,0.14331651093788278,0.10644967960776619,1.346331068970422,30,70.00000019270803,Switzerland,0.3668252377529183,0.3668252377529183,0.48470327722555573,40%
9,0.14881569637361208,True,0.1488156964471706,0.11144115450921084,1.3353746836396125,30,70.00000012256746,Switzerland,0.34724164434477633,0.34724164434477633,0.5028316394123431,40%
10,0.15431488192233092,True,0.1543148826059002,0.11825535921686904,1.3049292956178116,30,70.00000067041722,Switzerland,0.27622998348758404,0.27622998348758404,0.5451664656390252,40%
11,0.15981406747104976,True,0.15981406750074717,0.12809269397184692,1.2476438940059469,30,70.00000003539114,Switzerland,0.21963797074207497,0.21963797074207497,0.5693036682762411,40%
12,0.16531325301976857,True,0.1653132530692294,0.14417084797965962,1.1466482675648315,30,70.00000007338552,Switzerland,0.1721665956151201,0.1721665956151201,0.599537921817194,40%
13,0.17081243856848743,True,0.1708124386320622,0.17183034192112018,0.9940761143947134,30,70.00000012574742,Switzerland,0.1665856861369101,0.1665856861369101,0.5963367621390997,40%
14,0.17631162411720624,True,0.17631162412139972,0.22624788997570258,0.7792851643404689,30,70.00000000233888,Belgium,0.20999999999839217,0.04242719213948602,0.599999999969259,40%
