cap,pt,beta,risk_off,risk_cap,d_risk_pp,ret_off_at_capped_risk,ret_cap,CH_off,CH_cap,n_off,n_cap,d_ret_pp_at_matched_risk
20%,0,0.09911198756129302,0.09255168482174933,0.09482878093110972,0.2277096109360388,0.11757562113691189,0.09913724808789565,0.4697910798302147,0.19999999110354144,42,46,-1.8438373049016243
20%,1,0.10462572219112536,0.09273058421349459,0.09503591113508776,0.23053269215931732,0.11840346188895787,0.10462577268296819,0.45847599309104603,0.1999997902834419,41,42,-1.3777689205989678
20%,2,0.11013945682095767,0.09326279375043893,0.09562157396952538,0.23587802190864482,0.12074419033896035,0.11013946007543593,0.44742641720814896,0.19999997501246333,44,43,-1.0604730263524418
20%,3,0.11565319145079,0.09424218373665964,0.0965604225435417,0.23182388068820614,0.12367574915650528,0.11565319627774878,0.4399515289000499,0.1999999506252316,43,39,-0.80225528787565
20%,4,0.12116692608062232,0.09563152066726985,0.09785336398649705,0.22218433192272014,0.1273907115712682,0.12116692902545824,0.43426227038689685,0.19999995866674278,38,40,-0.622378254580995
20%,5,0.12668066071045464,0.0974151697399872,0.09949153913671836,0.20763693967311564,0.13133110120413846,0.12668066554403584,0.42486792364386394,0.19999991281753043,38,35,-0.465043566010262
20%,6,0.13219439534028699,0.09972367468262348,0.10163982736971613,0.1916152687092651,0.13560061693574516,0.13219439583698953,0.4173753184900649,0.1999999875761049,32,35,-0.34062210987556296
20%,7,0.1377081299701193,0.10259069912777967,0.10435538860678027,0.1764689479000603,0.14014580571693716,0.13770813551559066,0.3887385398343338,0.1999998297579753,32,33,-0.2437670201346498
20%,8,0.14322186459995162,0.10621514051461342,0.1078284235564736,0.1613283041860175,0.14481192004959542,0.14322186548097357,0.36743550584442713,0.1999999630933601,30,33,-0.15900545686218515
20%,9,0.14873559922978397,0.11114559598647088,0.11230460203632475,0.11590060498538751,0.14949449952573313,0.1487355994673158,0.35104193046793086,0.19999998539527103,30,30,-0.07589000584173333
20%,10,0.15424933385961628,0.11794346789263657,0.11853271418687272,0.058924629423615094,0.15443437429627027,0.1542493372090403,0.2805507281591371,0.19999925557718978,30,30,-0.018503708722997225
20%,11,0.1597630684894486,0.12774504835819395,0.1280413445685352,0.029629621034124587,0.15975603380513434,0.15976306916785382,0.22116285211203113,0.1997481496969003,30,30,0.0007035362719481908
20%,12,0.16527680311928095,0.1437626575648878,0.1440314323294197,0.02687747645319094,0.16525991947676177,0.1652768031667691,0.17255555303530792,0.17225956284592642,30,30,0.001688369000732437
20%,13,0.17079053774911324,0.17148537863495378,0.17168936426296727,0.020398562801349218,0.1707795381604836,0.17079053792939114,0.16672293449452108,0.16668671586044273,30,30,0.0010999768907532514
20%,14,0.17630427237894558,0.2262478896138108,0.225830246315494,-0.041764329831678326,0.17626927662640726,0.176304272670862,0.04242720364191603,0.0466127390861908,30,30,0.0034996044454727038
25%,0,0.09993576312780958,0.09255168482174933,0.0940083220601494,0.14566372384000742,0.11390525154644097,0.10004774384640353,0.4697910798302147,0.24999980601658012,42,43,-1.385750770003745
25%,1,0.10539118176990935,0.09273058421349459,0.09427610216303725,0.1545517949542663,0.11536672065685702,0.10539122566338521,0.45847599309104603,0.24999974841262024,41,43,-0.9975494993471806
25%,2,0.1108466004120091,0.09326279375043893,0.09491071655821505,0.164792280777612,0.11790309462875195,0.11084660664167847,0.44742641720814896,0.24999993825018896,44,42,-0.7056487987073479
25%,3,0.11630201905410886,0.09424218373665964,0.09588578621412149,0.16436024774618418,0.12157550956456531,0.1163020372646664,0.4399515289000499,0.24999976810577404,43,37,-0.5273472299898913
25%,4,0.12175743769620863,0.09563152066726985,0.09716865426844482,0.1537133601174967,0.125569261696533,0.12175744246941538,0.43426227038689685,0.24999990995822738,38,39,-0.3811819227117638
25%,5,0.1272128563383084,0.0974151697399872,0.09888953439233322,0.14743646523460163,0.12988306724183996,0.12721286161901613,0.42486792364386394,0.24999986674569974,38,36,-0.2670205622823829
25%,6,0.13266827498040815,0.09972367468262348,0.101124953631046,0.1401278948422513,0.13460342472526504,0.13266827522781216,0.4173753184900649,0.24999999128029932,32,36,-0.19351494974528816
25%,7,0.13812369362250793,0.10259069912777967,0.10386872970877484,0.1278030580995168,0.13940022657050213,0.13812369384383594,0.3887385398343338,0.24999998921143943,32,36,-0.12765327266661963
25%,8,0.14357911226460768,0.10621514051461342,0.10733028802999295,0.11151475153795276,0.14425091137416823,0.1435791134175024,0.36743550584442713,0.24999993133286794,30,30,-0.06717979566658316
25%,9,0.14903453090670743,0.11114559598647088,0.11202227459715046,0.08766786106795821,0.14926388290174214,0.149034530941368,0.35104193046793086,0.24999999760916802,30,30,-0.022935196037413008
25%,10,0.15448994954880718,0.11794346789263657,0.11855160684623638,0.06081389535998044,0.15444507730825868,0.1544899515457167,0.2805507281591371,0.24999120423905719,30,30,0.004487423745802577
25%,11,0.15994536819090696,0.12774504835819395,0.12838431308340992,0.06392647252159711,0.1598749294653052,0.15994536821373717,0.22116285211203113,0.21847245039098373,30,30,0.0070438748431961296
25%,12,0.1654007868330067,0.1437626575648878,0.14450798597971523,0.07453284148274397,0.1653553716045906,0.1654007868652856,0.17255555303530792,0.17192050981494303,30,30,0.004541526069498647
25%,13,0.1708562054751065,0.17148537863495378,0.1721053142098537,0.061993557489992135,0.17082171435593432,0.17085620570632315,0.16672293449452108,0.15871633611238428,30,30,0.003449135038882667
25%,14,0.17631162411720624,0.2262478896138108,0.22624788997663478,3.628239930719701e-08,,0.17631162412062257,0.04242720364191603,0.04242719217066981,30,30,
30%,0,0.10008699779164029,0.09255168482174933,0.09338974834512524,0.0838063523375912,0.11039817382595687,0.10027284844103877,0.4697910798302147,0.29999966197174677,42,41,-1.0125325384918102
30%,1,0.10553161395775215,0.09273058421349459,0.09364707259215135,0.09164883786567657,0.11185710444613424,0.10553165639597915,0.45847599309104603,0.2999997369558117,41,41,-0.6325448050155086
30%,2,0.110976230123864,0.09326279375043893,0.09428221200941643,0.10194182589775003,0.11539113998211371,0.11097625322361718,0.44742641720814896,0.2999997301894338,44,42,-0.4414886758496536
30%,3,0.11642084628997586,0.09424218373665964,0.09527243638279223,0.10302526461325873,0.11934878630411795,0.11642086539340986,0.4399515289000499,0.29999964455380673,43,39,-0.2927920910708093
30%,4,0.1218654624560877,0.09563152066726985,0.09661633966457922,0.09848189973093724,0.12384982716913057,0.1218654805351494,0.43426227038689685,0.2999996039505593,38,40,-0.1984346633981171
30%,5,0.12731007862219956,0.0974151697399872,0.09837704813174872,0.09618783917615115,0.12865035683970572,0.12731008262961685,0.42486792364386394,0.2999998596803954,38,38,-0.13402742100888654
30%,6,0.13275469478831142,0.09972367468262348,0.10061145935033385,0.08877846677103618,0.13360890420810909,0.13275469517196067,0.4173753184900649,0.2999999818351052,32,33,-0.08542090361484123
30%,7,0.13819931095442328,0.10259069912777967,0.10342932465101094,0.08386255232312734,0.13872704202738673,0.13819931941692282,0.3887385398343338,0.29999954097901604,32,35,-0.05277226104639099
30%,8,0.14364392712053511,0.10621514051461342,0.1069091787950263,0.06940382804128814,0.14377665101416562,0.1436439273237298,0.36743550584442713,0.29999997651136007,30,30,-0.013272369043582088
30%,9,0.14908854328664697,0.11114559598647088,0.11178538278660488,0.0639786800134004,0.14907037996147213,0.14908854342874378,0.35104193046793086,0.2999999597750091,30,30,0.0018163467271653522
30%,10,0.15453315945275883,0.11794346789263657,0.11857655731684592,0.06330894242093515,0.15445921217307104,0.15453316122292718,0.2805507281591371,0.27224923695325487,30,30,0.007394904985613682
30%,11,0.15997777561887067,0.12774504835819395,0.12845710832544893,0.07120599672549854,0.15990016512975883,0.15997777562802618,0.22116285211203113,0.21817021697979985,30,30,0.007761049826734978
30%,12,0.16542239178498253,0.1437626575648878,0.14459174020985777,0.08290826449699751,0.1653721473012552,0.16542239181245683,0.17255555303530792,0.17186164761249229,30,30,0.005024451120161366
30%,13,0.17086700795109439,0.17148537863495378,0.17217532126396745,0.06899426290136734,0.17082881288117596,0.17086700831731955,0.16672293449452108,0.15878535650406111,30,30,0.003819543614358434
30%,14,0.17631162411720624,0.2262478896138108,0.2262478899899553,3.76144504432574e-08,,0.17631162412225546,0.04242720364191603,0.042427191516017704,30,30,
40%,0,0.09932302643514263,0.09255168482174933,0.09268885429828679,0.013716947653745482,0.10286229470101446,0.09939307163310243,0.4697910798302147,0.3999987719334043,42,43,-0.34692230679120306
40%,1,0.10482221198386145,0.09273058421349459,0.0928982148332262,0.01676306197316152,0.10587460111633791,0.10482221900153259,0.45847599309104603,0.39999981958408354,41,40,-0.10523821148053225
40%,2,0.11032139753258029,0.09326279375043893,0.09348180497763404,0.0219011227195115,0.11092009992312672,0.11032141084090152,0.44742641720814896,0.3999993918177684,44,43,-0.059868908222519834
40%,3,0.11582058308129911,0.09424218373665964,0.09443092753562549,0.018874379896584303,0.11598551381409657,0.1158206322497806,0.4399515289000499,0.39999831107604544,43,39,-0.016488156431596068
40%,4,0.12131976863001795,0.09563152066726985,0.09583131574014314,0.019979507287329334,0.12140593517158922,0.12131976951782764,0.43426227038689685,0.39999989310629686,38,38,-0.00861656537615857
40%,5,0.1268189541787368,0.0974151697399872,0.09761171938250321,0.019654964251600293,0.12680947098030468,0.126818962015492,0.42486792364386394,0.3999986655880328,38,38,0.0009491035187325636
40%,6,0.1323181397274556,0.09972367468262348,0.0999400302433518,0.02163555607283124,0.1323085001962411,0.1323181541408766,0.4173753184900649,0.39990330848469724,32,33,0.0009653944635507061
40%,7,0.13781732527617443,0.10259069912777967,0.1028160894599804,0.022539033220073112,0.1377875433925804,0.13781732695603022,0.3887385398343338,0.3869188838680574,32,32,0.0029783563449820027
40%,8,0.14331651082489327,0.10621514051461342,0.10644967960776619,0.02345390931527691,0.143259155239018,0.14331651093788278,0.36743550584442713,0.3668252377529183,30,30,0.0057355698864780535
40%,9,0.14881569637361208,0.11114559598647088,0.11144115450921084,0.029555852273996375,0.14878920019571143,0.1488156964471706,0.35104193046793086,0.34724164434477633,30,30,0.002649625145917378
40%,10,0.15431488192233092,0.11794346789263657,0.11825535921686904,0.03118913242324689,0.1542772480012443,0.1543148826059002,0.2805507281591371,0.27622998348758404,30,30,0.003763460465591728
40%,11,0.15981406747104976,0.12774504835819395,0.12809269397184692,0.03476456136529693,0.1597738349178935,0.15981406750074717,0.22116285211203113,0.21963797074207497,30,30,0.004023258285368314
40%,12,0.16531325301976857,0.1437626575648878,0.14417084797965962,0.04081904147718307,0.16528784397269164,0.1653132530692294,0.17255555303530792,0.1721665956151201,30,30,0.002540909653775403
40%,13,0.17081243856848743,0.17148537863495378,0.17183034192112018,0.03449632861663998,0.1707938329123136,0.1708124386320622,0.16672293449452108,0.1665856861369101,30,30,0.0018605719748598926
40%,14,0.17631162411720624,0.2262478896138108,0.22624788997570258,3.618917943093436e-08,,0.17631162412139972,0.04242720364191603,0.04242719213948602,30,30,
