run,book,strategy,cost_adjusted,cagr,volatility,sharpe,max_drawdown,final_multiple
walk-forward min-variance (script 21),Model 2 (min-variance),Optimised Minimum Variance,False,0.11033766870777818,0.1320861650117017,0.8353461446776291,-0.3388518513756339,2.25004530277841
walk-forward min-variance (script 21),1/N benchmark,1/N Equal Weight,False,0.1465243616462466,0.16910797820682538,0.8664544582695077,-0.3767686941695846,2.884753440659268
walk-forward min-variance (script 21),Model 2,Optimised Minimum Variance,True,0.10854756004156639,0.1320861650117017,0.8217935620430045,-0.3388518513756339,2.2220908994709543
walk-forward profiles (script 26),minvar,Optimised Minimum Variance,False,0.10939397263302776,0.13196676790721779,0.8289509121716131,-0.338058687682507,2.235270578800807
walk-forward profiles (script 26),mandate20,Optimised Mandate (give up <=20% of max return),False,0.1759541950586554,0.20081495377539724,0.8762006601134519,-0.4230720073246081,3.510695402570949
walk-forward profiles (script 26),mandate10,Optimised Mandate (give up <=10% of max return),False,0.21290648644392807,0.23295994711998563,0.9139188477505574,-0.4599660738571142,4.461736654659608
walk-forward profiles (script 26),equal_weight,1/N Equal Weight,False,0.1465243616462466,0.16910797820682538,0.8664544582695077,-0.3767686941695846,2.884753440659268
walk-forward profiles (script 26),minvar,Optimised Minimum Variance,True,0.10760723240783164,0.13196676790721779,0.8154115927389185,-0.338058687682507,2.207528257620672
walk-forward profiles (script 26),mandate20,Optimised Mandate (give up <=20% of max return),True,0.17209345361411565,0.20081495377539724,0.8569752918231113,-0.4230720073246081,3.4223747007851895
walk-forward profiles (script 26),mandate10,Optimised Mandate (give up <=10% of max return),True,0.20918547189639813,0.23295994711998563,0.897946082502575,-0.4599660738571142,4.35677227559698
