,expected_return
FER.MC,0.10112314570373375
CARLb.CO,0.054779619324820714
ULVR.L,0.04967983481245597
INVEb.ST,0.1071728096293195
LAGRb.ST,0.11667384817207295
STERV.HE,0.059529526657254
EPIRa.ST,0.08687534113308326
VIS.MC,0.04053315403213023
PHG.AS,0.051429465807496806
BEIJb.ST,0.1125474435355704
ALLFG.AS,0.04726669526962321
IPN.PA,0.07588191280359292
SCHP.S,0.07803071285762303
SQN.S,0.15721997024551726
DAST.PA,0.06660221792430604
GEBN.S,0.07930866884577574
SKFb.ST,0.06609919637161611
TLXGn.DE,0.11054303668224871
DHER.DE,0.06203720149545658
GBLB.BR,0.03293696297758158
GALE.S,0.10296153460232688
FRES.L,0.09639076702009317
AIXGn.DE,0.0932561902769637
VOD.L,-0.003892986176020477
SATG_p.DE,0.0982797123512167
AZMT.MI,0.06732594642901936
MNG.L,0.07255061499337348
MICP.PA,0.055234125204543724
PRY.MI,0.10693828318771763
ORSTED.CO,0.04972985548919114
BAYGn.DE,0.003907214642928689
BAB.L,0.055112954309289315
RENA.PA,0.02857683562192267
HSX.L,0.054026433258048775
HMb.ST,0.03129002957396486
GETIb.ST,0.05362657592168696
TRN.MI,0.07325183412014395
CWK.L,0.08042712268961746
LDOF.MI,0.09756243321834776
SIKA.S,0.09826212800714475
SOON.S,0.07389130625869227
ALEP.WA,0.044876010448658146
RAAG.DE,0.06668875473247021
BRBY.L,0.05029891429278442
TEMN.S,0.07359813066926141
STDM.PA,0.09507650210171731
SRP.L,0.08532292572598346
MAERSKb.CO,0.07629895668213345
VATN.S,0.05787016712997731
VLLP.PA,0.0398238162791791
KNIN.S,0.05926173277617715
MRL.MC,0.04822238620378391
BT.L,0.00794925776978414
RKT.L,0.026134853403363342
VACN.S,0.13027843377085863
SSE.L,0.05234766887158149
BEAN.S,0.13519908676539122
LGEN.L,0.04503417119977002
SGE.L,0.06265266007687814
EDPR.LS,0.06885671661600275
LOGN.S,0.12025227169398482
BTRW.L,0.03779511860271322
LAND.L,0.015001964118614819
IMB.L,0.02326576519229137
QLT.L,0.06616746074254147
ADYEN.AS,0.09039882286248521
GF.S,0.07257146736693629
KGH.WA,0.09990702799590237
YAR.OL,0.043424755851092206
ADP.PA,0.05027554091836562
QQ.L,0.060704012020127845
SAF.PA,0.10888550597678516
ACS.MC,0.1124514298631907
INF.L,0.05870509246148032
SAPG.DE,0.09390163148116756
TCAPI.L,0.04116087910199797
HWDN.L,0.06119056616215049
SAMPO.HE,0.051793501955212984
ARGX.BR,0.17254519037174101
IMI.L,0.08501661128228954
SAABb.ST,0.12281287849655469
NAFG.DE,0.08655893833398726
INVP.L,0.06350121997213874
RYA.I,0.07653944749259176
SFZN.S,0.11391975309584143
SALM.OL,0.093408898753581
CARR.PA,0.013587641242694088
RBIV.VI,0.08811799927165742
HNKG_p.DE,0.011407304001613813
FPE3_p.DE,0.03736740843688312
LIFCOb.ST,0.12420604972149007
SAVE.ST,0.09511030987146979
ATCOa.ST,0.10272955067961044
ERST.VI,0.09908856496642002
BCU.MI,0.11707097056168479
VALMT.HE,0.09516825560006187
ENEI.MI,0.08305083476907231
FNTGn.DE,0.039951498958480956
INCH.L,0.040519844970020126
ORK.OL,0.05245547051930461
PRX.AS,0.07837526214566376
AKZO.AS,0.04455578117019787
SB1NO.OL,0.1066102916814175
AAF.L,0.10855762828855792
PZU.WA,0.0763565020734682
RWEG.DE,0.10597945026226016
KSP.I,0.09146941632677238
LATOb.ST,0.08539362892017993
SGEF.PA,0.07712732226377048
BGN.MI,0.07586269083476731
AAK.ST,0.07978673183386717
PKN.WA,0.06505020805456217
WIHL.ST,0.07285773653607468
ENX.PA,0.09580087748138483
TW.L,0.03294438008086265
ALVG.DE,0.0855218656683947
TPRO.MI,0.09149368851823068
DHLn.DE,0.07150854631450623
SHLG.DE,0.06329764096074893
LHAG.DE,0.04878608151658426
PAFR.L,0.11421358434705803
DTGGe.DE,0.07551844344270457
LSEG.L,0.09117934007716588
TENR.MI,0.06817542208993321
PKO.WA,0.09247716969593683
DRX.L,0.08910696276215138
SMIN.L,0.07887774485813628
QIA.DE,0.0634704119235272
MT.AS,0.09695183457355278
AM.PA,0.08437663953608218
RBREW.CO,0.07763942693238349
NEXS.PA,0.09678359155678201
TKAG.DE,0.05375256902354539
BARN.S,0.057006195145895326
AENA.MC,0.08218007684817427
ITV.L,0.016380702416848393
BAMI.MI,0.0679941480967553
RACE.MI,0.13400502131090167
TUB.BR,0.09686040421253647
EZJ.L,0.03306519008399399
III.L,0.11951012900486627
LUNDb.ST,0.0724115494778444
ERICb.ST,0.048253509408040816
NEKG.DE,0.11252838171921259
MAP.MC,0.07280767657090118
CLNX.MC,0.07853660908678703
CTEC.L,0.05687531719557155
ROPC.S,0.053001743326699005
PSON.L,0.05701144508996506
IBE.MC,0.11660648356745734
SEBa.ST,0.073105519893227
LEGn.DE,0.036371689059232194
BMWG.DE,0.044550022942238844
SJP.L,0.057986654262398955
GAW.L,0.16525471120104004
SY1G.DE,0.04444549984381094
ABNd.AS,0.06533151966377512
PNN.L,0.024036315985111613
EVOG.ST,0.11656238243660277
OMVV.VI,0.07338103024770061
NTGY.MC,0.057102552499218
NOVN.S,0.06715197671265921
UMG.AS,0.05516291600523867
PST.MI,0.09565850624551009
GALP.LS,0.06127954012920857
VWS.CO,0.07422039219651136
PERP.PA,0.016721078198547523
VAR.OL,0.06800740849077999
BLND.L,0.017547648308385812
P911_p.DE,0.040868611799333314
MNDI.L,0.026249825356451595
BAER.S,0.06399434668632067
EUFI.PA,0.07558440745488383
PRU.L,0.044293561277608036
VERB.VI,0.11342539374440361
NDAFI.HE,0.06569143352072046
PEO.WA,0.06643441844909018
EVKn.DE,0.005098507199231821
CMBN.S,0.07066202522197759
ACCP.PA,0.057307726991451695
ORNBV.HE,0.07636705014274901
BBOXT.L,0.04422868998041602
SUBC.OL,0.08477357237799463
SBMO.AS,0.07873748346778517
ADDTb.ST,0.12598294804944712
AKE.PA,0.038460345723362974
WRT1V.HE,0.07977542822684397
EBP.WA,0.07621747218859737
HAGG.DE,0.11732485658345286
GRLS.MC,0.03599954561042201
G24n.DE,0.08891424945420581
FRAG.DE,0.05787918516143702
FREG.DE,0.03189078996806322
EDP.LS,0.05148406932242771
TRYG.CO,0.06266517695526776
NOVOb.CO,0.06837751940432846
DPLM.L,0.12144023633948081
BAVA.CO,0.056828197361583156
AOO.BR,0.05310357652368759
IGG.L,0.06253789339904807
AD.AS,0.06915120313986095
TLIT.MI,0.031006597221706587
AMBUb.CO,0.07859820434676025
HIK.L,0.02690032078094549
CAPP.PA,0.06877372932408678
BGEO.L,0.11124679279148968
BIRG.I,0.07194652992024235
DCC.L,0.02542868809924951
KNEBV.HE,0.062270651202462404
DLN.L,0.012724416997703943
WTB.L,0.031423177453190176
GL9.I,0.04175424492299113
TE.PA,0.09831073358616929
NN.AS,0.07692182095194014
ROCKb.CO,0.08200371599070527
UPM.HE,0.061112752514952184
BKT.MC,0.09283145357495015
AKRBP.OL,0.09440846602893921
MONC.MI,0.10573374434613689
ADEN.S,0.008470858647209242
SYENS.BR,0.05265461469962862
EONGn.DE,0.07775984830411595
LISP.S,0.08039531235893403
WEIR.L,0.08308987086758743
ACKB.BR,0.06693044385687394
VNAn.DE,0.042202355019959815
MTO.L,0.05432839921359893
EDEN.PA,0.05201160332495731
HOTG.DE,0.10285270624135974
BAES.L,0.09461637414695528
ENAG.MC,-0.0007155919323208262
VEND.OL,0.06149237882831125
BIOX.PA,0.09445259032480886
NKT.CO,0.10889595988341207
SDR.L,0.0314536646470431
TRELb.ST,0.07718435866240986
BWY.L,0.04720219018514134
INGA.AS,0.07555432783149582
NEXII.MI,0.03534109194011478
BAKKA.OL,0.06910676527677682
HRA.MI,0.06653917358067482
BCVN.S,0.07020257807884756
BMPS.MI,-0.001598955546406336
STB.OL,0.10370421645333824
BOUY.PA,0.05285963942336771
AXAF.PA,0.0666931213235187
TEGG.DE,0.057190872520615346
HOLN.S,0.10434630224350236
GASI.MI,0.0790894824986923
UU.L,0.044244613258112686
ACPP.WA,0.10535187079525797
MWDP.PA,0.02968836624080444
A2.MI,0.0724478251682422
ZELA.CO,0.08687794562346035
REDE.MC,0.019745063390878684
TEPRF.PA,0.047172845209986075
STMMI.MI,0.09447319183812722
EQNR.OL,0.06753421468526066
VLOF.PA,0.02313665883080987
ALKb.CO,0.10995612302962318
SECUb.ST,0.0511647920206818
EMG.L,0.05266297500583581
EXHO.PA,0.031196701643495348
SSABb.ST,0.0996700460013108
AZN.L,0.08808444285863067
BKGH.L,0.04517028565555972
ICGIN.L,0.08654287911787834
AUTOA.L,0.05216351213691693
RMV.L,0.0510444703576845
VZN.S,0.0955968642690688
PUIGb.MC,0.0463937650195721
IETB.BR,0.12470802187928552
IMCD.AS,0.08240456225793794
SWEDa.ST,0.06254270386706617
SCHN.PA,0.11290705227567856
KPN.AS,0.04836584941741824
WBSV.VI,0.07303618587704339
TEL2b.ST,0.074722543851171
WLSNc.AS,0.09684348651985392
BP.L,0.05016975865860933
LLOY.L,0.05674334277615998
ARDS.AS,0.0755021234417069
SFSN.S,0.07091462421150056
CCH.L,0.08430814556519065
ESSITYb.ST,0.038157706588803644
MOWI.OL,0.06813415866753753
SAN.MC,0.08362017930633406
HLMA.L,0.10318197627047476
SIEGn.DE,0.09393669107221128
THULE.ST,0.07266576307696787
KEMIRA.HE,0.0716502025384852
HUH1V.HE,0.036814661222124394
DNP.WA,0.13946571435356442
ABBN.S,0.11315239593171429
AG1G.DE,0.058208801086489
UNPI.MI,0.10544814003581174
BAWG.VI,0.09874929340526116
RS1R.L,0.08055309667773036
BC8G.DE,0.09236830265760868
ENR1n.DE,0.10664633515694176
RHMG.DE,0.16045976752261365
AIRP.PA,0.0848385046973486
GETP.PA,0.058137648770136656
HEIO.AS,0.028704530303236223
ROR.L,0.06464065436998585
FHZN.S,0.07473096211200633
DTEGn.DE,0.06454154415743561
STAN.L,0.08785686874080237
RR.L,0.09942616971912485
ADSGn.DE,0.0744527733995197
MYCR.ST,0.10303244063203626
SASY.PA,0.04011624892603906
SIGNC.S,0.056372955054512265
FOUG.PA,0.0777501911490869
UBSG.S,0.08085429179810052
STLAM.MI,0.06915540093926442
RAND.AS,0.023960187199799
NOD.OL,0.08225023341919596
MKS.L,0.04220328669323192
JMAT.L,0.03459662249808072
ENT.L,0.06817561856774067
ASRNL.AS,0.09658473746718671
PSPN.S,0.0721884674868903
BMEB.L,0.03712700588063379
UTG.L,0.03197983240720332
SABE.MC,0.0794364988188
IFXGn.DE,0.0879857297619189
CAGR.PA,0.06807205158175607
TELIA.ST,0.026692166566588536
PRTP.PA,0.07779740611355504
RECI.MI,0.07679463854982777
BATS.L,0.03656415616073079
SDFGn.DE,0.03668924577745306
ANA.MC,0.08365840344349113
ASSAb.ST,0.06890671708203665
ITRK.L,0.058238585685055216
NIBEb.ST,0.07333026522186942
HBANC.S,0.08011332800056481
FRO.OL,0.07013885461226002
SCOR.PA,0.045881197536580695
BALF.L,0.08098842269964522
JMT.LS,0.06809289531650319
SUN.S,0.0964571055135686
KCRA.HE,0.1023260605499919
UNI.MC,0.08573370622924673
KOG.OL,0.13208468408673607
ALLN.S,0.0671192590154688
ELI.BR,0.09204310970999172
HNRGn.DE,0.0881751994692003
CNA.L,0.03724521558342064
DSV.CO,0.12437638891179714
DB1Gn.DE,0.09363276239977472
BVI.PA,0.05937973933709645
EQTAB.ST,0.10132884305275301
IG.MI,0.09264470153708382
TTEF.PA,0.058105383978194605
MBGn.DE,0.04630469721631438
FBK.MI,0.09122978974252864
SAGAb.ST,0.10691631185558838
MTXGn.DE,0.1020448616206696
ALSYDB.CO,0.0870971306923845
SBNOR.OL,0.11652270926539003
SOGN.PA,0.07052444903428683
ACLN.S,0.1630860308958469
DBKGn.DE,0.07147665112741253
NWG.L,0.07670146013358152
SAND.ST,0.10088737060006679
NDXG.DE,0.06264362843576578
INWT.MI,0.0683448962310079
SRENH.S,0.06356031474403978
RILBA.CO,0.12728925856401124
JYSK.CO,0.09108513120367778
LOTB.BR,0.11645462175470261
AALB.AS,0.04399332800380115
NOKIA.HE,0.04641691364416105
KBCA.BR,0.07412508260699552
BNRGn.DE,0.04457004598613272
AMA.MC,0.06576941845891415
BZU.MI,0.09572838428425846
BEZG.L,0.07535699558616672
AAL.L,0.11390695704935656
BOLL.PA,0.047138860733428156
AVANZ.ST,0.10018533869583686
RTO.L,0.0837479378506788
ABVX.PA,0.08990145982279117
BYG.L,0.050457500273537056
NSISb.CO,0.05297493783944979
ANTO.L,0.10869334127450439
MBK.WA,0.09151042367186268
RXL.PA,0.09132236866156654
ASML.AS,0.14005521317955577
BOL.ST,0.0952041885284219
CPG.L,0.06834975294338119
DSFIR.AS,0.02287782434760017
HSBA.L,0.07346989703986137
BPTB.L,0.05479482714082531
BNZL.L,0.0363830552245384
REY.MI,0.09976368623871543
VOWG_p.DE,0.04134266122451031
LOIM.PA,0.05011774050006254
DEMANT.CO,0.06939362033661306
PSN.L,0.03846006629158403
EMSN.S,0.0572284358362527
GFCP.PA,0.02841867685172535
UCB.BR,0.0929021256310939
NESTE.HE,0.0787964743845562
SDZ.S,0.13561765686957888
KBX.DE,0.05793755700956027
METSO.HE,0.09721497128980643
AIR.PA,0.09404332218496142
MRCG.DE,0.05763066057119458
CRDI.MI,0.08614206428573111
LEGD.PA,0.08642191453355708
G1AG.DE,0.0659424139186331
WISEa.L,0.06600393133959608
NHY.OL,0.07574482411837374
SPSN.S,0.07116971441091847
TPE.WA,0.08864718958495194
SHCS.L,0.005735271500976587
RUBF.PA,0.04366231739884553
NESN.S,0.04235719644304528
PNDORA.CO,0.051326939401540005
IVG.MI,0.08914590478410209
GLEN.L,0.0967554851253291
GBFG.DE,0.08384398291775862
CONG.DE,0.023603208867497803
BUCN.S,0.07351985893974422
SOPR.PA,0.06530220395817608
SPMI.MI,0.03212865056859193
ZALG.DE,0.04900080676982015
HIAB.HE,0.08383957356123421
SKAb.ST,0.05800508026819823
AYV.PA,0.050621588005485704
ZURN.S,0.0940715403283184
MUVGn.DE,0.09730906737012171
SRG.MI,0.05737428520526877
ABI.BR,0.011173105430939679
LVMH.PA,0.11227364655386349
WDPP.BR,0.07402744403828307
PSHG_p.DE,0.04212954727200523
COLOb.CO,0.04000962643821398
AGES.BR,0.05945774632509711
HOLMb.ST,0.08321885380352143
JD.L,0.07317818788621638
CAMX.ST,0.1128710892394847
GMAB.CO,0.08053036012564174
SPIE.PA,0.09186022360888868
GTT.PA,0.10287510049922169
ANDR.VI,0.06323756385115122
VIE.PA,0.05953568275591595
CFR.S,0.09030929689342429
SPX.L,0.07005247490315736
EXPN.L,0.08442801253312632
ISS.CO,0.04451887112926501
ELIS.PA,0.07076874469064753
ESLX.PA,0.08440302455860202
SCYR.MC,0.0913457606315135
CRDA.L,0.02736795514251604
KGX.DE,0.06881645230202615
HEIG.DE,0.09282719286782495
FMEG.DE,0.017449020462186812
CDR.WA,0.1221929591453721
KYGa.I,0.03881999468563358
INGP.WA,0.09088049802290227
AXFO.ST,0.06722391128010058
TBCG.L,0.09692596845761446
TSCO.L,0.08729302060221203
HEXAb.ST,0.07808893905276537
KESKOB.HE,0.08495352938289819
MRON.L,0.09664690371507091
PHP.L,0.022245657874783775
BNPP.PA,0.06705479884054129
DNB.OL,0.07829741109532745
HOCM.L,0.10425170519523265
ELISA.HE,0.04031702285268198
IDR.MC,0.1148105297865789
DANO.PA,0.0463231465068302
AV.L,0.05201721859376183
SGOB.PA,0.0803261010514248
CPRI.MI,0.059918930548603845
ENGIE.PA,0.06057445381606649
NXT.L,0.07127528021844032
FLS.CO,0.07437483676703839
TEL.OL,0.028849724890034345
SCMN.S,0.047745506855859814
ZAB.WA,0.08243530377261968
ALCC.S,0.06535295483876045
GIVN.S,0.07617078043841997
UMI.BR,0.05055567239362459
TCFP.PA,0.10022442589579313
SBRY.L,0.05040000441182131
DKSH.S,0.04108256889817544
OREP.PA,0.08513531335539522
ITX.MC,0.07081392239749597
BBVA.MC,0.09296471352220291
SGRO.L,0.06193560404823977
BFT.WA,0.11773626537733672
SHBa.ST,0.047165550767356464
WALLb.ST,0.049824177673474954
NG.L,0.042431947389510394
R3NK.DE,0.09561723372185885
PLUSP.L,0.1201872483504018
TOM.OL,0.08148652473420859
DLG.MI,0.061776139781673844
IHG.L,0.09718448433054447
AMUN.PA,0.06912999879232593
ALSO.PA,0.059844713296457755
LOOMIS.ST,0.059974893830694806
CVC.AS,0.06742929283057308
EMII.MI,0.08240579663232418
EXOR.AS,0.07399769105183421
GSK.L,0.04253771410476522
LONN.S,0.10943287341670879
PUBP.PA,0.06602877599025744
VOLVb.ST,0.09788277396922332
REL.L,0.07944100676227994
CVO.PA,0.03347883216329575
INDUc.ST,0.08622043919481967
ABDN.L,0.026495412643450324
LTMC.MI,0.15019876800553517
SOBIV.ST,0.08026621688409885
CABK.MC,0.09519276076992345
LIGHT.AS,0.050252462739154354
URW.PA,0.028711143175654347
INPST.AS,0.05141832006624486
ABF.L,0.02193006179358746
ADML.L,0.07685535912742229
VID.MC,0.09610191991775799
VOPA.AS,0.039963932111356376
WPP.L,-0.011954376664476123
LMPL.L,0.04233917735712718
FTKn.DE,0.10840955138594396
CBKG.DE,0.09451125444456027
SVT.L,0.04335778420584454
DIOR.PA,0.10773815395339875
SECTb.ST,0.1272281982999573
ICAG.L,0.05744277637650696
GJFG.OL,0.07005392189689351
EVDG.DE,0.07935468163800499
ENI.MI,0.05169534636460499
BEIG.DE,0.04040641181535576
DANSKE.CO,0.06997327228898739
HRMS.PA,0.13793551293093823
DGE.L,0.019229378933578376
ALFA.ST,0.08688321336170723
AEGN.AS,0.06111711019342785
MANTA.HE,0.12298976380269283
SUNN.S,0.08196677340901759
BASFn.DE,0.023978758958266417
RIO.L,0.0901999623641837
LPPP.WA,0.09316836757293205
SN.L,0.03584214383352374
ITPG.MI,0.09613438470315905
FDJU.PA,0.05635045622230822
SDLF.L,0.03920079461781139
REP.MC,0.07661195648069807
CAST.ST,0.0505141238696704
SWECb.ST,0.09318306056476997
MOBN.S,0.07800255543415394
SGSN.S,0.05310792659338996
BCP.LS,0.06813054914352805
TEF.MC,0.0012225927491778532
BKWB.S,0.1292133723740952
KBC.BR,0.07540550287099575
VOES.VI,0.06085872614439275
SHEL.AS,0.06388917834334579
SOF.BR,0.08551888515776643
BALDb.ST,0.07097131734696063
BESI.AS,0.1287943435189682
ASMI.AS,0.13765964516484983
ELE.MC,0.06561781052789942
ORAN.PA,0.028058088303189444
PIRC.MI,0.04691487798786112
GALD.S,0.13984544571190977
SCAb.ST,0.08397148226344925
BMED.MI,0.08858054804288899
AIBG.I,0.06977684572580145
HEIN.AS,0.02946089932631519
KGF.L,0.04275616296948576
HLN.L,0.08159341390769821
PUMG.DE,0.05957362234597999
HUBN.S,0.10481985732637183
ISP.MI,0.0752736093963293
PGHN.S,0.09841000516562384
UHR.S,0.020547963908037835
BARC.L,0.0741811947701702
AVOL.S,0.03972614626472695
TUI1n.DE,0.024864575936294417
STMN.S,0.09973628031457385
INDT.ST,0.10221680595921076
SLHN.S,0.11504402997147753
FORTUM.HE,0.06022487183385519
KLAC.OQ,0.1418931839196068
AME.N,0.1069663015852576
DUK.N,0.05888451327569176
CME.OQ,0.09986866682170051
FDX.N,0.07258741472974864
PG.N,0.0639257201890594
IR.N,0.10321965788457839
ACN.N,0.08518999960008508
FDS.N,0.06667430038166533
DASH.OQ,0.07395850157541214
BAX.N,0.008699020197703064
ODFL.OQ,0.129087792057673
XYL.N,0.10321878498245253
ADSK.OQ,0.1053553841433514
SW.N,0.0649780340463077
OMC.N,0.0430902113658738
UHS.N,0.07050921229629649
ERIE.OQ,0.09200819533166454
CLX.N,0.02126679224559306
DLTR.OQ,0.06647430612513255
CFG.N,0.0781541019396499
TTD.OQ,0.102648757663101
DHI.N,0.10323222264379767
EXPE.OQ,0.07880095316441324
EXE.OQ,0.10126074609711436
CIEN.N,0.12466495450454716
ELV.N,0.08320774358276019
WY.N,0.039534970258778404
CMS.N,0.06921803639865497
CVS.N,0.03143499068535326
SPG.N,0.049487047061386846
MCHP.OQ,0.08429441084793922
GEHC.OQ,0.08222426213687598
UAL.OQ,0.07540594222301787
BG.N,0.055893530371811675
CCI.N,0.03777080295328197
WEC.N,0.07304461925129382
STLD.OQ,0.12392169542843803
FCX.N,0.10352565805759938
FSLR.OQ,0.09113158225878971
EW.N,0.09250247853671158
MDT.N,0.04521271902324317
ALGN.OQ,0.07963854635785554
WST.N,0.10423075163735138
V.N,0.11589629647436636
HPE.N,0.08511512862204068
INTC.OQ,0.05590233209050589
SYF.N,0.08459965280603543
MRNA.OQ,0.07703687818933626
LNT.OQ,0.07370386200329443
NOW.N,0.12083629312794888
TKO.N,0.1365506530696487
DE.N,0.12234601205762023
CRWD.OQ,0.10962726153872018
LHX.N,0.09953162776305981
TROW.OQ,0.05917493541062141
GPC.N,0.05676243706285254
NVR.N,0.1065119524796842
LVS.N,0.06519147188331341
DECK.N,0.1291846791420979
PLD.N,0.0919845611902062
APP.OQ,0.10231291650380211
URI.N,0.123944524139047
NI.N,0.0756130688014924
NTRS.OQ,0.0710298559684819
NOC.N,0.09397144306115231
VRT.N,0.12294911000557768
MS.N,0.11590956658222148
YUM.N,0.09253390344582386
RMD.N,0.10705612525167013
SYK.N,0.10480876180521674
CL.N,0.037177287532946794
SO.N,0.06727145405995136
GS.N,0.11282001077777187
SLB.N,0.03571146324885769
BA.N,0.0666208376683029
HST.OQ,0.055017371697673345
CBRE.N,0.107011681871854
IBKR.OQ,0.11644367375584432
IFF.N,0.017930580244868377
CHD.N,0.07066929359864402
SHW.N,0.10383286944751988
BLK.N,0.09436852278373592
HON.OQ,0.07452766669466504
GPN.N,0.05462005675439284
ADP.OQ,0.09469984488764296
AMT.N,0.0673576606294249
GLW.N,0.11105790165906008
AWK.N,0.07675540995467142
PNW.N,0.050322190502423966
PGR.N,0.14073776824513543
BRKb.N,0.11210913387202641
LUV.N,0.04895607341648957
IVZ.N,0.045477188851114646
CTAS.OQ,0.1429937803469949
PODD.OQ,0.11315846267773871
ABBV.N,0.10544020662801637
REG.OQ,0.042918693376749445
HUM.N,0.06092620374868768
GE.N,0.07538175523831953
GD.N,0.08332890944736346
MSI.N,0.1265730332138793
PWR.N,0.16608779630146514
TGT.N,0.05852890069066356
ARES.N,0.13961539657898933
HUBB.N,0.10960285051338106
KVUE.N,0.034094274492356455
AMAT.OQ,0.13056006863801853
INCY.OQ,0.04599887350509887
PYPL.OQ,0.0676246112050445
PSX.N,0.06550070543956082
NSC.N,0.09820346465658988
BXP.N,0.018747966955157628
CAH.N,0.07943971864038873
LDOS.N,0.11034032765913673
COF.N,0.09219792262687725
BALL.N,0.057961473987444535
OKE.N,0.08653280793493787
TSCO.OQ,0.09040663231885435
LOW.N,0.09389277852958897
MPWR.OQ,0.12477115278925816
LH.N,0.08080323617190907
JKHY.OQ,0.08054137838466224
TSLA.OQ,0.12149544256461103
RL.N,0.08941580561881451
AEP.OQ,0.07057252535773138
FE.N,0.05433822865246053
UNP.N,0.09262589691361127
VTR.N,0.06072163820313098
JBL.N,0.12946256036795206
CSGP.OQ,0.09358279899529068
RVTY.N,0.06884221134562812
ALL.N,0.09953891976448606
IP.N,0.04858335187003656
SNA.N,0.07295241838615703
EBAY.OQ,0.09289301946692535
TPL.N,0.1344524353137152
SJM.N,0.02178699440319961
KO.N,0.05669246876871268
FRT.N,0.025378028176004208
VRSN.OQ,0.08920201587339263
QCOM.OQ,0.09258200742635687
CNP.N,0.07467518536693424
CDNS.OQ,0.15343238758772826
MDLZ.OQ,0.0405408894428609
COHR.N,0.10739974348391101
UPS.N,0.04024215186027001
IBM.N,0.0784825625976967
MSCI.N,0.1321855964637772
SATS.OQ,0.08776980082100543
MRK.N,0.07416419395869964
TRMB.OQ,0.0970885562635378
BIIB.OQ,0.03897061714196601
DXCM.OQ,0.08656378487025061
O.N,0.043874692763740335
VEEV.N,0.1193692270487306
BSX.N,0.12040905178411387
VTRS.OQ,0.002790854316535772
ORLY.OQ,0.12176345341887086
KMI.N,0.0697859779761822
CMI.N,0.12389388951841573
GWW.N,0.11555447375808625
ICE.N,0.09815857009984473
APO.N,0.12672124615561858
HAS.OQ,0.05466196895101084
DGX.N,0.08287483020369286
CPRT.OQ,0.14116481798423744
ADI.OQ,0.10999109389874469
SNPS.OQ,0.13422558436159085
CTVA.N,0.09213031542713461
NDSN.OQ,0.10164652058714473
PFG.OQ,0.07290400548790668
EA.OQ,0.09121717220973644
PKG.N,0.09630430135871698
TMO.N,0.10885466917471291
FICO.N,0.150256299342571
IDXX.OQ,0.13532551623483474
TDY.N,0.12314603706118028
SOLV.N,0.06901878840980308
AES.N,0.06405377957661228
TMUS.OQ,0.12060992410849111
PH.N,0.13623596372894187
AIZ.N,0.09214024971134643
EIX.N,0.040933576604585534
TT.N,0.1462937039455549
DRI.N,0.08741720073203185
EFX.N,0.07226582660395199
CINF.OQ,0.08809865439374664
HLT.N,0.12540519244379966
CB.N,0.08782350695185781
WMT.OQ,0.13116407434237465
COIN.OQ,0.07134080691348929
CBOE.Z,0.10722409932264176
KEYS.N,0.12692394004475271
CHRW.OQ,0.08518385648599089
TYL.N,0.08515494605281985
SMCI.OQ,0.09980889840446473
PM.N,0.06706017282249829
ES.N,0.04946733679811172
LII.N,0.10376543600636745
NWSA.OQ,0.07219147327167004
FIX.N,0.15681160962809693
GEV.N,0.1128742246589971
NDAQ.OQ,0.1221358614392019
BAC.N,0.09410060071161977
HOOD.OQ,0.08908239157285706
RJF.N,0.10412626388312468
CAG.N,0.004227291425636853
FIS.N,0.04694313858389346
PHM.N,0.11589278982879711
FFIV.OQ,0.08547031596172422
DG.N,0.07041856325841339
WDC.OQ,0.09112387887338982
EL.N,0.0553447539112306
VLTO.N,0.08147305524916737
PEP.OQ,0.049570553124978434
TRGP.N,0.09995532625647999
USB.N,0.0529492062718784
AOS.N,0.06598433624408523
MSFT.OQ,0.14529679874959894
TRV.N,0.0854707862122238
PAYX.OQ,0.07528452132455124
HBAN.OQ,0.06506357752204792
COST.OQ,0.13436039772410738
WSM.N,0.10545505554736695
PANW.OQ,0.11062369272971954
MLM.N,0.1084799013248271
EVRG.OQ,0.06281895781270691
TXN.OQ,0.09349586657438053
MKC.N,0.059127800795242796
ISRG.OQ,0.13641018929304655
CMG.N,0.0977547423316023
CPT.N,0.05688768792718836
LLY.N,0.15654639754038052
MET.N,0.06981646130951587
T.N,0.03092695665717294
FAST.OQ,0.10684578826433364
COR.N,0.09669478926120073
XYZ.N,0.09249430683342619
ROST.OQ,0.09477784262486769
CPB.OQ,0.0027890424995749563
UBER.N,0.081679329201469
MTD.N,0.10579890691974853
RTX.N,0.0959421732364795
INTU.OQ,0.12450965113570486
AMP.N,0.10547804294175431
MTB.N,0.06647575479074533
VLO.N,0.07913889290440425
ECL.N,0.07944568711734513
PSA.N,0.03811730074189906
KKR.N,0.1232202970800797
INVH.N,0.057225350523531615
MU.OQ,0.12991881218209916
WELL.N,0.08623161320005159
AKAM.OQ,0.06624344779103364
VST.N,0.12673265718291343
DHR.N,0.10414538766158142
PCAR.OQ,0.10570512268236823
PFE.N,0.02274178869458943
GM.N,0.0805428499009666
AMGN.OQ,0.07255577798252985
AXON.OQ,0.143342890239326
NEM.N,0.1116536915562861
CSCO.OQ,0.09050109256966807
PLTR.OQ,0.11323008684487286
AVB.N,0.03441775155080171
HPQ.N,0.07184143794928988
FTV.N,0.07522048811617486
ETN.N,0.12317476777916649
GNRC.N,0.09715334674458803
DPZ.OQ,0.10092621581352049
MGM.N,0.0698965257714547
AJG.N,0.13787722376801503
MPC.N,0.08827828440733472
ARE.N,0.011752322776609755
AFL.N,0.10365000922192444
CTSH.OQ,0.055730355518406036
DDOG.OQ,0.09320716372886101
CF.N,0.07323628607498542
ANET.N,0.14402960104324525
GOOGL.OQ,0.1367187642390717
GIS.N,0.01766808116956791
IQV.N,0.09468871640118481
TAP.N,0.00787150686456528
NCLH.N,0.050351685947346056
STX.OQ,0.11351192219353709
TECH.OQ,0.08442875526158045
BFb.N,0.019322719370464234
JCI.N,0.1060994003464473
FOXA.OQ,0.08111741705179201
KR.N,0.05977782695135504
AZO.N,0.11408993655441108
KDP.OQ,0.06794879990111402
BDX.N,0.04751881522053628
L.N,0.08851597767415943
WDAY.OQ,0.08426241133989995
EQR.N,0.03078460935541382
BRO.N,0.12305168839152231
OXY.N,0.05033419835648717
DTE.N,0.0683199293877013
MCK.N,0.10638484140262289
APD.N,0.07375724336818681
CI.N,0.07079455728254234
ZBRA.OQ,0.09194756808802712
ADM.N,0.06112623925450955
PNC.N,0.07722396445405408
LIN.OQ,0.11335595597699455
LYB.N,0.02624920333095225
FITB.N,0.07962491546626728
CCL.N,0.053698012971904505
MCO.N,0.11746721968458737
PTC.OQ,0.11020158571885427
CMCSA.OQ,0.03999980345303577
DOC.N,0.00899001698495281
EQIX.OQ,0.08417357443283942
ALB.N,0.0812492676138933
BEN.N,0.032648552795831697
RCL.N,0.08255749939452818
HII.N,0.08604250022648505
AVY.N,0.09093318303021886
OTIS.N,0.09104618084524888
EMR.N,0.08807784539629332
FANG.OQ,0.07920745057644693
ROK.N,0.10045206044207144
DIS.N,0.04445932722043548
KHC.OQ,-0.013356529977979072
NEE.N,0.09496127007049641
ADBE.OQ,0.09760712475928614
VRSK.OQ,0.0928713134189655
ALLE.N,0.08192061584533925
BLDR.N,0.11204467108543062
CRH.N,0.12038223534134632
LITE.OQ,0.11842781805148112
NRG.N,0.13475589616791894
ACGL.OQ,0.10999309102805509
GOOG.OQ,0.13815983172606575
KIM.N,0.037629142682150965
CPAY.N,0.07573732211345728
BKR.OQ,0.06398707654644492
GRMN.N,0.12006721287524526
CNC.N,0.059796299501698645
AIG.N,0.058977066378964
SBUX.OQ,0.05702241223983013
REGN.OQ,0.060215549329617764
JPM.N,0.11547847785048071
MAR.OQ,0.1070440439144267
EQT.N,0.0744261818786543
AEE.N,0.07994052711301639
WFC.N,0.06740216379910197
CSX.OQ,0.10792965389160344
ABNB.OQ,0.06512297502645413
NFLX.OQ,0.11483640410637552
SWK.N,0.03712943563211724
VZ.N,0.019669068436392677
CASY.OQ,0.11252183470674387
TFC.N,0.05758199472812678
ABT.N,0.09027665927087256
MA.N,0.1256293285397841
RSG.N,0.127987865113417
STE.N,0.0996473607270519
AMZN.OQ,0.12245408853818934
MMM.N,0.04949639415116973
CDW.OQ,0.09460837962544597
COO.OQ,0.08231565631174902
WAB.N,0.0903423285491167
NTAP.OQ,0.09994971057973553
TTWO.OQ,0.1235276521526518
TSN.N,0.04470766941480546
DVN.N,0.06477638453596551
ORCL.N,0.11319710137113814
EG.N,0.06901597439918929
WBD.OQ,0.060956534192804473
BX.N,0.10868626852026528
TXT.N,0.07526181064456945
HCA.N,0.12334972202378296
IEX.N,0.08012914906580469
FOX.OQ,0.07615093110499993
MNST.OQ,0.09427102774718851
PEG.N,0.07364852817066253
VICI.N,0.061989821105713924
MO.N,0.03205987101567333
ETR.N,0.08843630435153813
HWM.N,0.12887060410974271
EXR.N,0.05789753435860043
LMT.N,0.07783118732315847
C.N,0.07851079658041124
EXC.OQ,0.07720644815514349
CVX.N,0.06577781093503018
F.N,0.05150449387406387
XOM.N,0.060633243393206845
UDR.N,0.035404729386406236
STZ.N,0.03678623144151888
ROL.N,0.12331577638051194
TJX.N,0.11146708084849291
BR.N,0.112747043299642
HIG.N,0.09385161469051874
NXPI.OQ,0.08265113983062032
FISV.OQ,0.0618585418712618
EXPD.N,0.09914228361329838
RF.N,0.08631912328091532
AMD.OQ,0.1399683638337139
BMY.N,0.023758031886140278
PRU.N,0.05895627403850264
PPL.N,0.03390412512660885
BKNG.OQ,0.10370186088767651
TEL.N,0.09982816854955039
META.OQ,0.11146367541801941
APA.OQ,0.055923264803404135
COP.N,0.07473010111519529
DAL.N,0.06405556997016602
ESS.N,0.04183031677599603
DELL.N,0.1237796926245135
WM.N,0.11727929047222355
ED.N,0.05563715971980462
GILD.OQ,0.04667724161628163
LEN.N,0.07783316819412806
LULU.OQ,0.09557791435453307
AMCR.N,0.03303594631280944
WAT.N,0.0884893047723399
JNJ.N,0.07104057858245919
SWKS.OQ,0.047398788830032144
DOV.N,0.10602495454511371
NKE.N,0.04593442001288081
DD.N,0.050169033219944426
DVA.N,0.06593515655714025
DLR.N,0.07396702788548071
HAL.N,0.054015997741027826
TPR.N,0.09310730445904908
TER.OQ,0.11872619140157531
CARR.N,0.11939100151402535
APTV.N,0.056076583762711844
AON.N,0.10845823248144784
CRM.N,0.09335349703043919
LRCX.OQ,0.14088314800152918
EME.N,0.14735264749436283
JBHT.OQ,0.08575730250434631
ITW.N,0.08761703685323242
J.N,0.10405024228090341
XEL.OQ,0.07305587508279002
APH.N,0.15592651246501943
STT.N,0.07272519945174628
ZTS.N,0.08621750221763255
SBAC.OQ,0.06876949546551525
GEN.OQ,0.08674860307474838
NVDA.OQ,0.1824948275788576
AAPL.OQ,0.14771038711245862
MAS.N,0.07826007992367007
NUE.N,0.09923620041130415
PPG.N,0.040475338573582875
IRM.N,0.09241760928270944
VMC.N,0.09102848824695786
SCHW.N,0.08984210141494223
CEG.OQ,0.12776111482080119
A.N,0.09615223812308538
SYY.N,0.06851644452012165
ROP.OQ,0.0807488479847358
ON.OQ,0.09826515818433423
SRE.N,0.06893961623064307
PSKY.OQ,0.03111211848761439
PCG.N,0.04561280173148099
KEY.N,0.06741961016410748
MRSH.N,0.10304205294715843
MCD.N,0.08705407616111618
ULTA.OQ,0.09044207384596432
TDG.N,0.13227283067472725
AXP.N,0.11418542932576772
MOS.N,0.05419818003362182
AVGO.OQ,0.1539172856517483
CAT.N,0.13549579783585344
UNH.N,0.08830262291035898
NWS.OQ,0.0758511962821269
DOW.N,0.03059540361353332
WMB.N,0.07964771130282189
MAA.N,0.057650491709499485
GDDY.N,0.09905580976967462
GL.N,0.08135496870053305
SPGI.N,0.12241514752759872
CHTR.OQ,0.04734971221140133
WYNN.OQ,0.07233332026225713
HD.N,0.08609027346148682
HSIC.OQ,0.04879606882044768
HSY.N,0.0728080732563754
CVNA.N,0.09891593423617331
KMB.OQ,0.014741006206075857
EOG.N,0.06884202197886972
FTNT.OQ,0.13070389442582084
CRL.N,0.0817686808622342
ZBH.N,0.035592704168787945
LYV.N,0.10948162261122088
POOL.OQ,0.08815589542356182
BNY.N,0.08929850726975126
ATO.N,0.08844772015013941
VRTX.OQ,0.09645116351250178
D.N,0.025502841006449707
HRL.N,0.003981444607057502
BBY.N,0.07811329207491556
IT.N,0.08718386933373856
WRB.N,0.12196988824860955
WTW.OQ,0.08534431508002982
PNR.N,0.09335812814781641
