date,n_eligible,n_held,pred_risk_%,esg,turnover_%
2018-04-02,968,37,7.433385090619088,70.00000298767229,
2018-07-02,973,47,7.417401837360299,70.00001083942438,17.09469603283058
2018-10-01,976,48,6.902165440274471,70.00001272454753,21.573593793319638
2018-12-31,983,52,7.127734848813458,70.0000551990403,31.50810832158385
2019-04-01,984,50,6.689352023527138,70.00004632136853,25.429806245496785
2019-07-01,989,56,6.361353135181804,70.00000083318116,26.464761657746244
2019-09-30,991,58,6.409025506115274,70.00005161186547,22.830639900076484
2019-12-31,993,55,6.276506932560082,70.00000095128874,24.71144144299605
2020-03-31,994,45,9.756695567370524,70.00000269549113,74.83221252877505
2020-06-30,1000,37,10.296639075027946,70.00014225783968,17.650236374270612
2020-09-30,1003,39,10.446173854717262,70.00000351581234,10.968469733024651
2020-12-31,1006,35,10.701898024760915,70.00000255374395,10.837111027061788
2021-03-31,1008,37,10.444873684578088,70.00000663753417,8.67319553642792
2021-06-30,1011,35,10.379218664944432,70.0000054554487,7.230503926557557
2021-09-30,1013,34,10.423761970152649,70.00011175003361,7.832637477367924
2021-12-31,1015,37,10.133621318715743,70.00005499815924,14.334847834157172
2022-03-31,1018,37,10.558523686202259,70.00000782775665,15.366970430772161
2022-06-30,1024,37,11.081258350468994,70.00001149064518,12.492643358640859
2022-09-30,1027,37,11.432563171143148,70.00779355875251,14.341257007142774
2023-01-02,1029,33,11.817128782481532,70.00015647656083,11.880826898252565
2023-03-31,1032,39,9.4109967125935,70.00005217864167,51.98014731482261
2023-06-30,1032,40,8.63903223687658,70.00002180451219,30.054169064857117
2023-10-02,1034,38,8.486622957921902,70.00012432717108,12.970485863819956
2024-01-01,1038,43,8.277904785278116,70.00007298056534,16.368161698635472
2024-04-01,1042,42,8.13637577572372,70.00178563760021,13.758307698943801
2024-07-01,1045,46,8.093215502392153,70.00003137762722,16.38394064960935
2024-09-30,1049,44,8.037308180848761,70.00003997008403,11.660970791454485
2024-12-31,1050,43,8.027165163523248,70.000118859073,16.012424968671034
2025-03-31,1054,42,7.795855682999093,70.00000323225143,26.12200393410572
2025-06-30,1054,50,7.841943152511455,70.00000149866494,35.26208337853258
2025-09-30,1057,51,7.3940007138314865,70.00000234438782,18.14831662487661
