,optimised,equal_weight
2018-04-02,1.0,1.0
2018-04-03,1.000900087606515,1.0021864602091548
2018-04-04,1.0046432377608943,1.002230145488709
2018-04-05,1.009624031636625,1.016059562880195
2018-04-06,0.9975324641730976,1.0038818913557026
2018-04-09,1.0006586284588062,1.0089695142367445
2018-04-10,1.0056941183210653,1.022094237413494
2018-04-11,1.0046460623272404,1.0177132626366232
2018-04-12,1.0031210267482933,1.0220361532405076
2018-04-13,1.0030135400045972,1.0223432014503615
2018-04-16,1.0136306978661367,1.028172268395746
2018-04-17,1.0181127067552538,1.037121719393591
2018-04-18,1.015156923858505,1.0415606339045094
2018-04-19,1.0133406740840405,1.0404007633860772
2018-04-20,1.0067829213977915,1.0330633363988375
2018-04-23,1.0073233640315042,1.03241483345416
2018-04-24,0.9972308735453338,1.0249788055782145
2018-04-25,0.9937324139076325,1.0191534721292335
2018-04-26,1.0067304446575902,1.0280057448817468
2018-04-27,1.0025186890739604,1.025796159532037
2018-04-30,1.0009667581197315,1.022494650559744
2018-05-01,0.9992190596132463,1.0239447673805036
2018-05-02,0.9967888967352132,1.0204394260039287
2018-05-03,0.9955362861886012,1.01638017688878
2018-05-04,0.9950500213833622,1.0231591005109317
2018-05-07,0.9952434566096005,1.0258387970877711
2018-05-08,0.9909559815670145,1.0267093953431752
2018-05-09,0.993558618273236,1.035124395126476
2018-05-10,0.99900306049525,1.0396648493612723
2018-05-11,1.0036029559473567,1.0437837880198966
2018-05-14,1.0047546088738586,1.044331425935877
2018-05-15,0.9977484927471054,1.0368869545848554
2018-05-16,0.9990908867817824,1.0354155737222224
2018-05-17,0.9992971931690129,1.0409035109197642
2018-05-18,0.9974019873046507,1.038345908616327
2018-05-21,1.002491472649286,1.0437633586452388
2018-05-22,0.9996428781522647,1.0454194540309332
2018-05-23,1.0004356776099153,1.0370004659197052
2018-05-24,1.0004693040360533,1.0372648073668065
2018-05-25,1.000911008398201,1.0353946623284416
2018-05-28,1.0008316003415032,1.032362114757029
2018-05-29,0.9935987589931736,1.0165875941697076
2018-05-30,1.0000014653230742,1.027481317376246
2018-05-31,0.9932912466327344,1.025510338919573
2018-06-01,0.9960052353419229,1.0338793580161894
2018-06-04,1.0010893257074878,1.0422735831762249
2018-06-05,1.0013267190325335,1.0399203568107902
2018-06-06,1.0009782698628025,1.048454380869862
2018-06-07,1.0080950343758655,1.0506073521334507
2018-06-08,1.008611144416876,1.0479520990680364
2018-06-11,1.0106843873919218,1.0538690521836513
2018-06-12,1.015460941589374,1.0562269652351002
2018-06-13,1.0115619171983,1.053865665211372
2018-06-14,1.0113677884532548,1.058555640239706
2018-06-15,1.0078686291289292,1.0478451309532055
2018-06-18,1.004695742019894,1.0439835930778594
2018-06-19,1.0028886617323156,1.0337296562348206
2018-06-20,1.0038551716346862,1.038134532621859
2018-06-21,1.0009403711753484,1.0286029616363443
2018-06-22,1.0099845212841496,1.0389006033193429
2018-06-25,1.0096712493617448,1.0258079173961758
2018-06-26,1.0086162803798742,1.0252028886973805
2018-06-27,1.005682823704624,1.0208244738392063
2018-06-28,1.0006198781202946,1.0165390035250716
2018-06-29,1.008669047941655,1.0254299863058138
2018-07-02,1.0087685112819857,1.020141387201255
2018-07-03,1.0112520734860173,1.024904821315527
2018-07-04,1.0116729528135784,1.0236627629350836
2018-07-05,1.018990923540798,1.0327828385802191
2018-07-06,1.0196701959250531,1.037700668636236
2018-07-09,1.021801038814961,1.049106004023081
2018-07-10,1.1841809690326655,1.0555418832550214
2018-07-11,1.1987194477398178,1.0477111265812857
2018-07-12,1.211042278438731,1.0514995954686126
2018-07-13,1.2041404181969404,1.0510131416993163
2018-07-16,1.2104750444512649,1.0541007987592352
2018-07-17,1.215243392240889,1.0578719893284645
2018-07-18,1.2110406247798182,1.0567788247801455
2018-07-19,1.2046973647485637,1.0528503782346403
2018-07-20,1.2080328994406175,1.0544769170167503
2018-07-23,1.20657925141973,1.0558580422462198
2018-07-24,1.2080677024910882,1.059275583655516
2018-07-25,1.211318933255317,1.0624101569616213
2018-07-26,1.2168119339144376,1.0691904793882927
2018-07-27,1.2125725835452892,1.0636575354692055
2018-07-30,1.2109231472973698,1.062507110276205
2018-07-31,1.217470175700898,1.0692446052591444
2018-08-01,1.2170290186092594,1.0642469311911187
2018-08-02,1.216824519313406,1.0597518291572074
2018-08-03,1.2201221321694804,1.0633496650591645
2018-08-06,1.2201888411672317,1.0631620697653044
2018-08-07,1.2247296957371585,1.0703422832359728
2018-08-08,1.2169394746129687,1.0675142401449982
2018-08-09,1.219813562731612,1.068815272158715
2018-08-10,1.2120189309016864,1.0530034909963422
2018-08-13,1.2071737075622713,1.047107665066776
2018-08-14,1.21085884825435,1.0502690813698516
2018-08-15,1.2066920237611551,1.0372744692676739
2018-08-16,1.2173220240823817,1.0458624956554645
2018-08-17,1.220523068228027,1.048589792006448
2018-08-20,1.2210691405519887,1.0549975062108599
2018-08-21,1.2215894880785068,1.0627404019776843
2018-08-22,1.224331969717321,1.0683906285974942
2018-08-23,1.226200588769998,1.066255930669404
2018-08-24,1.2323024719064266,1.0701328289582117
2018-08-27,1.2287826506411723,1.0782482967587648
2018-08-28,1.2291194677071338,1.082928327749492
2018-08-29,1.2288794959157971,1.0826449318080609
2018-08-30,1.2298172805797816,1.080995098810703
2018-08-31,1.2279551674514364,1.07648930985704
2018-09-03,1.2268342568131838,1.0749759117497286
2018-09-04,1.2223828715799483,1.0685520484848676
2018-09-05,1.2279422362860977,1.063568352895408
2018-09-06,1.234026756179686,1.0641440121934773
2018-09-07,1.2273841667654435,1.06141721052782
2018-09-10,1.2267405103175812,1.0645391067302263
2018-09-11,1.228250430580379,1.0651093037244033
2018-09-12,1.2376051601627003,1.0686705001868955
2018-09-13,1.2433995866489507,1.071737823728852
2018-09-14,1.2486688359727993,1.0772343207121537
2018-09-17,1.2432310439851493,1.075069413254004
2018-09-18,1.2462807151742916,1.080261000786601
2018-09-19,1.2358626042690317,1.0785188811481152
2018-09-20,1.240180766514033,1.0896929575246619
2018-09-21,1.2461382303438862,1.090608970895736
2018-09-24,1.2366483569156663,1.0850909021339834
2018-09-25,1.2302807256857322,1.0853460342880399
2018-09-26,1.2260596413315195,1.081721958519884
2018-09-27,1.2221639517886331,1.0818067798593538
2018-09-28,1.219659267465263,1.0727593562341426
2018-10-01,1.2181157766640638,1.0744779671861235
2018-10-02,1.2204106322261064,1.0679829725386467
2018-10-03,1.2159047150958444,1.0705265851235388
2018-10-04,1.2097368134234903,1.0574840349215413
2018-10-05,1.2106024526764343,1.0500226936144175
2018-10-08,1.2114969714267225,1.0411035710287841
2018-10-09,1.2103061217608437,1.0377021072908839
2018-10-10,1.1936463558465114,1.0157552817173288
2018-10-11,1.1740381527474082,1.0000924087676366
2018-10-12,1.1748145846170814,1.0052195347940809
2018-10-15,1.1763978569933518,1.0032451175091275
2018-10-16,1.194328405706858,1.0246209301897418
2018-10-17,1.191858871132161,1.0185545933283633
2018-10-18,1.1912712539453778,1.0092813447827134
2018-10-19,1.199206369292104,1.0027092292560833
2018-10-22,1.190104030478595,0.9980975418902991
2018-10-23,1.1806611627189996,0.9846763616655713
2018-10-24,1.174360340925352,0.966170503344352
2018-10-25,1.1718434573185699,0.9763178115055297
2018-10-26,1.1624913100585224,0.9624419117996895
2018-10-29,1.1751269613235218,0.9697211564484146
2018-10-30,1.1907444358974164,0.9784631996008382
2018-10-31,1.192896962659635,0.9879617176062954
2018-11-01,1.195929464856327,1.0020304563936475
2018-11-02,1.1997252300260925,1.0062559038411416
2018-11-05,1.202864227655541,1.0037185987643429
2018-11-06,1.2120291352458723,1.009970553472506
2018-11-07,1.2262375172052382,1.0266361324149438
2018-11-08,1.2179845141315053,1.0236119309945162
2018-11-09,1.2190472605848535,1.0134463200330963
2018-11-12,1.2085648222557166,0.9943632589930284
2018-11-13,1.2104381778365345,0.9974850606793799
2018-11-14,1.2106763212651142,0.9939191450360711
2018-11-15,1.206354258107934,0.9908990983345036
2018-11-16,1.21208753093312,0.9936951740996275
2018-11-19,1.2095871679580867,0.9858933340184548
2018-11-20,1.2014338016455879,0.9717042731947626
2018-11-21,1.1971585858336817,0.9794343355024556
2018-11-22,1.1961269538779669,0.9767847176326058
2018-11-23,1.1968121025897154,0.9758622599106677
2018-11-26,1.202481950946834,0.9886236179278118
2018-11-27,1.2073513171340948,0.9855792497093775
2018-11-28,1.2148549959124983,0.9935077008552776
2018-11-29,1.2223816213489178,0.9978396044578046
2018-11-30,1.2229696691665424,0.9970221911221304
2018-12-03,1.2256933365825406,1.0070117698844174
2018-12-04,1.2178336623913255,0.9903972606008234
2018-12-05,1.2128226772356225,0.9841493035282836
2018-12-06,1.2034232904338633,0.9683307930485678
2018-12-07,1.2028713658928942,0.9613087341467619
2018-12-10,1.2018937473315419,0.9534102631632214
2018-12-11,1.2036536332611123,0.9578830172807172
2018-12-12,1.2056947141838392,0.9677770927209884
2018-12-13,1.2076250847149739,0.9675169748382183
2018-12-14,1.1924065690857966,0.9536366479771287
2018-12-17,1.173730152990122,0.9398366510690015
2018-12-18,1.1687583667030401,0.9391034159404992
2018-12-19,1.161201655439404,0.9356332377076393
2018-12-20,1.1499657573733582,0.9230257513664311
2018-12-21,1.1424021597433265,0.9132357037767896
2018-12-24,1.1164821467165644,0.8996695771036923
2018-12-25,1.1164821467165644,0.8996695771036923
2018-12-26,1.1351203027420083,0.9178631770917097
2018-12-27,1.1392554096999452,0.9141749787888072
2018-12-28,1.1535672329844953,0.9260343650252905
2018-12-31,1.1582243576714648,0.9323457511789264
2019-01-01,1.1582243576714648,0.9323457511789477
2019-01-02,1.1500378696088982,0.9292966935920053
2019-01-03,1.1474317674459438,0.9129165871622031
2019-01-04,1.165187736383753,0.9429783581619837
2019-01-07,1.16896535903527,0.952585310164835
2019-01-08,1.177850370181142,0.9624194667952122
2019-01-09,1.1787697782618223,0.970966660767364
2019-01-10,1.186108450061988,0.9774402314431242
2019-01-11,1.1879356127424232,0.9782972996791754
2019-01-14,1.175488633161867,0.9703436721483734
2019-01-15,1.1807484536585064,0.9734320332286773
2019-01-16,1.1786620504038126,0.9777674147512109
2019-01-17,1.1841969643389292,0.9819878033811286
2019-01-18,1.1913764215100175,0.9977301458844063
2019-01-21,1.1878085216585057,0.9955535219874024
2019-01-22,1.1851946721807345,0.9871006351475345
2019-01-23,1.1915269660184646,0.9891368715449136
2019-01-24,1.1889347849525898,0.9926469717545857
2019-01-25,1.1890798538818483,1.0008921684487273
2019-01-28,1.1904272670375677,0.9973201832817767
2019-01-29,1.1950609535276426,1.0021229834482959
2019-01-30,1.2002561380868475,1.0095689569929738
2019-01-31,1.2078377204499327,1.014715232801876
2019-02-01,1.2063167492191844,1.0168074094502781
2019-02-04,1.2077572357442063,1.0189100816439018
2019-02-05,1.2122400798362407,1.027348583110462
2019-02-06,1.210342395729508,1.026780496033984
2019-02-07,1.2113280648278084,1.0127756600467503
2019-02-08,1.2118530515356751,1.0084345441516125
2019-02-11,1.2123593850307706,1.0129464598457634
2019-02-12,1.2147595804539673,1.0208562422667216
2019-02-13,1.2167824130138085,1.027187117346323
2019-02-14,1.2138782677784172,1.0240339633486182
2019-02-15,1.220412311104959,1.0345465566247039
2019-02-18,1.2255585126777067,1.040434195088668
2019-02-19,1.225391721158678,1.0385835549629354
2019-02-20,1.232476135751335,1.0463502001792284
2019-02-21,1.2351560536842943,1.0446338927706744
2019-02-22,1.2333300709958752,1.0485461881686884
2019-02-25,1.2309681440721723,1.0524908621046254
2019-02-26,1.2305487618470428,1.0530491421166464
2019-02-27,1.2300985510114837,1.0531957510833203
2019-02-28,1.2344274880829633,1.054427882488479
2019-03-01,1.2340560823858409,1.059775557430416
2019-03-04,1.232588115469639,1.0571521820249374
2019-03-05,1.2308670073737813,1.0544344046235432
2019-03-06,1.2255880827079753,1.0486903073978722
2019-03-07,1.2203256094100579,1.0387175593793776
2019-03-08,1.2176890592335265,1.030217275796159
2019-03-11,1.22487430452614,1.0413928445797238
2019-03-12,1.2300916622154363,1.0458598275493187
2019-03-13,1.234812440496347,1.053157991826448
2019-03-14,1.2349167421347627,1.0572535100442022
2019-03-15,1.2366958860072619,1.063243975584349
2019-03-18,1.239681678545554,1.0691296076683616
2019-03-19,1.23727352741985,1.0728279262631149
2019-03-20,1.2344118812438982,1.0639762457979776
2019-03-21,1.245354125686553,1.0722680512897114
2019-03-22,1.2396765483769274,1.049894081386863
2019-03-25,1.240528703879657,1.0485028930704552
2019-03-26,1.2435935678882568,1.054263995290688
2019-03-27,1.2427359106127573,1.051594249979449
2019-03-28,1.2410082001044451,1.0511662186561037
2019-03-29,1.2490766105747138,1.0604786114556881
2019-04-01,1.25147790754065,1.0739583340946957
2019-04-02,1.2482251513150397,1.0741495311991947
2019-04-03,1.2509014365347488,1.086093409812488
2019-04-04,1.2497688729181298,1.0847960077251098
2019-04-05,1.2545422531421047,1.0891540139450493
2019-04-08,1.2538294557890413,1.0886654193796974
2019-04-09,1.2509844296098303,1.0832228499430907
2019-04-10,1.2529664894804824,1.0881282272345154
2019-04-11,1.254826704603588,1.0907727468802222
2019-04-12,1.2630974771365788,1.0999455233664661
2019-04-15,1.266616958378286,1.1010277199460008
2019-04-16,1.2591310911981108,1.1028152878493591
2019-04-17,1.2565193348117365,1.0997684903328995
2019-04-18,1.2529791403891857,1.0995028625456147
2019-04-19,1.2529791403891857,1.0995028625456147
2019-04-22,1.250057213522936,1.0987941872134053
2019-04-23,1.2570820062948116,1.1037142375344768
2019-04-24,1.25925552232847,1.101800408211103
2019-04-25,1.2537936234148714,1.0934299500494402
2019-04-26,1.2602228882949624,1.0988584245376136
2019-04-29,1.2589412482732376,1.1011588244699362
2019-04-30,1.2652605085143116,1.1054629939327256
2019-05-01,1.2571349324088283,1.100677696514602
2019-05-02,1.257547502000968,1.0976172953438403
2019-05-03,1.2581209745100885,1.1006206689067517
2019-05-06,1.259504607803527,1.0958217358724143
2019-05-07,1.2524510918132234,1.0809886047613149
2019-05-08,1.2500242419574144,1.0806028286142024
2019-05-09,1.2470428545597525,1.0701983881659944
2019-05-10,1.2578726671597258,1.0774063773305844
2019-05-13,1.2530544838740845,1.0573842968044704
2019-05-14,1.2539071069404548,1.0676890407539807
2019-05-15,1.2570356635733673,1.0698293236334353
2019-05-16,1.265427232081271,1.0808612001214046
2019-05-17,1.267301153249302,1.0736003371101563
2019-05-20,1.2692010718531663,1.0642930956238912
2019-05-21,1.2741498491296686,1.0741805948333567
2019-05-22,1.276961790164905,1.0716211837041372
2019-05-23,1.2748663309841268,1.0548283378151129
2019-05-24,1.2802975927809763,1.061347171924108
2019-05-27,1.2802244434559031,1.0625188894193762
2019-05-28,1.2700240091416635,1.0575574706798618
2019-05-29,1.2611119964682294,1.043727842373343
2019-05-30,1.2625550906045966,1.0468844559630415
2019-05-31,1.2645942438515125,1.038759467681774
2019-06-03,1.2768683356384187,1.0428853471902297
2019-06-04,1.284007939613949,1.060908749962582
2019-06-05,1.2981629021972465,1.0685707375101003
2019-06-06,1.3060587151671166,1.0715129429434562
2019-06-07,1.3107260102038263,1.0811172573152086
2019-06-10,1.3091928900459318,1.0860967387610299
2019-06-11,1.3066769885829446,1.0908405633022447
2019-06-12,1.3131580802060236,1.0891821890507518
2019-06-13,1.3194052766110724,1.0910128114946258
2019-06-14,1.319119845492752,1.0853889547080542
2019-06-17,1.3135212203947715,1.0827678461729238
2019-06-18,1.3146169108812016,1.0939393245724858
2019-06-19,1.3207122211798348,1.0979684385251942
2019-06-20,1.3324147450073303,1.1104334547954933
2019-06-21,1.325972488827892,1.1072155478503694
2019-06-24,1.3329292006241524,1.1079490788549147
2019-06-25,1.3305734076018285,1.1035366580126211
2019-06-26,1.3162042715246507,1.0993148240610826
2019-06-27,1.320617972012259,1.1046811587497916
2019-06-28,1.325595599784609,1.1134030947367417
2019-07-01,1.32745993506896,1.1210078992479418
2019-07-02,1.3348248593723941,1.1203089925457643
2019-07-03,1.3473209632384608,1.130411243425278
2019-07-04,1.3473352753327372,1.1319658799961616
2019-07-05,1.343817107318759,1.1254258269209503
2019-07-08,1.3408857446410185,1.1188253907713948
2019-07-09,1.3389468478518765,1.114108462432685
2019-07-10,1.3425688849602315,1.115750295032466
2019-07-11,1.3468497544970806,1.120090325331778
2019-07-12,1.346987238157708,1.124213520056919
2019-07-15,1.350357111417034,1.1271298669797385
2019-07-16,1.3450389207574904,1.1251934562658077
2019-07-17,1.3416246898126543,1.117818098401075
2019-07-18,1.3425288685893362,1.117059667883675
2019-07-19,1.3410402759651459,1.1165215996364612
2019-07-22,1.3386954913184645,1.1172061423361823
2019-07-23,1.3381324191360406,1.1244400779228718
2019-07-24,1.3389853276055357,1.1292021825834548
2019-07-25,1.337628921039862,1.123635618823164
2019-07-26,1.3428720936330694,1.1270609505395301
2019-07-29,1.3463619433215916,1.1237633091754724
2019-07-30,1.3344579258788152,1.1150971982259186
2019-07-31,1.329122486678971,1.109135045171993
2019-08-01,1.329116994958786,1.1013246642653542
2019-08-02,1.3311421596950141,1.0876682684516314
2019-08-05,1.3142052769661279,1.063754192729387
2019-08-06,1.323366820387864,1.0690487050341626
2019-08-07,1.3271057994889817,1.071718112834392
2019-08-08,1.3427369787454781,1.090215654306516
2019-08-09,1.3450979606322122,1.0808485318761374
2019-08-12,1.3374586155975279,1.071217271571646
2019-08-13,1.3436691956012135,1.0817598816691396
2019-08-14,1.325028802200689,1.0543790596971092
2019-08-15,1.3297850472107486,1.051510944150319
2019-08-16,1.3405678761803204,1.0645034871945966
2019-08-19,1.350234016290248,1.0776887986048505
2019-08-20,1.341962601396853,1.0690337147571731
2019-08-21,1.3516578641527142,1.0823085588767019
2019-08-22,1.3509368320643256,1.0797101542001668
2019-08-23,1.3418199215284465,1.0636516819036614
2019-08-26,1.3516038604513319,1.0699260540497126
2019-08-27,1.3515005459290979,1.071188373635712
2019-08-28,1.3504613730461736,1.0704340238308345
2019-08-29,1.359180070614753,1.083267292162685
2019-08-30,1.3588946603238679,1.0862115116370343
2019-09-02,1.357962783881594,1.0844395609483732
2019-09-03,1.3597851639473313,1.0775766933259459
2019-09-04,1.3737910436438487,1.0938102804311463
2019-09-05,1.3713846703515482,1.1085344995482664
2019-09-06,1.3677209723891752,1.108947107807129
2019-09-09,1.366289867909934,1.1108173124957221
2019-09-10,1.3599831961627993,1.1122328636474061
2019-09-11,1.3614703512675423,1.119883225122742
2019-09-12,1.3632751122605506,1.1213057815719731
2019-09-13,1.364070773947,1.1318291579953743
2019-09-16,1.3585169626606897,1.125530894178569
2019-09-17,1.367541530240739,1.1249160672323466
2019-09-18,1.373339016265152,1.1261981334005686
2019-09-19,1.3789055096279346,1.129160356822099
2019-09-20,1.3782766315975303,1.1258998806446092
2019-09-23,1.3752693605633686,1.1180976585599451
2019-09-24,1.3787353430773759,1.1160072639101823
2019-09-25,1.3752048158047288,1.1136583265938418
2019-09-26,1.3749485236330845,1.1144126349079362
2019-09-27,1.369669363815186,1.1135807835717608
2019-09-30,1.369492798877233,1.115287299597735
2019-10-01,1.3622014955218127,1.1023475628865838
2019-10-02,1.3446545624041295,1.0793246472741311
2019-10-03,1.3485878312075643,1.0825165654214648
2019-10-04,1.3647246168889635,1.0956563664931602
2019-10-07,1.3653309861645944,1.0968793949371545
2019-10-08,1.3544775340718374,1.081154060026017
2019-10-09,1.3545356198093743,1.0870315799479648
2019-10-10,1.3589961928944667,1.0964302933061887
2019-10-11,1.3717743091251433,1.1200547952696749
2019-10-14,1.3694138916537282,1.1160667353610723
2019-10-15,1.3704948747171077,1.1274191621145064
2019-10-16,1.368682940834894,1.127013515689161
2019-10-17,1.375917261428346,1.1349564662823968
2019-10-18,1.3789511477924528,1.135423525523246
2019-10-21,1.384404139555685,1.1458698352573367
2019-10-22,1.3856535933307648,1.142092904797318
2019-10-23,1.3827401515541227,1.1424664732439487
2019-10-24,1.3867751710119316,1.1481207240321265
2019-10-25,1.3799876673654392,1.1491717169644196
2019-10-28,1.3782754632411216,1.153458553341706
2019-10-29,1.38027778145756,1.1539861873921196
2019-10-30,1.384216473381479,1.155582093718428
2019-10-31,1.3871546069151686,1.152972949653004
2019-11-01,1.3861389355241478,1.1633780307363262
2019-11-04,1.3847963014972586,1.1727459837873633
2019-11-05,1.377782832229293,1.171351668482215
2019-11-06,1.3806438386446191,1.1705413723606164
2019-11-07,1.3788843408673404,1.1753691325919686
2019-11-08,1.380323514775165,1.17296544862853
2019-11-11,1.3815125540339124,1.1730121381508622
2019-11-12,1.385246567895924,1.1737582042050791
2019-11-13,1.3929237071957499,1.171355846293149
2019-11-14,1.395037643301015,1.1710270446084616
2019-11-15,1.4028596905606174,1.1814472352734575
2019-11-18,1.4087772423866018,1.1824268484084084
2019-11-19,1.4095486536247759,1.1834597722427829
2019-11-20,1.4071010216273605,1.1784514250705096
2019-11-21,1.4038844320179968,1.174918605371778
2019-11-22,1.4047295013071952,1.1771617633305613
2019-11-25,1.4051270076596472,1.1855209083059381
2019-11-26,1.4089087953342336,1.1902099875263432
2019-11-27,1.4103084102385677,1.1933740227360368
2019-11-28,1.4110605571221067,1.1928896865865655
2019-11-29,1.4065146760374316,1.1855530388152151
2019-12-02,1.4008091298262042,1.174816255606815
2019-12-03,1.4015361992981292,1.1697851967508806
2019-12-04,1.4120647939572502,1.1829594326798272
2019-12-05,1.415836580837692,1.1857588432064774
2019-12-06,1.422220455773952,1.1966969898823356
2019-12-09,1.4177204042714775,1.1936191969029875
2019-12-10,1.415300389853637,1.1915999445731547
2019-12-11,1.4156948700402898,1.193719640333304
2019-12-12,1.4168314472446533,1.205448417739174
2019-12-13,1.4258730919011173,1.215470706064834
2019-12-16,1.4360883696779734,1.2270156604656253
2019-12-17,1.4344627844803786,1.2241074290697798
2019-12-18,1.4332938088438263,1.2201631389471592
2019-12-19,1.4373935671296332,1.2238613270954992
2019-12-20,1.4446617975480014,1.229611108093153
2019-12-23,1.4416015504549022,1.2300219269439745
2019-12-24,1.4457223505005927,1.2317898735159023
2019-12-25,1.4457223505005927,1.2317898735159023
2019-12-26,1.448302017380481,1.2332398665350852
2019-12-27,1.4577613004482755,1.239988895542513
2019-12-30,1.4569706693584001,1.2356845427635381
2019-12-31,1.4629763803344444,1.2387814858097752
2020-01-01,1.462976380334445,1.2387814858097848
2020-01-02,1.4584287715956237,1.246204100292641
2020-01-03,1.4608069836961086,1.2368852930215035
2020-01-06,1.4630137446808897,1.2364205441032592
2020-01-07,1.4630479967555476,1.237000378595033
2020-01-08,1.461227207431413,1.2369649942148273
2020-01-09,1.4651863073559852,1.24187697913681
2020-01-10,1.4680168667051743,1.239447576892566
2020-01-13,1.4768118971697988,1.244860566272176
2020-01-14,1.4821417944481423,1.2469476918572828
2020-01-15,1.4881023420371875,1.248984866383447
2020-01-16,1.4991400497667124,1.258146350736521
2020-01-17,1.5039285444521215,1.2619481491283397
2020-01-20,1.5036435303748028,1.260966697404392
2020-01-21,1.51059876642631,1.258952375000868
2020-01-22,1.51290635159899,1.2574606074858785
2020-01-23,1.5172724584490906,1.2532820890998912
2020-01-24,1.520594738673659,1.2511506325166575
2020-01-27,1.508806770139384,1.2269031494615954
2020-01-28,1.5116630225645298,1.2359916675045162
2020-01-29,1.5130168074562422,1.2374193167595888
2020-01-30,1.518904005125324,1.2342295045038385
2020-01-31,1.5144388682264855,1.2199278147705983
2020-02-03,1.5145889693406906,1.227647883513761
2020-02-04,1.5136247514351109,1.2454759517858054
2020-02-05,1.5263256443660305,1.2595886104248828
2020-02-06,1.5312810215443502,1.2600837981540918
2020-02-07,1.5248296823993437,1.2516422075927391
2020-02-10,1.5303088412287105,1.2545638474476166
2020-02-11,1.5301930618563397,1.263253987488056
2020-02-12,1.5317464042016806,1.272435624957916
2020-02-13,1.5394351329943796,1.2701462682232694
2020-02-14,1.546391623389302,1.2716460694969427
2020-02-17,1.5483488158411711,1.2722442037870636
2020-02-18,1.5513077621193772,1.2667509470255596
2020-02-19,1.546958878902632,1.2741148777293296
2020-02-20,1.5470135996144012,1.26887283119731
2020-02-21,1.5489373514726268,1.2607740131977663
2020-02-24,1.5249797917822145,1.2177489457944386
2020-02-25,1.4975701036083113,1.1886164418900107
2020-02-26,1.4951352267726643,1.1852132491330831
2020-02-27,1.4393269403661482,1.1450608089422134
2020-02-28,1.3967975551043388,1.118850218649091
2020-03-02,1.4493042273075296,1.146053191841345
2020-03-03,1.4564754415820194,1.1443606495248957
2020-03-04,1.4971522994934445,1.1702722790387574
2020-03-05,1.4777058508695602,1.143984651080056
2020-03-06,1.4634524790373435,1.12086055910309
2020-03-09,1.3814362977298884,1.0404748091344413
2020-03-10,1.3868785311597125,1.051945578606244
2020-03-11,1.3339269591366871,1.014872048902083
2020-03-12,1.2079237345707388,0.8999996631309081
2020-03-13,1.22707194414479,0.9359151138692736
2020-03-16,1.1275575018000803,0.8528530576657255
2020-03-17,1.1693320164067893,0.8739352171396846
2020-03-18,1.110024960084437,0.827158325450988
2020-03-19,1.1059961741289215,0.8325408590116683
2020-03-20,1.0687859872362002,0.8229819341900101
2020-03-23,1.0256442548718347,0.7940682790252102
2020-03-24,1.119149598963697,0.8687782800185083
2020-03-25,1.1543433205467208,0.8927119733109921
2020-03-26,1.2200654169462235,0.937747174036284
2020-03-27,1.2034182549488455,0.9089477981213302
2020-03-30,1.2312976641702487,0.9276550306159619
2020-03-31,1.2244214822036676,0.9256391976418417
2020-04-01,1.2130263993891888,0.8878312274633592
2020-04-02,1.2126649688648345,0.8953849781812655
2020-04-03,1.2053151855072735,0.8770297067313344
2020-04-06,1.2327650204034977,0.9301589723565015
2020-04-07,1.2363982211038567,0.9545403386082487
2020-04-08,1.2452018800062714,0.9742344218740272
2020-04-09,1.268661115783397,0.9961372748039304
2020-04-10,1.268661115783397,0.9961372748039304
2020-04-13,1.2687034617507396,0.9856824215800908
2020-04-14,1.2980412286440017,1.0039106029373233
2020-04-15,1.2762731652864883,0.9632411750618363
2020-04-16,1.29086083496177,0.961863988432517
2020-04-17,1.3032752571439477,0.9945700796138485
2020-04-20,1.3008950563774908,0.985305999761715
2020-04-21,1.2834507202998386,0.9539464396465278
2020-04-22,1.3036399348983028,0.9718261572224665
2020-04-23,1.2992752222170267,0.9774690917361264
2020-04-24,1.3019903655222382,0.9790121810398967
2020-04-27,1.3150875423161208,1.003704884991311
2020-04-28,1.3186356458939652,1.0198557060913902
2020-04-29,1.3176209968061607,1.0494734008116489
2020-04-30,1.3037910567578948,1.030720861859101
2020-05-01,1.3029368860040211,1.011424651519208
2020-05-04,1.3036083109779557,0.9974124125605965
2020-05-05,1.3098700995390227,1.0071676437938857
2020-05-06,1.2970883329335978,0.997195318195266
2020-05-07,1.3098186382974935,1.0121619449317412
2020-05-08,1.3314336057129939,1.0328952067268287
2020-05-11,1.326521290655128,1.0237211451718375
2020-05-12,1.3216966537434265,1.01432538716279
2020-05-13,1.3165862889754016,0.9911746978483555
2020-05-14,1.2980374364005034,0.9808953881054914
2020-05-15,1.3055847352080003,0.9872457299000148
2020-05-18,1.3234138403964077,1.0348258084819155
2020-05-19,1.3240319726082124,1.032057412754691
2020-05-20,1.3304295953357217,1.0464114546930339
2020-05-21,1.324102020655312,1.042249022155399
2020-05-22,1.3170001289516353,1.0393971017939316
2020-05-25,1.3249657356481952,1.0483563818373791
2020-05-26,1.328984942651152,1.0788387404619155
2020-05-27,1.333037002551444,1.094294154508485
2020-05-28,1.3482457835849342,1.0998556283374918
2020-05-29,1.3650956403549324,1.0989335427726725
2020-06-01,1.3691172676349603,1.1096311110746815
2020-06-02,1.3850653949509586,1.1320496871970656
2020-06-03,1.3823687004862077,1.1616351455917837
2020-06-04,1.381994877779175,1.1641481835229623
2020-06-05,1.3815223993517525,1.201073352366004
2020-06-08,1.3848496350676782,1.2111448703465384
2020-06-09,1.384297131461719,1.1877768410707166
2020-06-10,1.392418219266957,1.176574787325028
2020-06-11,1.3610709826705751,1.1108895664237453
2020-06-12,1.3524425374858986,1.1207928394999418
2020-06-15,1.3514856691845707,1.1239488906106236
2020-06-16,1.369300816211874,1.1543285873810512
2020-06-17,1.3719267443007208,1.1476534383539698
2020-06-18,1.3694285018999441,1.143998241874116
2020-06-19,1.3726323517964907,1.1388449666281184
2020-06-22,1.3712664817736293,1.1364567478268657
2020-06-23,1.374605157226311,1.1502528048228973
2020-06-24,1.3598441089375266,1.1138258773583445
2020-06-25,1.35477291383463,1.1185630832911544
2020-06-26,1.3500343165377113,1.1055060980600235
2020-06-29,1.3672923503004162,1.1225027136085257
2020-06-30,1.3685297729799868,1.126078814181727
2020-07-01,1.370981895221007,1.1284652399306467
2020-07-02,1.381840768006161,1.1475848166649756
2020-07-03,1.3759397480169098,1.1406180561632235
2020-07-06,1.388875708008385,1.1620597634989973
2020-07-07,1.385451368364526,1.148745267980686
2020-07-08,1.3853353711462293,1.1468285935104574
2020-07-09,1.392415905126713,1.1373258393018688
2020-07-10,1.3995993134606048,1.1471334645728402
2020-07-13,1.402340368264864,1.1544551223978845
2020-07-14,1.4162596004576289,1.1610676402526394
2020-07-15,1.4187835201144925,1.1865696222803834
2020-07-16,1.4183964394131123,1.181775872599727
2020-07-17,1.4206561875108996,1.185162398995867
2020-07-20,1.4256268360696047,1.1903761543377835
2020-07-21,1.4253439558500378,1.19878199165059
2020-07-22,1.4317127853184777,1.2067347007614773
2020-07-23,1.4305740641830051,1.2037387002934494
2020-07-24,1.4264157948375729,1.1926600005427042
2020-07-27,1.4343333462922783,1.2007551781333323
2020-07-28,1.4396321993061754,1.1966243566471209
2020-07-29,1.447384476118415,1.206894363008644
2020-07-30,1.4345647842280493,1.189005411125833
2020-07-31,1.4439588894439048,1.19068759551975
2020-08-03,1.4358509787160574,1.198755119819201
2020-08-04,1.4483659568686913,1.2039319352637636
2020-08-05,1.4528021676173313,1.2209173545563274
2020-08-06,1.4454901334469468,1.2169991564519622
2020-08-07,1.4501092734641376,1.2217768513608596
2020-08-10,1.4429523657515986,1.228136112194199
2020-08-11,1.4378600551999001,1.2415625375145956
2020-08-12,1.4464808728340386,1.2497485865735412
2020-08-13,1.453062004243701,1.248288708742345
2020-08-14,1.456790257521427,1.2401404101578115
2020-08-17,1.4749381839734423,1.24427587322803
2020-08-18,1.4754177744141908,1.2414025087713236
2020-08-19,1.4759100835817154,1.243261079574454
2020-08-20,1.4745301105874709,1.2287279477859225
2020-08-21,1.4715971877798522,1.224724534702612
2020-08-24,1.480495688290869,1.2461852193371141
2020-08-25,1.474257184055077,1.2425519313082185
2020-08-26,1.4845578997073676,1.2473727290081515
2020-08-27,1.481434832692724,1.2475945274925246
2020-08-28,1.4804820672895307,1.257648069695896
2020-08-31,1.4833543984179165,1.2513150244830569
2020-09-01,1.4851601465336426,1.253064576344729
2020-09-02,1.498243982836966,1.2637761510460461
2020-09-03,1.4716130932274274,1.2378683634046332
2020-09-04,1.4511960190211641,1.2320921955012663
2020-09-07,1.461347819508987,1.241240509556634
2020-09-08,1.446966823751709,1.2178606245476882
2020-09-09,1.4703824854098095,1.2332995395964552
2020-09-10,1.4721968808399142,1.2284019506027593
2020-09-11,1.468553561444428,1.229038478238063
2020-09-14,1.4724108208044158,1.2409023383451208
2020-09-15,1.477419870215474,1.2472304617064613
2020-09-16,1.4752786155636837,1.2530557891383343
2020-09-17,1.4704547372463896,1.2435755776434578
2020-09-18,1.4719666050318423,1.2352786640504674
2020-09-21,1.4579494028781954,1.1952062794067195
2020-09-22,1.4609296974507981,1.1966662571086364
2020-09-23,1.446479051702532,1.1830287649401026
2020-09-24,1.4442307755423547,1.1760663350174714
2020-09-25,1.4460491614301305,1.181806053527433
2020-09-28,1.4596161518536408,1.210113143350304
2020-09-29,1.4598520561239992,1.2046663114796248
2020-09-30,1.4623930277112684,1.209137025386702
2020-10-01,1.4696986663010152,1.2180761639513076
2020-10-02,1.4680267144936838,1.2196803615087748
2020-10-05,1.4809882837914858,1.2409173251478143
2020-10-06,1.4782984146972151,1.2419769516380808
2020-10-07,1.4760089164848704,1.2485475171123854
2020-10-08,1.474950858839676,1.2631612002092525
2020-10-09,1.4862365953758854,1.2687105023169494
2020-10-12,1.496687155221329,1.2778859935412952
2020-10-13,1.4962811302518593,1.2652428031324217
2020-10-14,1.4857964908603836,1.2625173161746275
2020-10-15,1.4738675503458991,1.248464280442796
2020-10-16,1.4711602871337808,1.2559452822795074
2020-10-19,1.4659722865530838,1.251601790002802
2020-10-20,1.463922573200635,1.256149218709089
2020-10-21,1.4540213057165807,1.2474440531914703
2020-10-22,1.448532374273088,1.2520848946092087
2020-10-23,1.453518833291983,1.262190130334442
2020-10-26,1.4399945026972116,1.2332952832153738
2020-10-27,1.4387244872683806,1.2181281647428563
2020-10-28,1.3945024973724303,1.175179988965063
2020-10-29,1.4018669679826299,1.1783048247864867
2020-10-30,1.401956296342513,1.1794164917523495
2020-11-02,1.4159829635779757,1.1981687157953755
2020-11-03,1.4338819132629488,1.227865809893308
2020-11-04,1.450387418001043,1.2420417592970088
2020-11-05,1.4676588062003522,1.2693371577740036
2020-11-06,1.472085143903226,1.2674711308105147
2020-11-09,1.4577163088588139,1.3264865742272591
2020-11-10,1.4619325706385047,1.3370118572006355
2020-11-11,1.4703984950494344,1.340265303629133
2020-11-12,1.4710632620725483,1.326993677404672
2020-11-13,1.4790486443520579,1.3437155592783012
2020-11-16,1.4831034703894244,1.3716517058122557
2020-11-17,1.481099536552693,1.3734821988409132
2020-11-18,1.4781894626292076,1.3698925266666429
2020-11-19,1.4744403969384392,1.3639675819040054
2020-11-20,1.4760644649966093,1.366057711359078
2020-11-23,1.470898694967146,1.3807197217753127
2020-11-24,1.45436441733203,1.3998129903662893
2020-11-25,1.45606327479443,1.3970336747346606
2020-11-26,1.4567469012877605,1.3948264323099147
2020-11-27,1.4616544173940687,1.3988736889199378
2020-11-30,1.4641497470536216,1.387502403200048
2020-12-01,1.4631257083149578,1.4023740466731354
2020-12-02,1.467558894644618,1.407489334410634
2020-12-03,1.4730963549260885,1.4175475296392246
2020-12-04,1.4732863491561399,1.4338237412421615
2020-12-07,1.471853423764059,1.423931967104104
2020-12-08,1.4805056198934416,1.4261949279351684
2020-12-09,1.482057698966677,1.4285171279994775
2020-12-10,1.4836158955282113,1.4228509020913627
2020-12-11,1.4856439408937272,1.4115846997047714
2020-12-14,1.4874194081940906,1.4175465743491664
2020-12-15,1.4859303913986885,1.4299227604003142
2020-12-16,1.4989520212108183,1.4391902991683119
2020-12-17,1.5081493724009596,1.4507791521253666
2020-12-18,1.5105541415072603,1.4447631676515362
2020-12-21,1.4897077369224356,1.4173086960167884
2020-12-22,1.496330892181472,1.430540197223545
2020-12-23,1.497357826732107,1.4398328641504015
2020-12-24,1.5018487228823634,1.4468160968460066
2020-12-25,1.5018487228823634,1.4468160968460066
2020-12-28,1.5102380321873285,1.454637438878512
2020-12-29,1.5183597546756842,1.4580686960388871
2020-12-30,1.5167894949307792,1.4614759031376603
2020-12-31,1.5194862144878454,1.4626941045037523
2021-01-01,1.5194862144878452,1.4626941045037276
2021-01-04,1.5308381026217364,1.458380701141921
2021-01-05,1.5214980763711867,1.4624637417847983
2021-01-06,1.5272366881942647,1.492834186493589
2021-01-07,1.5224506691857518,1.5035325249146023
2021-01-08,1.5243296526435879,1.5063312553176098
2021-01-11,1.5083611916932644,1.4916531109085147
2021-01-12,1.5102448863527835,1.4988175602843883
2021-01-13,1.514165775668922,1.497940659644292
2021-01-14,1.5155902989901884,1.502805336086035
2021-01-15,1.516416361518332,1.4891881235216835
2021-01-18,1.5127168215036657,1.488127234838795
2021-01-19,1.5105264320401457,1.4940849565237702
2021-01-20,1.5117004787029205,1.5030544183233612
2021-01-21,1.5113782154648248,1.5021723116022723
2021-01-22,1.511392859866828,1.4925635503242844
2021-01-25,1.5197694619421873,1.481080944035712
2021-01-26,1.5274474669436415,1.4808683644141243
2021-01-27,1.524780358381308,1.4536570115175238
2021-01-28,1.5023187899132382,1.4625388737114544
2021-01-29,1.4908407737024822,1.443816402240755
2021-02-01,1.4948732051846334,1.460243769576125
2021-02-02,1.50501908069231,1.4776725993574253
2021-02-03,1.500297773241564,1.4799686362240732
2021-02-04,1.4948728764497066,1.492578382147385
2021-02-05,1.497747805157196,1.4986261435594852
2021-02-08,1.4966896857678929,1.5126959166187308
2021-02-09,1.5054720272998714,1.516543937043572
2021-02-10,1.5076657931157254,1.5185302320558514
2021-02-11,1.5081279640730558,1.5249547353101696
2021-02-12,1.5136647185722174,1.5284340656279636
2021-02-15,1.5205144743457217,1.54289560669523
2021-02-16,1.5153408705698017,1.5440698505545707
2021-02-17,1.5089813237089869,1.5320749718920477
2021-02-18,1.5006629935877573,1.5223695124306185
2021-02-19,1.4973920711138098,1.5375586773029286
2021-02-22,1.493630259249806,1.5344382746856169
2021-02-23,1.4869857584043729,1.534696862764234
2021-02-24,1.4763995255295015,1.5514418380539738
2021-02-25,1.4713327557090878,1.5399648335467724
2021-02-26,1.4460488938809284,1.5135352874534804
2021-03-01,1.45016855699423,1.5399669946107708
2021-03-02,1.4493998355109479,1.5356301944749309
2021-03-03,1.4408020472738383,1.5349914438721624
2021-03-04,1.440389972199938,1.519642985402626
2021-03-05,1.4420192156754787,1.522682293734915
2021-03-08,1.4466598006137397,1.5375823070674524
2021-03-09,1.4529280937623101,1.5482596768485786
2021-03-10,1.4698697329609205,1.5575817680504405
2021-03-11,1.472280068162014,1.5739179383308788
2021-03-12,1.4723252566615546,1.575528633533902
2021-03-15,1.482505180849766,1.5826128043034602
2021-03-16,1.4920242248744127,1.583259060970664
2021-03-17,1.4880411583638,1.5814846539826235
2021-03-18,1.4825319504847834,1.5778924995750052
2021-03-19,1.4944925178774058,1.5696731680612552
2021-03-22,1.5033838288556471,1.572360541161367
2021-03-23,1.5015068785113352,1.5554072361470657
2021-03-24,1.4893151564509297,1.5524841264554758
2021-03-25,1.4954880083170579,1.557342666967427
2021-03-26,1.503609422510391,1.5788898867061336
2021-03-29,1.5162343839933132,1.5747924612702733
2021-03-30,1.5086952995267375,1.5796228863558581
2021-03-31,1.4945685193333784,1.575888546698706
2021-04-01,1.5041665977891487,1.5935574658780567
2021-04-02,1.5041665977891487,1.5935574658780567
2021-04-05,1.5111348963324152,1.6006870783661082
2021-04-06,1.5205430638631907,1.6135232995621194
2021-04-07,1.5314876639035313,1.6164911478397925
2021-04-08,1.5349460507255734,1.6203263270363715
2021-04-09,1.5385164304964032,1.6254788202539472
2021-04-12,1.5351659917506626,1.6245922759119078
2021-04-13,1.537529748239787,1.6259517246711153
2021-04-14,1.5369313726150275,1.6337424685323299
2021-04-15,1.5436575072906686,1.6437233110081382
2021-04-16,1.557616018050662,1.6562947667980925
2021-04-19,1.5669568313568127,1.6577087895224887
2021-04-20,1.568540157257114,1.6382382773072341
2021-04-21,1.5643119426431107,1.6454761910971434
2021-04-22,1.5624115779773153,1.6509924437747638
2021-04-23,1.5568060043123029,1.6606461602242857
2021-04-26,1.554229005295799,1.6690795535778844
2021-04-27,1.5486906869984423,1.6691979968114905
2021-04-28,1.5419317295515849,1.66849403020525
2021-04-29,1.553698469875051,1.677633803276477
2021-04-30,1.547388089413828,1.6659033441805715
2021-05-03,1.5502866018539492,1.6717412510798062
2021-05-04,1.5495579409243794,1.6575117095494436
2021-05-05,1.5549593395383097,1.6725751009269114
2021-05-06,1.5635588131504023,1.6800356291671315
2021-05-07,1.566245198793157,1.6979745135545334
2021-05-10,1.5831466212477046,1.706678198572939
2021-05-11,1.5653056242389796,1.6800280834273933
2021-05-12,1.557225564058135,1.6598232149670575
2021-05-13,1.5589663723039904,1.6645191382608715
2021-05-14,1.5723148050438207,1.6906402579928819
2021-05-17,1.5813755516868457,1.6901384829605866
2021-05-18,1.5910654288285413,1.6943263099082242
2021-05-19,1.5787187610170086,1.6774872774030618
2021-05-20,1.5834646442621085,1.6918349369880548
2021-05-21,1.5858951584688976,1.698285698507822
2021-05-24,1.5884069454051402,1.705759473574918
2021-05-25,1.588511875772354,1.7082984641131367
2021-05-26,1.593935847916,1.709099648885175
2021-05-27,1.5869001113145815,1.7139375648400572
2021-05-28,1.5873726456857573,1.717159065662465
2021-05-31,1.5914996841483797,1.7182086671244154
2021-06-01,1.5935724723655855,1.731089307967522
2021-06-02,1.5975897308109384,1.7305617886685547
2021-06-03,1.5970752882646875,1.7282047166248675
2021-06-04,1.5987170816809253,1.730083098180774
2021-06-07,1.6071343802713214,1.736473911262172
2021-06-08,1.6094090761508264,1.7392694578821315
2021-06-09,1.6113302853583782,1.7367741914372776
2021-06-10,1.6152483157483764,1.7339521609772752
2021-06-11,1.6132236586140638,1.73991314212148
2021-06-14,1.6107158399731287,1.7390697261796513
2021-06-15,1.6083450810198936,1.736695022587135
2021-06-16,1.6050409047836236,1.7346599527929192
2021-06-17,1.5877640021659964,1.708925271307921
2021-06-18,1.5726252325732362,1.6797218406993668
2021-06-21,1.57919323032069,1.6981781975263819
2021-06-22,1.582794446625846,1.7031834527777767
2021-06-23,1.5778013621191949,1.7019048386304827
2021-06-24,1.5826318763796445,1.7121330565333512
2021-06-25,1.590205308097056,1.721455064097151
2021-06-28,1.5855798991242764,1.7089495197519047
2021-06-29,1.5835527274593033,1.7083289832020088
2021-06-30,1.5819280745886737,1.703084228203157
2021-07-01,1.5847461535509377,1.7157932262618105
2021-07-02,1.5855182116710327,1.7161618080996757
2021-07-05,1.5900451066165187,1.726426854615792
2021-07-06,1.591626201756274,1.7135407411282597
2021-07-07,1.6074740914569636,1.7216766036757887
2021-07-08,1.605020782894711,1.6974331303693462
2021-07-09,1.616516001172231,1.7233018331846024
2021-07-12,1.6232599325420618,1.7298571631293977
2021-07-13,1.6201469633665782,1.722319213363783
2021-07-14,1.6161534632659216,1.7170929569007995
2021-07-15,1.6154191847710242,1.7072053831206482
2021-07-16,1.6210709876077791,1.6986520259151283
2021-07-19,1.6081701899961118,1.6591644510275028
2021-07-20,1.605598371867568,1.678498938010879
2021-07-21,1.611313627349168,1.7020376700044693
2021-07-22,1.625100946973952,1.708471604388514
2021-07-23,1.6312925279607657,1.7229104841756895
2021-07-26,1.6359252497770476,1.7284931458805877
2021-07-27,1.6456787510253443,1.725441720858694
2021-07-28,1.6414835093466067,1.7309460467785867
2021-07-29,1.6515424644941779,1.7474541568068784
2021-07-30,1.6523422467732238,1.742350375721463
2021-08-02,1.6532491418462352,1.7458064454173041
2021-08-03,1.6556230107864005,1.752980404391573
2021-08-04,1.644951025153793,1.7500668237535775
2021-08-05,1.6443335129257655,1.759367927615215
2021-08-06,1.636078133103698,1.7596840182261662
2021-08-09,1.6361599872557444,1.7538533270648824
2021-08-10,1.6302742917397797,1.757427068397571
2021-08-11,1.6390904876610397,1.7661693074601448
2021-08-12,1.6409799314683453,1.7694400229077412
2021-08-13,1.649896729964205,1.7729172726511995
2021-08-16,1.657752271339751,1.7694640879889074
2021-08-17,1.6720290645098863,1.76101087749652
2021-08-18,1.662702312361833,1.7523322206081144
2021-08-19,1.659076191172427,1.7340313200629882
2021-08-20,1.6614033565308557,1.7400666721903466
2021-08-23,1.664242045460706,1.7553751275746805
2021-08-24,1.6560045328283126,1.7635010392703692
2021-08-25,1.6552170428458812,1.7679961265359845
2021-08-26,1.650040321404191,1.7621836467747156
2021-08-27,1.6612900473094483,1.774351152825025
2021-08-30,1.6695573494711673,1.7796723981271367
2021-08-31,1.6669578064323427,1.7799505869368295
2021-09-01,1.669287439133685,1.7842967200435842
2021-09-02,1.683208837904991,1.7958192598014195
2021-09-03,1.6784795940824506,1.7908234460958672
2021-09-06,1.6747697864526572,1.795492547028494
2021-09-07,1.6633276336949385,1.7837505317888287
2021-09-08,1.652387777059042,1.7705858425491336
2021-09-09,1.6506451412833802,1.7694383636248927
2021-09-10,1.6363949116956673,1.76093920680607
2021-09-13,1.6386072527799864,1.7616933179753167
2021-09-14,1.6391855733064034,1.7576081792710796
2021-09-15,1.6331091344355946,1.757311770727777
2021-09-16,1.6312231495796914,1.7564408017667557
2021-09-17,1.625511628658956,1.7441874717715413
2021-09-20,1.6042067108091451,1.7087675541939427
2021-09-21,1.6125894721586098,1.7173746918397206
2021-09-22,1.6138264633670887,1.7357093296412391
2021-09-23,1.623010670967412,1.7541212904273866
2021-09-24,1.6167851181443023,1.7469046136844935
2021-09-27,1.6058764520987958,1.7461517778445075
2021-09-28,1.580543933035866,1.7120774819732771
2021-09-29,1.5853205666304049,1.7139444449243757
2021-09-30,1.5722573450222241,1.6968327537257968
2021-10-01,1.5735415208002201,1.706817722236853
2021-10-04,1.5772892370593914,1.7002806903169108
2021-10-05,1.5759532387446606,1.7127820415142174
2021-10-06,1.571139707834647,1.6995328495480493
2021-10-07,1.5848863021625752,1.7201532537157351
2021-10-08,1.5786703427358466,1.7176993795585531
2021-10-11,1.5834404867066632,1.7148501159418454
2021-10-12,1.5835743353323093,1.7171324604167497
2021-10-13,1.5842386979362744,1.7257527215621336
2021-10-14,1.5994222177443433,1.7535222449267411
2021-10-15,1.6031527699414148,1.7627158698433179
2021-10-18,1.605030495278835,1.7601080346493372
2021-10-19,1.6124265177062724,1.7735733590618252
2021-10-20,1.6103792659515836,1.778357474148653
2021-10-21,1.6169571758704195,1.7807887531928932
2021-10-22,1.6225517010175843,1.78733482935208
2021-10-25,1.6226499317418883,1.7868218144539443
2021-10-26,1.626833131994562,1.7930518615411686
2021-10-27,1.6239208514731125,1.7798896365355794
2021-10-28,1.626221439415332,1.7897332455114865
2021-10-29,1.626273923981807,1.7903483410047425
2021-11-01,1.6239562851951947,1.7984581334641363
2021-11-02,1.6249741665615618,1.8025845908450862
2021-11-03,1.6443299564137568,1.8085433506095994
2021-11-04,1.6573006202417204,1.813989161662448
2021-11-05,1.6416112846937159,1.817397298849102
2021-11-08,1.6484381169106617,1.8239603906160093
2021-11-09,1.6502142832393198,1.821807296380146
2021-11-10,1.654118067728192,1.8159522360489035
2021-11-11,1.647440199683088,1.8122164459945491
2021-11-12,1.6560258638938141,1.817484695378047
2021-11-15,1.6624219449052782,1.8224251154674451
2021-11-16,1.6506805393395034,1.8189071761185314
2021-11-17,1.6439936593249278,1.8093046178742358
2021-11-18,1.6395793281553588,1.8051040320125225
2021-11-19,1.6356061286386945,1.7899287215946869
2021-11-22,1.6397798483377963,1.790554719682419
2021-11-23,1.6226970470217048,1.7795080932821876
2021-11-24,1.6178930555051583,1.7774277786737434
2021-11-25,1.6193208369601564,1.7832894235802144
2021-11-26,1.6205347751580237,1.733699168980215
2021-11-29,1.6079178371521985,1.7456056636015287
2021-11-30,1.5999581187188412,1.723329148186043
2021-12-01,1.5870816415787452,1.7254119918325728
2021-12-02,1.6006151643837345,1.7356117047186381
2021-12-03,1.5968011265199284,1.7226097748633498
2021-12-06,1.610510968741628,1.7434511395433714
2021-12-07,1.615741321301903,1.7745778557385024
2021-12-08,1.6136508046146776,1.7749509374100056
2021-12-09,1.6147548826291143,1.7680283206719711
2021-12-10,1.6212467161995225,1.7674979739575123
2021-12-13,1.6230454316687812,1.7570891710899044
2021-12-14,1.6205742535694223,1.7461451223828224
2021-12-15,1.6238736536268856,1.7539244150608504
2021-12-16,1.649417542303594,1.7659490630646684
2021-12-17,1.6462683174279418,1.7536748353806948
2021-12-20,1.6373795518955028,1.7282668235530172
2021-12-21,1.6395918829082352,1.7579410166536524
2021-12-22,1.6497539492650906,1.7752987056108498
2021-12-23,1.655191528229601,1.79168708633208
2021-12-24,1.6569500595487876,1.7919171782223215
2021-12-27,1.668497733714586,1.80851280886948
2021-12-28,1.6816870703404871,1.8168762784358559
2021-12-29,1.680924482190877,1.819527287599944
2021-12-30,1.686933055103044,1.8208727420949662
2021-12-31,1.68941614078947,1.8196893274531922
2022-01-03,1.6929150353698843,1.8279727794130523
2022-01-04,1.6873672879746562,1.837801235984319
2022-01-05,1.6897811162870306,1.8301178305742822
2022-01-06,1.6770911775671626,1.8211313127000097
2022-01-07,1.6732725126969374,1.8145882313545538
2022-01-10,1.6580442687212107,1.7995380386329458
2022-01-11,1.6608138531367862,1.8154390188696108
2022-01-12,1.662964648055325,1.8263505524671273
2022-01-13,1.6700664461308328,1.8304072749452975
2022-01-14,1.6651657358600231,1.8188874083705515
2022-01-17,1.6652887554521443,1.8201726765977413
2022-01-18,1.645979202265972,1.7932185424290212
2022-01-19,1.6487933397653032,1.7855255803511842
2022-01-20,1.6392112726535548,1.777956783659981
2022-01-21,1.622404892494599,1.7474094197421108
2022-01-24,1.5999896116662207,1.7130864515289426
2022-01-25,1.5924255581657691,1.7080752826268488
2022-01-26,1.5836038611086956,1.720751565795887
2022-01-27,1.575999002573619,1.7092315431996832
2022-01-28,1.5886831736045486,1.7120640648364118
2022-01-31,1.6025057705409353,1.7339852074423978
2022-02-01,1.6174754789765102,1.7595213964621932
2022-02-02,1.6254894395501902,1.7769728987025326
2022-02-03,1.6045997737817779,1.7506277135338222
2022-02-04,1.5849197031360849,1.7484308181105572
2022-02-07,1.5862469716424727,1.751701174546716
2022-02-08,1.5798557887437032,1.7575050106404406
2022-02-09,1.5971985436573357,1.7900948956363414
2022-02-10,1.5961814365985982,1.776892943521086
2022-02-11,1.601076997522645,1.7594233394334367
2022-02-14,1.5808593945408513,1.7263429356009674
2022-02-15,1.5942183739293974,1.7564264210838372
2022-02-16,1.587491831813541,1.7612845727044113
2022-02-17,1.594466235478425,1.7397631557532036
2022-02-18,1.6038848957662881,1.7279135141582678
2022-02-21,1.5957341785219588,1.7114744957988908
2022-02-22,1.5881191867710582,1.7026959393765677
2022-02-23,1.5829310228854125,1.6865124357996228
2022-02-24,1.5523433379826241,1.6480303003913703
2022-02-25,1.5914558192164383,1.7038950524736478
2022-02-28,1.6024982262367724,1.7017644902244502
2022-03-01,1.593729751754821,1.6622063461575753
2022-03-02,1.599984525429508,1.6807937950023402
2022-03-03,1.6044500911425443,1.6594092157514189
2022-03-04,1.5857077339385703,1.6123322624159322
2022-03-07,1.5563314287461265,1.5773737829392347
2022-03-08,1.5249780894871894,1.570427085241174
2022-03-09,1.5478220002600103,1.6324391906552282
2022-03-10,1.5545941609506937,1.627673362065418
2022-03-11,1.539903593808369,1.624690362907506
2022-03-14,1.544348655779156,1.6312823976973378
2022-03-15,1.5503483997667695,1.6408776399069935
2022-03-16,1.5686406924744924,1.6831530683059848
2022-03-17,1.5857303238511198,1.7022666879896782
2022-03-18,1.5890523675959498,1.7116512621883906
2022-03-21,1.5958835009179462,1.7163296407155368
2022-03-22,1.6002137976934383,1.7285003976924538
2022-03-23,1.5892389068954136,1.7060945298477184
2022-03-24,1.5934567616872233,1.7128517343894287
2022-03-25,1.6069182587309263,1.7231630792300656
2022-03-28,1.6063725713481591,1.7240940539638596
2022-03-29,1.621277527771891,1.7612535131128029
2022-03-30,1.6307060576491499,1.756232572621192
2022-03-31,1.6264860695650194,1.734763406809859
2022-04-01,1.6360962768453051,1.7397480036471422
2022-04-04,1.6424879385279878,1.742104856354738
2022-04-05,1.6499956715259307,1.7316092494157762
2022-04-06,1.6465107661290674,1.7082279293923688
2022-04-07,1.6535290859134173,1.7088077393766838
2022-04-08,1.6614410546182437,1.7168528689349642
2022-04-11,1.6678668718204612,1.7061423750866003
2022-04-12,1.6524666938815746,1.6995482786177873
2022-04-13,1.6464500851507398,1.7065921289493167
2022-04-14,1.6527059453402257,1.7119010491921225
2022-04-15,1.6527059453402257,1.7119010491921225
2022-04-18,1.649166689185055,1.7101258361880156
2022-04-19,1.641668083498135,1.7147792313714527
2022-04-20,1.6453101173099827,1.7319980139955333
2022-04-21,1.6394356196201278,1.7300344730103023
2022-04-22,1.606841017013325,1.6851146199453981
2022-04-25,1.5956699366426166,1.6652057907167335
2022-04-26,1.5687332453517113,1.632614783604931
2022-04-27,1.565289558809246,1.6291204755034476
2022-04-28,1.5650717660614912,1.6411495040509227
2022-04-29,1.5515858210740527,1.6280855396417127
2022-05-02,1.5479216402094178,1.6161137591440145
2022-05-03,1.5607770691431355,1.6295566555782064
2022-05-04,1.559494139298639,1.639712391337724
2022-05-05,1.5471938236044613,1.6100955142781785
2022-05-06,1.5339326174638515,1.5869064957093724
2022-05-09,1.506890552108973,1.5397620593797205
2022-05-10,1.5068941342359472,1.5418275812256308
2022-05-11,1.506812786184064,1.5483842402732266
2022-05-12,1.4985990001911682,1.5335297892501663
2022-05-13,1.5109208838975445,1.5662180679865638
2022-05-16,1.5142754153849536,1.5690427433965055
2022-05-17,1.5216089273568285,1.6059006006449088
2022-05-18,1.4857388258733533,1.5676456373228014
2022-05-19,1.4756257720846357,1.5585977555587063
2022-05-20,1.490099877456828,1.5696791230900564
2022-05-23,1.5055977708300867,1.5991734112241025
2022-05-24,1.509530706611704,1.588063431357023
2022-05-25,1.5139425796843695,1.5969000169604959
2022-05-26,1.5244182744861432,1.6235858413857123
2022-05-27,1.543897823772064,1.654154023250514
2022-05-30,1.5476019942483272,1.6651805832839408
2022-05-31,1.5278568781648025,1.6448632865695232
2022-06-01,1.5166717254719213,1.6301541687552967
2022-06-02,1.5177892473431966,1.6473066106185186
2022-06-03,1.514382266961676,1.639694914518431
2022-06-06,1.5190037378932308,1.6499688423510561
2022-06-07,1.5094913733764854,1.6488680937984261
2022-06-08,1.5055168413224058,1.6390085770929315
2022-06-09,1.487725052463911,1.609934656567672
2022-06-10,1.4686391930469627,1.5554669296373904
2022-06-13,1.4326547134824408,1.4924578467785008
2022-06-14,1.4130286037432747,1.4784152891120068
2022-06-15,1.4182095319380161,1.4960992116182505
2022-06-16,1.395882055703556,1.448230591011696
2022-06-17,1.4059463334882185,1.4612756707092585
2022-06-20,1.407523866984,1.4710240608436898
2022-06-21,1.4229332927863425,1.4863860479937085
2022-06-22,1.4307172977527063,1.4756976328982492
2022-06-23,1.4397076788700371,1.468155043637524
2022-06-24,1.4667721038224726,1.5081124746574577
2022-06-27,1.477526024786388,1.518466180601065
2022-06-28,1.4754189067935914,1.5119363822344178
2022-06-29,1.4766640288557416,1.4949797646797225
2022-06-30,1.4627204500138808,1.4690505705873373
2022-07-01,1.4747672515768997,1.4804867770432906
2022-07-04,1.485643278483428,1.4847272306952322
2022-07-05,1.4757476613043112,1.453539704315382
2022-07-06,1.478511844505171,1.4563732303615005
2022-07-07,1.4836188580086824,1.4854602886162898
2022-07-08,1.4795354697090457,1.4908886197630455
2022-07-11,1.4737619898699206,1.4721772484001885
2022-07-12,1.468488609536446,1.4662738673102704
2022-07-13,1.4758171271055622,1.4585763246298473
2022-07-14,1.4593664370463206,1.4357943286454484
2022-07-15,1.4809131292431275,1.465249938174959
2022-07-18,1.4819673572903924,1.4776365251559387
2022-07-19,1.4979129825048139,1.5181966471111923
2022-07-20,1.487608016772702,1.520091021012823
2022-07-21,1.485479287210838,1.5290798259526046
2022-07-22,1.4862767098456815,1.5297867759881631
2022-07-25,1.4838184634457072,1.535459879266648
2022-07-26,1.479035785892419,1.5145944674110958
2022-07-27,1.4746264175244876,1.5363482970832292
2022-07-28,1.4844087789756832,1.5562529731149182
2022-07-29,1.501120284218898,1.5850393162810172
2022-08-01,1.5084015741148706,1.5859081116277034
2022-08-02,1.5015927937704197,1.5744678600884292
2022-08-03,1.4984776235412045,1.5869515043753295
2022-08-04,1.4916512703112332,1.587925821916542
2022-08-05,1.4915790043668,1.5852791698247801
2022-08-08,1.4989370290571602,1.5923360984230597
2022-08-09,1.5010502557780205,1.5818334256112663
2022-08-10,1.5204832862131732,1.6141073439925377
2022-08-11,1.5330719699335449,1.6278126173759593
2022-08-12,1.5285223858917543,1.6349148340813286
2022-08-15,1.533678215125565,1.6308051673483621
2022-08-16,1.5333817174027904,1.6302000961243375
2022-08-17,1.5267877127102087,1.6140233238852497
2022-08-18,1.5267056454642525,1.6217251268782453
2022-08-19,1.5144830262244233,1.5908943769069805
2022-08-22,1.5031097548872359,1.5572559055720134
2022-08-23,1.47930971724527,1.5482153739663178
2022-08-24,1.4905895808347702,1.555151585246263
2022-08-25,1.4930318353612024,1.5701009946831939
2022-08-26,1.468039123804396,1.5334641883376583
2022-08-29,1.4561856090954748,1.5199954176202983
2022-08-30,1.4441357666609453,1.512450363895641
2022-08-31,1.4374419079656062,1.499343421425085
2022-09-01,1.4259315900700142,1.4806371710811101
2022-09-02,1.4276450604153457,1.4923950126751715
2022-09-05,1.4189897997000382,1.4781075452184935
2022-09-06,1.4205922495964498,1.4811116023643087
2022-09-07,1.4200955112112201,1.4912784735163376
2022-09-08,1.4314811126543008,1.5104614503269131
2022-09-09,1.4547443758375505,1.5387752319543835
2022-09-12,1.4795091304357177,1.5694254075673746
2022-09-13,1.4557966961895612,1.527080778888441
2022-09-14,1.430084161428564,1.5036959492992954
2022-09-15,1.4241996767531644,1.494812095856416
2022-09-16,1.411353911050499,1.4727020952947931
2022-09-19,1.4065338127692502,1.4793728358952587
2022-09-20,1.381299479442553,1.4570041259209885
2022-09-21,1.3764165830769846,1.4447909660030704
2022-09-22,1.3578946245363965,1.4189944024856915
2022-09-23,1.3369891221003274,1.3793026811502331
2022-09-26,1.3154557973309013,1.3568762665846186
2022-09-27,1.3077448535470582,1.3523286765814926
2022-09-28,1.3167838350991057,1.3607331186021647
2022-09-29,1.3116026624890307,1.342540008895371
2022-09-30,1.3221059041600327,1.3527671923939288
2022-10-03,1.333172897425457,1.3808048705767098
2022-10-04,1.3563878401008673,1.4368681874126819
2022-10-05,1.3522239120548711,1.4236000814119503
2022-10-06,1.3401724483947102,1.4092915550438463
2022-10-07,1.3152099802844759,1.3766791960346847
2022-10-10,1.305693362071982,1.3624048933550341
2022-10-11,1.3169310420919886,1.3564926021532577
2022-10-12,1.3103408915535388,1.3439944254971452
2022-10-13,1.319607091094574,1.3715873948933257
2022-10-14,1.3173723948293643,1.3604666150081977
2022-10-17,1.334706558734226,1.3933483784091203
2022-10-18,1.3497053283468006,1.4162263337773586
2022-10-19,1.3332986625309609,1.3964792837217865
2022-10-20,1.331680011236067,1.396188015543318
2022-10-21,1.3208545447529334,1.3985768766634232
2022-10-24,1.3484563216090129,1.4282045466167288
2022-10-25,1.3643946316252813,1.4558916450466481
2022-10-26,1.3837451923228177,1.4789672848403437
2022-10-27,1.3819206945998175,1.4803365851922257
2022-10-28,1.4004722213864986,1.4875590594428059
2022-10-31,1.4006267458083284,1.4840715510919735
2022-11-01,1.4042468842457925,1.4959479851730773
2022-11-02,1.391607005940371,1.4722632809547669
2022-11-03,1.373331484351781,1.4474484631319884
2022-11-04,1.3887541592928312,1.4839203384667459
2022-11-07,1.3996095214475774,1.5064935222337328
2022-11-08,1.4057639787087293,1.518369300284281
2022-11-09,1.4166578975469115,1.5093977618554968
2022-11-10,1.4366754530024142,1.5647859512179532
2022-11-11,1.44295098276719,1.6077541431457611
2022-11-14,1.446629159967126,1.6029372038520833
2022-11-15,1.456478201300065,1.6170709955712608
2022-11-16,1.4553336483988235,1.5974085525231514
2022-11-17,1.4532863769669364,1.5807073050959826
2022-11-18,1.4680376902688779,1.5988237903532165
2022-11-21,1.474454533981358,1.5872817719669403
2022-11-22,1.4834467403902016,1.6046664998932154
2022-11-23,1.4900241608843352,1.616800878122969
2022-11-24,1.5000222286002602,1.6324182437992047
2022-11-25,1.5005992316165804,1.631598216818284
2022-11-28,1.495159232013235,1.6153072622994384
2022-11-29,1.4842749794683154,1.6091276861823454
2022-11-30,1.4947608607474048,1.6301724020685675
2022-12-01,1.5052791359593125,1.647274483046811
2022-12-02,1.5123450351377696,1.6564349058902095
2022-12-05,1.497125703818747,1.6422770151526942
2022-12-06,1.4851137589183463,1.6206367316869854
2022-12-07,1.4868594871369147,1.6136578907142276
2022-12-08,1.4909054186608222,1.617634799007019
2022-12-09,1.4985485516597719,1.6235900475694043
2022-12-12,1.5024046690315696,1.6294628125920823
2022-12-13,1.4980414079974422,1.6465963760890445
2022-12-14,1.510056424491866,1.6505281544362018
2022-12-15,1.4926947114380924,1.6123762087045401
2022-12-16,1.4807364542684238,1.5892572332369637
2022-12-19,1.4795513596032146,1.58339999897195
2022-12-20,1.4728055229952748,1.5812513442513463
2022-12-21,1.4945884434271968,1.6109811395015632
2022-12-22,1.4957985822954116,1.5951749615992328
2022-12-23,1.4934588863885667,1.6021237963917634
2022-12-26,1.4934588863885667,1.6021237963917634
2022-12-27,1.4929636959324388,1.6021784656215246
2022-12-28,1.4870891819698802,1.5929937717941784
2022-12-29,1.4978589632021917,1.6120862512696152
2022-12-30,1.4904930077504681,1.6001387027258205
2023-01-02,1.4893163065940531,1.6105983746629278
2023-01-03,1.4923646523609848,1.609029704805284
2023-01-04,1.5124233361736714,1.6359309436698668
2023-01-05,1.5084200659925706,1.629675822380885
2023-01-06,1.5128587851852553,1.6456928055981843
2023-01-09,1.5222443510992538,1.6749604184552498
2023-01-10,1.5250574724899613,1.678283581143107
2023-01-11,1.5284921154215128,1.6940990362472466
2023-01-12,1.528054756768318,1.7076113854214197
2023-01-13,1.5267330586653975,1.7158982317394322
2023-01-16,1.5295902714644773,1.7219986392855033
2023-01-17,1.5323117467838028,1.723431299960999
2023-01-18,1.515769989738074,1.71739449261396
2023-01-19,1.5082601402647664,1.6913975758014657
2023-01-20,1.517663379922702,1.7129576460865084
2023-01-23,1.5215732194262723,1.7329038607453804
2023-01-24,1.5145919040372315,1.7298703652814673
2023-01-25,1.5144461665157665,1.7288785907964097
2023-01-26,1.5118257329340075,1.7438762450438674
2023-01-27,1.50976257168814,1.746378207914707
2023-01-30,1.5128174959805525,1.7370780236470982
2023-01-31,1.510167266933295,1.7397310074994345
2023-02-01,1.5208470126367,1.758334667247856
2023-02-02,1.526760392135894,1.796180235472349
2023-02-03,1.5300115485973513,1.7847847096156813
2023-02-06,1.5181632460109133,1.753485403866639
2023-02-07,1.5122047137860433,1.7524014158205623
2023-02-08,1.5149398661610076,1.7526242704714294
2023-02-09,1.509215017393405,1.754332124920233
2023-02-10,1.5093769593964372,1.7370541254955194
2023-02-13,1.5173016932302221,1.752935670521318
2023-02-14,1.520040667072481,1.760641138618768
2023-02-15,1.5228483447289711,1.7641264487896473
2023-02-16,1.5088686966077547,1.7589673405952673
2023-02-17,1.5090536590642079,1.7475951014469318
2023-02-20,1.5136057451013414,1.7529848222231001
2023-02-21,1.509023928495026,1.731799601689192
2023-02-22,1.5040661239391047,1.7230940579227665
2023-02-23,1.4825377180786006,1.7267052005236323
2023-02-24,1.4747038804465937,1.7094893266673434
2023-02-27,1.4779968445734732,1.7196547613636408
2023-02-28,1.468238055303111,1.7233090609008224
2023-03-01,1.462522662660723,1.7220590429455989
2023-03-02,1.4698528378717304,1.7217280589981776
2023-03-03,1.4728207151295414,1.7434227670497617
2023-03-06,1.4767705836807852,1.7455243271186338
2023-03-07,1.4688055428730937,1.7265617485782205
2023-03-08,1.4582389590463087,1.7177641470115623
2023-03-09,1.449427072019889,1.6985873431102232
2023-03-10,1.4483862710086728,1.6711360949563219
2023-03-13,1.4587198124979717,1.6507679880382367
2023-03-14,1.4684401659086117,1.6809360609497808
2023-03-15,1.463239419426362,1.6252444502643497
2023-03-16,1.4653927184256206,1.6486682418335565
2023-03-17,1.4602082133965297,1.6254360397814211
2023-03-20,1.4807208863841432,1.6519722074212322
2023-03-21,1.4902138887263654,1.6821367409785553
2023-03-22,1.4813918860325768,1.6644342679110238
2023-03-23,1.4871894913159134,1.6688245121565837
2023-03-24,1.4808472624140423,1.6463894672773711
2023-03-27,1.492457935318527,1.6621949498539081
2023-03-28,1.492967813496522,1.667863406373203
2023-03-29,1.5017997092734305,1.6927752763452708
2023-03-30,1.5106349978551366,1.714806192550274
2023-03-31,1.522420073138481,1.7303694396460036
2023-04-03,1.532130350155952,1.7293055325222932
2023-04-04,1.5383220478549269,1.7250834444753615
2023-04-05,1.556959357000872,1.7179227363165803
2023-04-06,1.5666752788092069,1.7238901346467308
2023-04-07,1.5666752788092069,1.7238901346467308
2023-04-10,1.565110210549572,1.7289883202602776
2023-04-11,1.5670017093489492,1.7401282767548398
2023-04-12,1.566070538695349,1.7405336751842961
2023-04-13,1.5755105333820598,1.7592353436097221
2023-04-14,1.5765357276457905,1.7660580388703737
2023-04-17,1.5816519349558387,1.7661164899325559
2023-04-18,1.575168051217761,1.7714352780068703
2023-04-19,1.5710676490938948,1.7658079223025778
2023-04-20,1.5718594069932723,1.7591571233863834
2023-04-21,1.581112946540621,1.7630188852122994
2023-04-24,1.5867351676391288,1.768656407683456
2023-04-25,1.5896354516856457,1.7507574687035241
2023-04-26,1.575653217339827,1.7411681254720692
2023-04-27,1.5751935688319736,1.758464282610999
2023-04-28,1.5750667962516256,1.7682893506084412
2023-05-01,1.5794853975616545,1.7687061886566529
2023-05-02,1.5681738252918913,1.7464182051365724
2023-05-03,1.5707595992850063,1.751066877851509
2023-05-04,1.5649670316181006,1.740887817494595
2023-05-05,1.571851438128448,1.7634924866772468
2023-05-08,1.575407850429701,1.7682595967480488
2023-05-09,1.56907127430552,1.754861103439323
2023-05-10,1.5653148451197425,1.7533618664098116
2023-05-11,1.5660787187720981,1.749280240425901
2023-05-12,1.5622920993335332,1.748490941963462
2023-05-15,1.5568383223191642,1.755262383057672
2023-05-16,1.550568790581995,1.7411743852619141
2023-05-17,1.541336864311187,1.7435369948190236
2023-05-18,1.5439352072814807,1.751411461455803
2023-05-19,1.5463845780414067,1.7547888597244248
2023-05-22,1.5416611798182118,1.7599659736334583
2023-05-23,1.5314252068869,1.742165550662573
2023-05-24,1.5211357731977302,1.7161998122190976
2023-05-25,1.5018778373244461,1.709933051562024
2023-05-26,1.5057504524258951,1.7255467503041981
2023-05-29,1.5046594436548508,1.7212265031332274
2023-05-30,1.4975415313737184,1.718685494190315
2023-05-31,1.4912877433869727,1.696165714336314
2023-06-01,1.500753651358093,1.7133687309780152
2023-06-02,1.5197876898822589,1.7535799144082334
2023-06-05,1.5174021955730035,1.740264828102003
2023-06-06,1.5177404867132156,1.7492918664537545
2023-06-07,1.510955901565847,1.7571568084871199
2023-06-08,1.5136832677354675,1.7592391033907524
2023-06-09,1.5196759452608688,1.762085126351585
2023-06-12,1.5189588907341054,1.7702624469496249
2023-06-13,1.5211755183624347,1.7832136033071742
2023-06-14,1.527638623589066,1.7899534281518037
2023-06-15,1.5359402779808837,1.7962462297606743
2023-06-16,1.5535652815838412,1.8131268238346345
2023-06-19,1.5439266825437379,1.7977265134373785
2023-06-20,1.5365426002093248,1.7847673475603067
2023-06-21,1.5351650069883453,1.7769568461803689
2023-06-22,1.5353151976996895,1.7738354988857996
2023-06-23,1.529066094457747,1.7538565624515403
2023-06-26,1.5320664186794877,1.7603747227603936
2023-06-27,1.5326672112535695,1.7736379476770743
2023-06-28,1.5307655589584621,1.7792241297655942
2023-06-29,1.5357367363873926,1.7875451484536433
2023-06-30,1.5444038085543799,1.8006982100618063
2023-07-03,1.5471638544980435,1.8072803978182326
2023-07-04,1.5495865433932412,1.8100864223248756
2023-07-05,1.5466190166888323,1.7962852870598325
2023-07-06,1.5372865376595122,1.771118556088624
2023-07-07,1.5288124926406403,1.7765679548160613
2023-07-10,1.534896005558788,1.7907352059216315
2023-07-11,1.5445978364912023,1.8130032683137476
2023-07-12,1.5537442864542135,1.8360252233674432
2023-07-13,1.5683702210832602,1.8605757042527342
2023-07-14,1.5716129894653292,1.8573777377354046
2023-07-17,1.5662857655645295,1.8546036489189737
2023-07-18,1.5696796497188135,1.8697970143053109
2023-07-19,1.5784926357540792,1.8781717329005347
2023-07-20,1.591006388969768,1.8773103734513588
2023-07-21,1.5921225409985382,1.872670352975009
2023-07-24,1.5929865741288873,1.8739010599326411
2023-07-25,1.5908943148366534,1.8764086847344228
2023-07-26,1.589007100995625,1.8779228920882387
2023-07-27,1.5906356682501368,1.8861323440049542
2023-07-28,1.5794336209052717,1.878739317776738
2023-07-31,1.5698210315223025,1.8807396901105515
2023-08-01,1.5631607739521285,1.8655694007533445
2023-08-02,1.5625358641819937,1.847076843177296
2023-08-03,1.550233988826814,1.8347304476333963
2023-08-04,1.5443328345690315,1.8380739849052097
2023-08-07,1.5524271615491136,1.8487150286853637
2023-08-08,1.5465893131676534,1.8325447935477042
2023-08-09,1.5524263477062332,1.8377835509983769
2023-08-10,1.5588175924480765,1.8502943067013895
2023-08-11,1.5582760426753337,1.8374474442038862
2023-08-14,1.552606880813401,1.8321196806802877
2023-08-15,1.546781250936464,1.8131459799348209
2023-08-16,1.543737316740557,1.8047363938176395
2023-08-17,1.5375490432638808,1.7874198478200911
2023-08-18,1.5347364920957591,1.7784718185081099
2023-08-21,1.5307248378640759,1.780926893589912
2023-08-22,1.530705768746114,1.7823560803309082
2023-08-23,1.5337642789690662,1.7854878963676273
2023-08-24,1.5338381375242391,1.7782832874234002
2023-08-25,1.5384172099218112,1.7802441770457893
2023-08-28,1.5419060442070096,1.7943509209269848
2023-08-29,1.5491387530442848,1.8144359302249504
2023-08-30,1.5567796068792006,1.8244975737560498
2023-08-31,1.5512937094745265,1.8211109054799306
2023-09-01,1.5435861300768297,1.8214745060872763
2023-09-04,1.5391906448463937,1.8163182813692194
2023-09-05,1.5215382533383481,1.7969478984693925
2023-09-06,1.5189812499060198,1.7926308354112486
2023-09-07,1.5249188418392587,1.7817346659647333
2023-09-08,1.5295724246246365,1.7840135877542491
2023-09-11,1.5344557735115014,1.7927234422224705
2023-09-12,1.5303885794222214,1.7866581693646277
2023-09-13,1.529709825952312,1.7830083176396214
2023-09-14,1.5384561820090363,1.8045462414673836
2023-09-15,1.5297798663588373,1.7941642043862158
2023-09-18,1.5284321087785961,1.7812005203364227
2023-09-19,1.5319230904857677,1.7844204551399088
2023-09-20,1.5361873668825836,1.789804565935302
2023-09-21,1.5245995633324676,1.7583299738633968
2023-09-22,1.5179299545005753,1.7535894411010078
2023-09-25,1.5103289029662894,1.74666402311507
2023-09-26,1.4996019378993062,1.7264153842296344
2023-09-27,1.4835034532478328,1.717540818009529
2023-09-28,1.486443113455124,1.7273675180227914
2023-09-29,1.4887892416672446,1.7377379279234209
2023-10-02,1.475694814576346,1.711557606045859
2023-10-03,1.462119858669772,1.6831753430901255
2023-10-04,1.4652339247923667,1.6886689806509774
2023-10-05,1.4669568081548565,1.6921167714061176
2023-10-06,1.4684721818556643,1.7097077355020733
2023-10-09,1.4780250626129243,1.7090892921557308
2023-10-10,1.490289762245748,1.7400326542409172
2023-10-11,1.4915414715779003,1.7451759786116905
2023-10-12,1.4813149751666503,1.7352847304635268
2023-10-13,1.4770470433590555,1.711974349346749
2023-10-16,1.4833716811238657,1.7277405708913922
2023-10-17,1.4878402881149022,1.7327009538879727
2023-10-18,1.4836999929341084,1.708703538519584
2023-10-19,1.4757101032715414,1.6875335431674416
2023-10-20,1.4752743572673903,1.6682620160173562
2023-10-23,1.46961517241879,1.6630310838005145
2023-10-24,1.4837753769482913,1.6760808564146494
2023-10-25,1.482220643056243,1.6583665239373826
2023-10-26,1.477213562869984,1.652580439910024
2023-10-27,1.4603029704059234,1.6437051873543091
2023-10-30,1.476198682218016,1.659334577651032
2023-10-31,1.485837243142302,1.6757368922648457
2023-11-01,1.4877414849602428,1.6786701147671943
2023-11-02,1.4951074820594696,1.7222491120279828
2023-11-03,1.5005484280608306,1.7480318037864704
2023-11-06,1.5013713749267779,1.744231231375603
2023-11-07,1.4934668447162909,1.7359057016291028
2023-11-08,1.4903662589968538,1.7364316497642567
2023-11-09,1.4876879807328605,1.7432890848777822
2023-11-10,1.48901230620318,1.7421691315096166
2023-11-13,1.4909140920981283,1.7467526132861695
2023-11-14,1.504950760980733,1.7951287318402325
2023-11-15,1.5182311310161147,1.8185071384441074
2023-11-16,1.5086277208402483,1.805489513823438
2023-11-17,1.510701639956284,1.8224836417304253
2023-11-20,1.5138575970634425,1.8343207050954629
2023-11-21,1.5182344460513082,1.830129666044988
2023-11-22,1.5242374785021164,1.8357329332137116
2023-11-23,1.5255993690736467,1.8365080705824848
2023-11-24,1.5307708256923218,1.8435307139264163
2023-11-27,1.5297800038291836,1.8446839326373832
2023-11-28,1.5272199580027388,1.8413413967035102
2023-11-29,1.527817978656623,1.855164212668493
2023-11-30,1.5397640311086194,1.8582265541117744
2023-12-01,1.541677706709586,1.8762014867421657
2023-12-04,1.5433799842349691,1.8746195079274433
2023-12-05,1.5398028210039225,1.86900475999751
2023-12-06,1.5360616673889542,1.8730779782900033
2023-12-07,1.5364588391586735,1.8744318251328007
2023-12-08,1.5364173969175676,1.8854185481914125
2023-12-11,1.53787063476781,1.8922554156475226
2023-12-12,1.5449423280865342,1.894904342059683
2023-12-13,1.5537800851456127,1.9096486436087128
2023-12-14,1.554596236935789,1.9544982749227449
2023-12-15,1.5482109083898201,1.9503099825447752
2023-12-18,1.5539219946759113,1.9447643663310727
2023-12-19,1.5587605780267537,1.9612262635884854
2023-12-20,1.5443832203203394,1.9482886032967095
2023-12-21,1.5535722266639187,1.9590733616112093
2023-12-22,1.56446493056126,1.9684056610542844
2023-12-25,1.56446493056126,1.9684056610542844
2023-12-26,1.564240052736688,1.9737524342425765
2023-12-27,1.5683126901268434,1.9828481870780776
2023-12-28,1.5784889519752154,1.9875550372454867
2023-12-29,1.5794297709905565,1.9784016148950365
2024-01-01,1.5794297709905565,1.9784016148950365
2024-01-02,1.5863298434648596,1.9663770264894027
2024-01-03,1.5810745566363074,1.9372041702906706
2024-01-04,1.5917484209751798,1.948387082122537
2024-01-05,1.586917734030007,1.9431389126323506
2024-01-08,1.5955619743921778,1.963023373707335
2024-01-09,1.5939886511894912,1.9564822646543674
2024-01-10,1.594047952103286,1.95696331485257
2024-01-11,1.5915725782050971,1.951488750595453
2024-01-12,1.5998734764115954,1.9555091879668962
2024-01-15,1.6026325514303126,1.9502350480022255
2024-01-16,1.5988128813224822,1.9337691092813072
2024-01-17,1.5954286724621305,1.9130517403112082
2024-01-18,1.5927917549353716,1.923209462652538
2024-01-19,1.5925358750511338,1.92916230721861
2024-01-22,1.5995281068317144,1.9440675398001241
2024-01-23,1.6019370101869534,1.9410610895539497
2024-01-24,1.5967749060651664,1.9493562749026894
2024-01-25,1.5992182058533873,1.9579225040460235
2024-01-26,1.606433657607406,1.965938118113699
2024-01-29,1.6031424374902166,1.966165289548785
2024-01-30,1.6049429568143545,1.971031824516513
2024-01-31,1.6024360594205034,1.960295046010169
2024-02-01,1.604756223928984,1.9646041176674467
2024-02-02,1.6072071827470709,1.9721621064365524
2024-02-05,1.5885421933702732,1.94560029273423
2024-02-06,1.5943296356314827,1.9564704834616504
2024-02-07,1.5940537414521647,1.9617308983285917
2024-02-08,1.5863307557322754,1.9625787387217384
2024-02-09,1.578723501194014,1.964803529134991
2024-02-12,1.5884325077872672,1.9788177952484955
2024-02-13,1.5787165683932494,1.9548819989105484
2024-02-14,1.5764160998170071,1.9621785748398064
2024-02-15,1.5871790730289064,1.9828875308214424
2024-02-16,1.5912606524210196,1.9862967557411724
2024-02-19,1.594544089582254,1.9883521297215252
2024-02-20,1.602117184863128,1.9858233775517575
2024-02-21,1.6005373546146706,1.9900189467678708
2024-02-22,1.6077494729898816,2.013972465487498
2024-02-23,1.6151704767306923,2.018339305850882
2024-02-26,1.6099263555465044,2.0135433384917585
2024-02-27,1.6088329209108037,2.018390574284424
2024-02-28,1.6023525333212678,2.0103998512543053
2024-02-29,1.59995962646683,2.0185914888769494
2024-03-01,1.6033531842167492,2.032211292663588
2024-03-04,1.607281346442304,2.0364993773326985
2024-03-05,1.6109555536948568,2.0302451191376782
2024-03-06,1.6137648075399522,2.0446073702960406
2024-03-07,1.6171164416489756,2.0612141071693544
2024-03-08,1.6222272867471461,2.065351620141868
2024-03-11,1.6264181616448357,2.0615494114630075
2024-03-12,1.627886612438907,2.0745423342189646
2024-03-13,1.6278745346214152,2.079405919579595
2024-03-14,1.6165678908912307,2.0670310062614035
2024-03-15,1.6197342646810118,2.0609678234666857
2024-03-18,1.619009302947323,2.061099203061202
2024-03-19,1.6220775179161442,2.0655037028317205
2024-03-20,1.6216748816115647,2.0747734964864866
2024-03-21,1.6249965779199262,2.101771695616982
2024-03-22,1.6220317020345638,2.0891301962293607
2024-03-25,1.6246113752180436,2.0888188980941025
2024-03-26,1.6265743553745888,2.0941277374159797
2024-03-27,1.6406696110936083,2.1075816475494116
2024-03-28,1.6483272837701473,2.1145408308315043
2024-03-29,1.6483272837701473,2.1145408308315043
2024-04-01,1.645821362395096,2.109748709316642
2024-04-02,1.6341571689771972,2.0864386210728982
2024-04-03,1.6241965528233708,2.095085849213589
2024-04-04,1.6225252734308353,2.096718683636698
2024-04-05,1.6201216440050095,2.093186121354091
2024-04-08,1.6167820525316423,2.1017703892863557
2024-04-09,1.6159559414507796,2.1035986961543522
2024-04-10,1.6136263656469474,2.088157371308282
2024-04-11,1.5989676785453908,2.068034170295782
2024-04-12,1.5911594340151733,2.0446455068604132
2024-04-15,1.5884204916676714,2.037593739125417
2024-04-16,1.5786106846520933,2.01345460478822
2024-04-17,1.5816057420090848,2.013055417065175
2024-04-18,1.590637759687959,2.022354140435688
2024-04-19,1.6027395162185327,2.020696106353633
2024-04-22,1.609627392274016,2.0336600062356736
2024-04-23,1.6191047286111984,2.058401093849864
2024-04-24,1.6135994058363745,2.0567011718684594
2024-04-25,1.6073340065592443,2.0507424588124374
2024-04-26,1.605000823596876,2.0635171626936066
2024-04-29,1.6138679606533097,2.078362521312416
2024-04-30,1.6039480357343618,2.058112901132615
2024-05-01,1.6053906852699937,2.054085536441588
2024-05-02,1.600141888839938,2.0602313936948593
2024-05-03,1.6100083108279177,2.0795485023626257
2024-05-06,1.61416035813747,2.0986057252978196
2024-05-07,1.621724037458297,2.110476057680445
2024-05-08,1.6206541926632732,2.1115008788074845
2024-05-09,1.6255869272068033,2.123400657178693
2024-05-10,1.6351495601969823,2.13894259352336
2024-05-13,1.6374726430138782,2.1409715114505734
2024-05-14,1.632008374628736,2.1515783793056094
2024-05-15,1.6382007778253311,2.17250923844519
2024-05-16,1.6488727428436727,2.1755451760666618
2024-05-17,1.6506032086016822,2.1728968020891624
2024-05-20,1.6487349910721059,2.1789915876409003
2024-05-21,1.6466939777457266,2.176521323104724
2024-05-22,1.6427478544235932,2.1665975179106916
2024-05-23,1.634546277514634,2.15476377113857
2024-05-24,1.63158080363152,2.1590051724108283
2024-05-27,1.6339069472280723,2.164831296449564
2024-05-28,1.6216626201627182,2.1577876305281265
2024-05-29,1.6123433241312717,2.1296069097237647
2024-05-30,1.617535391082589,2.1383789027478297
2024-05-31,1.6391828610112986,2.1564651581048424
2024-06-03,1.6458092190947378,2.156629979110332
2024-06-04,1.6558287082942629,2.1478139261481797
2024-06-05,1.6573725101303733,2.1604704213565076
2024-06-06,1.661937828409212,2.1618189854333063
2024-06-07,1.6552003981639678,2.15682211716348
2024-06-10,1.6451664367645313,2.1401971238831257
2024-06-11,1.6396044965849146,2.1227224705004066
2024-06-12,1.6331002953984215,2.146520338743597
2024-06-13,1.6322831302231287,2.1292027681589376
2024-06-14,1.6274245344103235,2.098207487702027
2024-06-17,1.6346861487043343,2.1083470217213236
2024-06-18,1.6416711294769994,2.1217637228771977
2024-06-19,1.6468282210127303,2.1240930315853666
2024-06-20,1.6499694702117975,2.1338372513502066
2024-06-21,1.6498563784108742,2.1235162940177412
2024-06-24,1.6623535448094133,2.1423244485043877
2024-06-25,1.6488042304936048,2.1271059284338016
2024-06-26,1.6418913790952572,2.1132660334703974
2024-06-27,1.6375190612265065,2.112229763794177
2024-06-28,1.633404354204385,2.109605621819229
2024-07-01,1.6352813931356756,2.1132779411838425
2024-07-02,1.6316142663424744,2.110001760825341
2024-07-03,1.6341359872013477,2.127244484512446
2024-07-04,1.6424221958454757,2.1403305044750933
2024-07-05,1.648441558337434,2.142274563378651
2024-07-08,1.648062901734918,2.145034765607061
2024-07-09,1.6473815921534898,2.131265059083655
2024-07-10,1.6614991587848051,2.152156136430248
2024-07-11,1.6637059429015268,2.1765465601660283
2024-07-12,1.6718258253948746,2.196480787554622
2024-07-15,1.6705453208599912,2.188609205662859
2024-07-16,1.678170738550425,2.203322522861587
2024-07-17,1.6983746906337682,2.19952929620182
2024-07-18,1.6989658286501508,2.1944363538323413
2024-07-19,1.688923041204799,2.1730128563144295
2024-07-22,1.693407194754606,2.1917947732048475
2024-07-23,1.6842436121385689,2.183349616502897
2024-07-24,1.6951189138645861,2.164846449254851
2024-07-25,1.7020532425800046,2.1577886112051905
2024-07-26,1.7103744555155196,2.1842630816579005
2024-07-29,1.70505814379752,2.1800490590949604
2024-07-30,1.709166467473468,2.1916341637016443
2024-07-31,1.709536705423751,2.203298577467473
2024-08-01,1.7197587626712936,2.1736328335691333
2024-08-02,1.7213951065915423,2.129962876247384
2024-08-05,1.7040473026475593,2.0912796786439443
2024-08-06,1.6984897311263556,2.096863975034043
2024-08-07,1.7099895837560544,2.111970220499366
2024-08-08,1.7175384593599656,2.1283193920484744
2024-08-09,1.7179549331588888,2.1347554477174766
2024-08-12,1.717981475730678,2.134277662184516
2024-08-13,1.7222638637750993,2.152458356925671
2024-08-14,1.7335438168319965,2.1716424275118844
2024-08-15,1.7354969219251781,2.1947586289950127
2024-08-16,1.7391449919347364,2.2001932762616
2024-08-19,1.7480335328301133,2.220870571922027
2024-08-20,1.7500202140323653,2.2158704259935775
2024-08-21,1.7611162940565905,2.2307755134218907
2024-08-22,1.7623481718592708,2.233792843165001
2024-08-23,1.7689725543151347,2.254995319635245
2024-08-26,1.7771782001260936,2.2597722217123732
2024-08-27,1.7794164950673368,2.261418257233035
2024-08-28,1.7847341906572294,2.2567536343055115
2024-08-29,1.7824463915202164,2.2635827018256647
2024-08-30,1.7887446231148711,2.2761818217420813
2024-09-02,1.7898141952089015,2.272029441977488
2024-09-03,1.790554813871034,2.242418316895825
2024-09-04,1.7911642889919088,2.235946915728735
2024-09-05,1.790704936315335,2.234496519674454
2024-09-06,1.7826989810938343,2.2115877343689774
2024-09-09,1.7871190643871222,2.2242728411251225
2024-09-10,1.7874771828948943,2.2198929412025046
2024-09-11,1.779413950382042,2.220141994783965
2024-09-12,1.7794188797232036,2.2324742194005895
2024-09-13,1.7979034370188978,2.2619720822179223
2024-09-16,1.8105520999854183,2.274379833457507
2024-09-17,1.7983941860678407,2.284849472099606
2024-09-18,1.794238969801765,2.2769870970721664
2024-09-19,1.7891017304168018,2.3092786537961407
2024-09-20,1.7877648666139896,2.2907515295504366
2024-09-23,1.7931690908598035,2.295598374333471
2024-09-24,1.7926679413594617,2.3041923788423384
2024-09-25,1.7940840501897632,2.305004702740126
2024-09-26,1.7936495885081163,2.325179745533359
2024-09-27,1.7979435248366133,2.3371021574969095
2024-09-30,1.799585467535124,2.3303908669025097
2024-10-01,1.7986525283846349,2.307428614338419
2024-10-02,1.788114804343154,2.3023329843861005
2024-10-03,1.7741474445218626,2.2810799747051003
2024-10-04,1.77908985838701,2.2977023132205003
2024-10-07,1.7671239193393253,2.281279367992948
2024-10-08,1.774172555972267,2.27894174014321
2024-10-09,1.781197807295854,2.292213368538166
2024-10-10,1.77516368239949,2.280589688616706
2024-10-11,1.7835337674231828,2.299274471832295
2024-10-14,1.7888625189651095,2.307896324333199
2024-10-15,1.7977148843103,2.301850857053855
2024-10-16,1.8007085391387432,2.3109117910623582
2024-10-17,1.8021411321569416,2.311630050364582
2024-10-18,1.8035985211164518,2.3164827875756813
2024-10-21,1.7928119917964531,2.2980710255732824
2024-10-22,1.7838166288915285,2.2873922337949972
2024-10-23,1.779199871735908,2.274595015894741
2024-10-24,1.7795809491766275,2.2779960692000363
2024-10-25,1.7738673133590708,2.2753361495787097
2024-10-28,1.776464373137701,2.286978742336664
2024-10-29,1.7672247844752473,2.271764193463837
2024-10-30,1.7556095991526894,2.262646047827525
2024-10-31,1.748332036045667,2.2437970797263094
2024-11-01,1.7579850262711272,2.2544164068007806
2024-11-04,1.754314322405465,2.255935835003268
2024-11-05,1.7609269294805017,2.2712533892136872
2024-11-06,1.7448856496700593,2.2700967933150724
2024-11-07,1.76073438175656,2.2948545791303046
2024-11-08,1.7675187428599335,2.296721001201005
2024-11-11,1.768688531967017,2.3021855995168914
2024-11-12,1.7536270142931507,2.2702596072010794
2024-11-13,1.7499156223095997,2.26420546057667
2024-11-14,1.7371566640607305,2.258508073377982
2024-11-15,1.7303683212892913,2.250801526576199
2024-11-18,1.7406851787450908,2.2534320079777905
2024-11-19,1.7468026397595795,2.2493287585189585
2024-11-20,1.7516746750925039,2.248696288285251
2024-11-21,1.7639620022447522,2.2627530803019544
2024-11-22,1.772737729618704,2.272710842509489
2024-11-25,1.780102476095008,2.29612174933905
2024-11-26,1.7852225827939057,2.2888654075479153
2024-11-27,1.790129371263288,2.28940586999247
2024-11-28,1.7917080760962434,2.295908303341208
2024-11-29,1.7950565085616688,2.3057091507027994
2024-12-02,1.7856485758264902,2.301088131526153
2024-12-03,1.784803024985353,2.3013395082030814
2024-12-04,1.7777776076356644,2.3085375841761713
2024-12-05,1.784298927087384,2.3160810398540246
2024-12-06,1.7813719033050448,2.322375547514863
2024-12-09,1.7662037969729003,2.312821867263582
2024-12-10,1.7626858313168405,2.2994789640301327
2024-12-11,1.7537653732511285,2.302917117466202
2024-12-12,1.7453425028926401,2.2952946423656613
2024-12-13,1.7422186857348494,2.288346162462188
2024-12-16,1.7353313357849118,2.2787687357322124
2024-12-17,1.7309112242622158,2.2616608839944576
2024-12-18,1.7154376075598023,2.230260278807758
2024-12-19,1.70581956852308,2.2018483504031496
2024-12-20,1.706775760872471,2.2136595974706985
2024-12-23,1.7082996663892782,2.215769736300809
2024-12-24,1.716957531422749,2.227865448614029
2024-12-25,1.716957531422749,2.227865448614029
2024-12-26,1.718677163296821,2.228930539876717
2024-12-27,1.7212495742932863,2.2302926541676893
2024-12-30,1.7091049158960512,2.2173208019179755
2024-12-31,1.7095109480108868,2.216789969162129
2025-01-01,1.7095109480108868,2.2167899691620856
2025-01-02,1.707909215371241,2.2154971217767065
2025-01-03,1.7134922970910669,2.2182235893966653
2025-01-06,1.7149689579120042,2.240770093201036
2025-01-07,1.7150645678583645,2.23448547540298
2025-01-08,1.7084168068286056,2.2147732476410615
2025-01-09,1.712932395720903,2.2188314375247153
2025-01-10,1.7019381921927046,2.1920027236171604
2025-01-13,1.7044079871986635,2.181543499895807
2025-01-14,1.7094810648143905,2.196507143306896
2025-01-15,1.7188922937651148,2.2328439554560617
2025-01-16,1.7298426708562171,2.244990785797798
2025-01-17,1.7344179463307638,2.264941993590826
2025-01-20,1.7350289965240906,2.2697458114070375
2025-01-21,1.7472398340890565,2.292624947671817
2025-01-22,1.745096754561002,2.301431224478017
2025-01-23,1.7513827666475454,2.3064065590621645
2025-01-24,1.7524702623601052,2.312274024470558
2025-01-27,1.785379601454714,2.3156119601402585
2025-01-28,1.7697462837777067,2.3064962470201156
2025-01-29,1.768447668550948,2.304869104828746
2025-01-30,1.7795314120172954,2.329908625990949
2025-01-31,1.7708051548737602,2.321866398497787
2025-02-03,1.7681659440947408,2.2884144161460473
2025-02-04,1.7697079374210947,2.2998928992154863
2025-02-05,1.7859242484068358,2.3231832389751883
2025-02-06,1.7736477980159857,2.328029225123347
2025-02-07,1.7790929765382166,2.3201274165323897
2025-02-10,1.7826448011804337,2.3255643924712373
2025-02-11,1.7891563973244113,2.326476161746934
2025-02-12,1.7878971605988616,2.3287741784551406
2025-02-13,1.7908590334608725,2.354652939508471
2025-02-14,1.7794732483186861,2.3651556926725257
2025-02-17,1.7824443715046145,2.3718087635226826
2025-02-18,1.784983239277836,2.3796404876770154
2025-02-19,1.7894326708888646,2.365014763168218
2025-02-20,1.787367564795018,2.362260444448288
2025-02-21,1.7971708008217717,2.3532296404155875
2025-02-24,1.8088388961489839,2.354308186435184
2025-02-25,1.8247404449900104,2.359437086198828
2025-02-26,1.7979182275365506,2.3710326216362496
2025-02-27,1.8038309780831716,2.3526022729866085
2025-02-28,1.8165740080047146,2.354404671467852
2025-03-03,1.8327508523810527,2.362678044822188
2025-03-04,1.8262658381910546,2.3289622033123507
2025-03-05,1.831438983237616,2.379186379478098
2025-03-06,1.8331188309559752,2.3873368607840395
2025-03-07,1.8558670857469606,2.3961980708277224
2025-03-10,1.865204313521647,2.365465925005729
2025-03-11,1.8457889983999172,2.3418293809032016
2025-03-12,1.8282589524565962,2.346335470526796
2025-03-13,1.8301623884148304,2.323840349215181
2025-03-14,1.8321474345501245,2.368497223592608
2025-03-17,1.8505028652713196,2.394779230201772
2025-03-18,1.8497294607262678,2.400921239755242
2025-03-19,1.849812125831773,2.4068841156021685
2025-03-20,1.8487745205073585,2.3882947233419727
2025-03-21,1.8478970628988525,2.3748277080838314
2025-03-24,1.8422058405322081,2.3903518521648803
2025-03-25,1.840628547469076,2.3973842836236896
2025-03-26,1.847118019175577,2.3832097833645727
2025-03-27,1.8523161960021484,2.3750091936602846
2025-03-28,1.856022150891062,2.3516134510149254
2025-03-31,1.867491265860865,2.338616544114209
2025-04-01,1.8596731814379426,2.348551819242737
2025-04-02,1.8667133443256154,2.358693684541181
2025-04-03,1.901101570079975,2.3074287963382
2025-04-04,1.8313018384009225,2.1775341810723603
2025-04-07,1.7860236359218042,2.1105215330034817
2025-04-08,1.7970216800006504,2.123082187488314
2025-04-09,1.826467275567222,2.1731642803515743
2025-04-10,1.8390787537121784,2.1878393770410183
2025-04-11,1.8864374869732783,2.2335418379269263
2025-04-14,1.9071699232733896,2.281822049749515
2025-04-15,1.9151760201851669,2.2989857782871668
2025-04-16,1.9127721130860214,2.2856000210729133
2025-04-17,1.9248810829605412,2.2930461758479
2025-04-18,1.9248810829605412,2.2930461758479
2025-04-21,1.9134707419482557,2.2722206310172797
2025-04-22,1.9376615629924507,2.3185063576362426
2025-04-23,1.9233704514410934,2.341682575262468
2025-04-24,1.9267469297320274,2.363299400226306
2025-04-25,1.9214293027691147,2.367473167184135
2025-04-28,1.9300712136596971,2.376046266064016
2025-04-29,1.9461832167710367,2.39160109779555
2025-04-30,1.9637409642456447,2.4018162294755854
2025-05-01,1.9571990875949954,2.4041399867667272
2025-05-02,1.9712882366201363,2.4394418281879995
2025-05-05,1.9762662102646447,2.4397721123624097
2025-05-06,1.9735301632009878,2.4311977147077846
2025-05-07,1.9774279890576578,2.4367571875451435
2025-05-08,1.9555286120469073,2.447592773301599
2025-05-09,1.9470443238581123,2.447594554353801
2025-05-12,1.9240779516570958,2.4782742726321216
2025-05-13,1.9108088022309835,2.490470387578049
2025-05-14,1.9107661138241598,2.4962380123538996
2025-05-15,1.9412595778704973,2.5072354669739587
2025-05-16,1.9623740395031477,2.523382541175715
2025-05-19,1.9793744005228235,2.5367425977463656
2025-05-20,1.9941362816550765,2.542853201169344
2025-05-21,1.999339158155215,2.5270815954930606
2025-05-22,1.993490249843395,2.5127410955569993
2025-05-23,1.9966243529518022,2.4991879761482254
2025-05-26,2.006451809758449,2.524121939251882
2025-05-27,2.0088802594142874,2.5472511222905676
2025-05-28,1.990304621335415,2.5267122069364727
2025-05-29,1.9905732559740112,2.5272488053415576
2025-05-30,2.0040813105907826,2.5329089106610714
2025-06-02,2.01696323935528,2.543886582870028
2025-06-03,2.0060750042593245,2.5467609117151535
2025-06-04,2.0031591033012695,2.553724332500918
2025-06-05,2.0121801780609783,2.5598201185002973
2025-06-06,2.0123895288154023,2.568816102997062
2025-06-09,2.007852044618904,2.5699562268341896
2025-06-10,2.008817746380845,2.5795209790995055
2025-06-11,2.0044580693223444,2.574251168046954
2025-06-12,2.0262808415616576,2.590100734862464
2025-06-13,2.0182426047784783,2.552069927443871
2025-06-16,2.0174725632174764,2.5807369143045604
2025-06-17,2.010527294963482,2.5588949442081006
2025-06-18,2.0087164146640317,2.5495234243757667
2025-06-19,2.001936223501185,2.5335902096553755
2025-06-20,2.007931393136026,2.542836088825342
2025-06-23,2.015368192276656,2.5412216353922443
2025-06-24,2.0263962572712573,2.5871246542599646
2025-06-25,2.011448370629305,2.5724798627147867
2025-06-26,2.021742647606237,2.6014820066620015
2025-06-27,2.0357537634460665,2.6242982266740236
2025-06-30,2.043958217594469,2.6285899963124133
2025-07-01,2.0694989772157792,2.651335960947807
2025-07-02,2.065044502067451,2.6509163304229917
2025-07-03,2.07128350927745,2.6670377070367484
2025-07-04,2.0739291113760645,2.6593704222424788
2025-07-07,2.0707679200519995,2.64796557669972
2025-07-08,2.0611913539998175,2.6539988422937215
2025-07-09,2.0658168070984937,2.6642828224445836
2025-07-10,2.0711038408918916,2.680753474598003
2025-07-11,2.0632386400731404,2.658199810441966
2025-07-14,2.074260295522929,2.658556066514355
2025-07-15,2.0553938571702104,2.6343815244708466
2025-07-16,2.0600978392567697,2.624049709097205
2025-07-17,2.0663524376986615,2.643632895273958
2025-07-18,2.072858213973682,2.658448190022678
2025-07-21,2.073030535889789,2.6598221920468488
2025-07-22,2.0916980159587153,2.673258976532382
2025-07-23,2.10719146942035,2.7170638502556357
2025-07-24,2.107467943491178,2.725917413295294
2025-07-25,2.1138555056316264,2.724427449474378
2025-07-28,2.0872607818474775,2.702402662794382
2025-07-29,2.082290236423883,2.690038061299928
2025-07-30,2.0817054088591287,2.681156901769715
2025-07-31,2.055641563475701,2.6524020504882615
2025-08-01,2.05876396201563,2.611359840197396
2025-08-04,2.08866995547421,2.655249158702308
2025-08-05,2.0845107772992524,2.6529971278144133
2025-08-06,2.089363000652765,2.658941635257042
2025-08-07,2.09152136394645,2.676651625776279
2025-08-08,2.0956338022290706,2.684732939384434
2025-08-11,2.093339951752676,2.6732614845774108
2025-08-12,2.09402740325163,2.6932326383397713
2025-08-13,2.1129410275397897,2.724579384960154
2025-08-14,2.109179695683327,2.7179538027655856
2025-08-15,2.1086447838447695,2.715494078551702
2025-08-18,2.107271441731652,2.7128630362377812
2025-08-19,2.119100008770823,2.730233388620518
2025-08-20,2.131209637563041,2.726873218325556
2025-08-21,2.1359869688101907,2.721870770613881
2025-08-22,2.1376150788087496,2.752968738205886
2025-08-25,2.132485614234403,2.747997012859522
2025-08-26,2.119925382283478,2.7332055268758184
2025-08-27,2.1165111800273975,2.725217499022167
2025-08-28,2.1138567813447557,2.733947694243327
2025-08-29,2.121188274184498,2.7199409101721934
2025-09-01,2.125222709910832,2.7284713860201775
2025-09-02,2.1180323430043364,2.6868527779971885
2025-09-03,2.134023648184616,2.6945320099110757
2025-09-04,2.139281884377582,2.7128066016417134
2025-09-05,2.13918480418795,2.724594136148483
2025-09-08,2.1436392255940198,2.7383926722997076
2025-09-09,2.1444164840024684,2.73638076322113
2025-09-10,2.1355410260774774,2.7298199301673414
2025-09-11,2.1500974931342043,2.751919519340074
2025-09-12,2.1454596994302415,2.74644252182234
2025-09-15,2.1436457369073847,2.758837639667363
2025-09-16,2.1394955053645996,2.745126853054795
2025-09-17,2.1432031048968128,2.7496708739021627
2025-09-18,2.1299488009753875,2.7623993697714266
2025-09-19,2.1213802378020894,2.7442682735701607
2025-09-22,2.121397724195264,2.74830254430583
2025-09-23,2.1311364562032704,2.7599733886977367
2025-09-24,2.128607585813681,2.749044719146547
2025-09-25,2.114114895169536,2.72475767876075
2025-09-26,2.1244553761875364,2.7370763127445876
2025-09-29,2.1312218222578507,2.754409627691204
2025-09-30,2.1460870583167533,2.7651168523530307
2025-10-01,2.1463129785737958,2.7779005923577875
2025-10-02,2.1501252613519353,2.7914458009238907
2025-10-03,2.150624974491659,2.8021935003754392
2025-10-06,2.15665475660104,2.794111811033915
2025-10-07,2.16119002702188,2.7842229495292394
2025-10-08,2.166022009507756,2.791478900939929
2025-10-09,2.159440011067891,2.7780481232694303
2025-10-10,2.1448644061645807,2.7260876260605884
2025-10-13,2.14395187407256,2.7475546361767145
2025-10-14,2.144029055885524,2.749710943511492
2025-10-15,2.1609785080231476,2.7670389218042004
2025-10-16,2.158327127320292,2.7686340650473364
2025-10-17,2.1729595972586684,2.765103436400287
2025-10-20,2.179144166786783,2.7869955526066135
2025-10-21,2.17231897360001,2.7930852009707343
2025-10-22,2.173521366018083,2.78797952532642
2025-10-23,2.1830796153928396,2.8039726582090734
2025-10-24,2.1818311947867226,2.816308135012301
2025-10-27,2.1893755532826207,2.8266062712251334
2025-10-28,2.171224200070017,2.8102657845674437
2025-10-29,2.1541474678223747,2.794220290998338
2025-10-30,2.1390721810604236,2.773872300756731
2025-10-31,2.137581651590755,2.7690128337771616
2025-11-03,2.1309491198665493,2.760324388297215
2025-11-04,2.1283126221770052,2.7395539250265197
2025-11-05,2.1343558459440954,2.7496102060285925
2025-11-06,2.1417227265412313,2.737738683507823
2025-11-07,2.159337487703599,2.7437256417923517
2025-11-10,2.1688434832220724,2.7712132580315925
2025-11-11,2.1867877049747966,2.794211257787174
2025-11-12,2.190121996922635,2.8077135790138534
2025-11-13,2.191777260430404,2.7922029641785997
2025-11-14,2.185143584305101,2.775738306330449
2025-11-17,2.1806353762806907,2.743825223991748
2025-11-18,2.178740727469327,2.7157964508604846
2025-11-19,2.1636374584769675,2.7149720228822827
2025-11-20,2.1599265236050895,2.6946225505246786
2025-11-21,2.1704144467043514,2.7161193858376738
2025-11-24,2.176283072941041,2.733727023853
2025-11-25,2.1979554985897973,2.7651026026131396
2025-11-26,2.2150101278587244,2.791025982574559
2025-11-27,2.2172633327096727,2.8005750181425992
2025-11-28,2.2226532243706587,2.808523865947192
2025-12-01,2.2150568003871163,2.8059693997156803
2025-12-02,2.2017096899796744,2.7969070121253368
2025-12-03,2.205815449017689,2.814325928633016
2025-12-04,2.204244729828529,2.825321198223039
2025-12-05,2.194743725490272,2.8268608884783264
2025-12-08,2.1884184572471232,2.816100589913964
2025-12-09,2.1820106534964387,2.811643496050806
2025-12-10,2.1856498787677086,2.826512525450796
2025-12-11,2.206187081806461,2.858218580234392
2025-12-12,2.214848446356771,2.8469267661752213
2025-12-15,2.224543590701472,2.86091660288547
2025-12-16,2.219039632201131,2.8512669458221716
2025-12-17,2.2222709380969223,2.839904769559604
2025-12-18,2.2255978582770175,2.857417600950739
2025-12-19,2.230233569272178,2.865718037619842
2025-12-22,2.243075331426761,2.8834804362336266
2025-12-23,2.2502994688731004,2.887642751600568
2025-12-24,2.255966479806381,2.893163543577236
2025-12-25,2.255966479806381,2.893163543577236
2025-12-26,2.256327418579517,2.893345081744863
2025-12-29,2.257881224507551,2.892099405734145
2025-12-30,2.2603476192844747,2.8995360865617354
2025-12-31,2.25004530277841,2.884753440659268
