risk,return_tier2_off,return_tier2_on,cost_of_excluding_tier2
0.0925850032164098,0.09971825254396524,0.0985040971092723,-0.0012141554346929428
0.1021323522447956,0.13655452452902334,0.1365672002774956,1.2675748472273929e-05
0.11167970127318137,0.14898405496977005,0.1489795573509927,-4.497618777354884e-06
0.12122705030156716,0.15596076140680593,0.15595275471463077,-8.006692175155372e-06
0.13077439932995294,0.16070349205873125,0.16068660841380747,-1.6883644923776364e-05
0.14032174835833872,0.16401323717054253,0.16399456985317803,-1.8667317364495783e-05
0.14986909738672452,0.1664291845761399,0.16641363314194793,-1.55514341919627e-05
0.1594164464151103,0.16834148716645453,0.16832774058367148,-1.3746582783052963e-05
0.1689637954434961,0.17025378975676916,0.170241848025395,-1.1941731374170983e-05
0.17851114447188188,0.1714712481548391,0.17146336164850198,-7.886506337123622e-06
0.18805849350026765,0.1724393234284905,0.1724330142234208,-6.309205069693347e-06
0.19760584252865343,0.1734073987021419,0.17340266679833963,-4.731903802263071e-06
0.20715319155703923,0.1743754739757933,0.17437231937325845,-3.154602534860551e-06
0.216700540585425,0.1753435492494447,0.17534197194817727,-1.5773012674302755e-06
0.2262478896138108,0.1763116245230961,0.1763116245230961,0.0
