year,1N_all_monthly,1N_model_monthly,1N_esg70_monthly,1N_all_daily,1N_model_buyhold
2015,7.073357485983212,7.085893878610894,4.962504667030099,7.571030783743549,7.1510257227726415
2016,12.22143774311486,12.230006751571665,11.04406223325698,12.78665752626389,10.126833216563025
2017,32.429552948927864,32.236352291790915,31.151539260809002,32.62006771855099,32.25113765799597
2018,-6.928133900844524,-7.079540507660321,-9.90360045247336,-6.605891239203599,-5.478170593820309
2019,33.5367946608347,33.43440336385359,32.34190993801589,33.742406277479105,35.37411528134711
2020,18.35855600518763,17.832871214165145,14.515592433970227,20.985819367019708,23.38456017897419
2021,24.501206347040693,24.588497429170687,22.114939875812965,25.104312103195102,27.02945626491191
2022,-13.457028327108123,-13.107130020132018,-12.362786004004178,-12.336320992683458,-19.52344307022993
2023,24.28174054928356,23.625190645864723,21.18785744487759,24.497363598071974,26.377660099659252
2024,12.43562332772903,11.943974452761319,9.446776473325858,12.893736389510678,19.854527379521937
2025,29.8589736869757,29.616786702491527,31.562587957353404,30.717321222553593,25.158047219932556
