window,series,from,to,ret_%,maxDD_%,vol_%
2015 China devaluation,1N_all_monthly,2015-08-10,2015-09-29,-9.992480660450775,-9.992480660450775,20.21983149076753
2015 China devaluation,1N_model_monthly,2015-08-10,2015-09-29,-9.998756133391263,-9.998756133391263,20.21743009423562
2015 China devaluation,1N_esg70_monthly,2015-08-10,2015-09-29,-11.104130731156081,-11.104716894359079,21.343435788129284
2015 China devaluation,1N_all_daily,2015-08-10,2015-09-29,-9.91236562436355,-9.91236562436355,20.331241673633734
2015 China devaluation,1N_model_buyhold,2015-08-10,2015-09-29,-9.949481338840426,-9.949481338840426,20.798281475360113
2016 Brexit vote,1N_all_monthly,2016-06-23,2016-07-15,-1.59576681207243,-10.706025036988454,38.83474046600307
2016 Brexit vote,1N_model_monthly,2016-06-23,2016-07-15,-1.5725380844549997,-10.696458668321506,38.80196747730007
2016 Brexit vote,1N_esg70_monthly,2016-06-23,2016-07-15,-1.9589802345753693,-11.607665500033992,42.241284027895134
2016 Brexit vote,1N_all_daily,2016-06-23,2016-07-15,-1.6026523116917435,-10.860331854216865,39.330701562639554
2016 Brexit vote,1N_model_buyhold,2016-06-23,2016-07-15,-1.3630910576047262,-10.35857787658655,37.32733666462991
2018 Q4 selloff,1N_all_monthly,2018-09-20,2018-12-24,-17.700440179012812,-17.764207954725286,15.236565603675523
2018 Q4 selloff,1N_model_monthly,2018-09-20,2018-12-24,-17.6435178210405,-17.712071325646082,15.183803158929928
2018 Q4 selloff,1N_esg70_monthly,2018-09-20,2018-12-24,-17.558287448329104,-17.71292781920144,15.209652817054508
2018 Q4 selloff,1N_all_daily,2018-09-20,2018-12-24,-17.631742596910005,-17.69540843435855,15.390255428181929
2018 Q4 selloff,1N_model_buyhold,2018-09-20,2018-12-24,-18.65419338223703,-18.68236364853395,16.627893817945566
2020 COVID crash,1N_all_monthly,2020-02-19,2020-03-23,-38.025703442878445,-38.025703442878445,59.35432266086625
2020 COVID crash,1N_model_monthly,2020-02-19,2020-03-23,-38.05160747259666,-38.05160747259666,59.31518245035493
2020 COVID crash,1N_esg70_monthly,2020-02-19,2020-03-23,-37.92082294951362,-37.92082294951362,58.103923526660836
2020 COVID crash,1N_all_daily,2020-02-19,2020-03-23,-37.940673304656116,-37.940673304656116,60.87175649305766
2020 COVID crash,1N_model_buyhold,2020-02-19,2020-03-23,-36.63935755544202,-36.63935755544202,61.133526769754575
2020 crash + recovery,1N_all_monthly,2020-02-19,2020-08-31,-1.8465717911394397,-38.025703442878445,39.50269754892136
2020 crash + recovery,1N_model_monthly,2020-02-19,2020-08-31,-2.0914474301398145,-38.05160747259666,39.5124855178216
2020 crash + recovery,1N_esg70_monthly,2020-02-19,2020-08-31,-4.418211242311032,-37.92082294951362,39.25233800226628
2020 crash + recovery,1N_all_daily,2020-02-19,2020-08-31,0.19635709878105256,-37.940673304656116,40.26917045302867
2020 crash + recovery,1N_model_buyhold,2020-02-19,2020-08-31,4.005105949667942,-36.63935755544202,38.23292833882033
2022 inflation shock,1N_all_monthly,2022-01-03,2022-10-12,-27.076998264623043,-27.511946665531806,21.92254449027379
2022 inflation shock,1N_model_monthly,2022-01-03,2022-10-12,-26.93929425026642,-27.40631852867972,21.861676465971875
2022 inflation shock,1N_esg70_monthly,2022-01-03,2022-10-12,-27.584406127054883,-28.435128111137153,22.221130751121922
2022 inflation shock,1N_all_daily,2022-01-03,2022-10-12,-26.369948597775583,-26.85578748749833,22.153290888770403
2022 inflation shock,1N_model_buyhold,2022-01-03,2022-10-12,-30.47862354070944,-30.47862354070944,23.059102117201203
